InstrumentURN	InstrumentName	QuestionURN	QuestionLabel	QuestionItemName	QuestionText	Instruction	response_label	response_domain	QuestionGroupID	QuestionGroupAgency	QuestionGroupName	QuestionGroupLabel
urn:ddi:uk.cls.nextsteps:83ab13bb-90e6-40fe-8741-16cf36400450:4	Next_Steps_Age_30_COVID-19_Survey_-_Wave_1	urn:ddi:uk.cls.nextsteps:9d0cfb4e-82e2-47f9-bda0-7f725791294b:1	OPEN	qi_OPEN	Please use the space below to express in your own words the main ways the Coronavirus outbreak has affected your life and/or your loved ones so far, and what you think the effects might be in the future. You can write as much or little as you like, and cover any topic you choose.			Long text	9b6a88e1-2cd2-47a2-a71d-69c8a10949ad	uk.closer	116.0	COVID-19
urn:ddi:uk.cls.nextsteps:3032d053-47dd-471e-883e-346f09928d3f:1	Next_Steps_Age_30_COVID-19_Survey_-_Wave_2	urn:ddi:uk.cls.nextsteps:0362c9a6-8459-4889-b5a1-6aee05404bac:1	CMPOST	qi_CMPOST	Please enter the postcode of the address at which you are currently living, even if this is a temporary address. Use capitalised letters and leave a space between the two parts of the postcode. For example WC1H 0AL.			Generic text	32eac90e-9fe1-487d-8ebb-511b62083f16	uk.closer	11601.0	Demographics (CV19)
urn:ddi:uk.cls.nextsteps:83ab13bb-90e6-40fe-8741-16cf36400450:4	Next_Steps_Age_30_COVID-19_Survey_-_Wave_1	urn:ddi:uk.cls.nextsteps:2e5df117-1d97-4377-b332-cb52952e4d11:1	CMPOST	qi_CMPOST	Please enter the postcode of the address at which you are currently living, even if this is a temporary address. 	Use capitalised letters and leave a space between the two parts of the postcode. For example WC1H 0AL.		Generic text	e089a496-9830-4a40-aab0-2ee8a2de624b	uk.closer	11601.0	Demographics (CV19)
urn:ddi:uk.cls.nextsteps:82b7a6c9-47ea-4ee5-98fb-4cd5958c4076:1	Next_Steps_Age_30_COVID-19_Survey_-_Wave_3	urn:ddi:uk.cls.nextsteps:2f24c4a2-9f93-483d-93f8-b0190fb545bf:1	CHILAGEY	qi_CHILAGEY	How old is {CHILNAME}?	If {CHILNAME} is less than 1 year old please enter '0'		Age	24a776bd-2e6c-4dfa-ab59-356f78017cac	uk.closer	11601.0	Demographics (CV19)
urn:ddi:uk.cls.nextsteps:3032d053-47dd-471e-883e-346f09928d3f:1	Next_Steps_Age_30_COVID-19_Survey_-_Wave_2	urn:ddi:uk.cls.nextsteps:3e245473-4c09-46bc-a5b2-26d598ad094e:1	COUNTRES	qi_COUNTRES	Which country do you live in?		cs_qCOUNTRES	1|England. 2|Wales. 3|Scotland. 4|Northern Ireland. 5|Other (specify). -8|Don't Know. -9|Don't want to answer	32eac90e-9fe1-487d-8ebb-511b62083f16	uk.closer	11601.0	Demographics (CV19)
urn:ddi:uk.cls.nextsteps:82b7a6c9-47ea-4ee5-98fb-4cd5958c4076:1	Next_Steps_Age_30_COVID-19_Survey_-_Wave_3	urn:ddi:uk.cls.nextsteps:6188c247-717c-43c8-920a-8d1701eb6277:1	LOOP CHILD(SEX)	qi_LOOP_CHILD_SEX	Please record the sex of the children you live with below.		cs_qLOOP_CHILD_SEX	1|Male. 2|Female. 3|Prefer not to say. -8|Don't Know	24a776bd-2e6c-4dfa-ab59-356f78017cac	uk.closer	11601.0	Demographics (CV19)
urn:ddi:uk.cls.nextsteps:82b7a6c9-47ea-4ee5-98fb-4cd5958c4076:1	Next_Steps_Age_30_COVID-19_Survey_-_Wave_3	urn:ddi:uk.cls.nextsteps:6b82dd37-bf77-4f26-8f3c-8594b12bf8bd:1	COUNTRES	qi_COUNTRES	Which country do you live in?		cs_qCOUNTRES	1|England. 2|Wales. 3|Scotland. 4|Northern Ireland. 5|Other (specify). -8|Don't Know. -9|Don't want to answer	24a776bd-2e6c-4dfa-ab59-356f78017cac	uk.closer	11601.0	Demographics (CV19)
urn:ddi:uk.cls.nextsteps:82b7a6c9-47ea-4ee5-98fb-4cd5958c4076:1	Next_Steps_Age_30_COVID-19_Survey_-_Wave_3	urn:ddi:uk.cls.nextsteps:79717ddd-9f16-431b-8808-b8fd9324b342:1	CHILAGE	qi_CHILAGE	What is {CHILNAME}'s date of birth?	Please click below and record the date in the calendar. You must click exactly on the words “PLEASE CLICK HERE”		Date of birth	24a776bd-2e6c-4dfa-ab59-356f78017cac	uk.closer	11601.0	Demographics (CV19)
urn:ddi:uk.cls.nextsteps:3032d053-47dd-471e-883e-346f09928d3f:1	Next_Steps_Age_30_COVID-19_Survey_-_Wave_2	urn:ddi:uk.cls.nextsteps:84f73a01-73c1-44fe-a14e-7d08bcb4aeeb:1	CHILAGE	qi_CHILAGE	What is {CHILNAME}'s date of birth?	Please click below and record the date in the calendar.		Date of birth	32eac90e-9fe1-487d-8ebb-511b62083f16	uk.closer	11601.0	Demographics (CV19)
urn:ddi:uk.cls.nextsteps:3032d053-47dd-471e-883e-346f09928d3f:1	Next_Steps_Age_30_COVID-19_Survey_-_Wave_2	urn:ddi:uk.cls.nextsteps:96910f46-2828-4c04-877f-0632efd76a8c:1	MOVE	qi_MOVE	Have you moved to a new address since the beginning of June?		cs_qCOVID_HOSPAD	1|Yes. 2|No. -8|Don't Know. -9|Don't want to answer	32eac90e-9fe1-487d-8ebb-511b62083f16	uk.closer	11601.0	Demographics (CV19)
urn:ddi:uk.cls.nextsteps:3032d053-47dd-471e-883e-346f09928d3f:1	Next_Steps_Age_30_COVID-19_Survey_-_Wave_2	urn:ddi:uk.cls.nextsteps:acace621-ebf4-4ac6-98d7-fe2d528f5ac7:1	CHILAGEY	qi_CHILAGEY	How old is {CHILNAME}?	If {CHILNAME} is less than 1 year old please enter '0'		Age	32eac90e-9fe1-487d-8ebb-511b62083f16	uk.closer	11601.0	Demographics (CV19)
urn:ddi:uk.cls.nextsteps:3032d053-47dd-471e-883e-346f09928d3f:1	Next_Steps_Age_30_COVID-19_Survey_-_Wave_2	urn:ddi:uk.cls.nextsteps:b58271d5-512d-463c-a0db-a912add10523:1	CHSEX N	qi_CHSEX_N	Please record the sex of the children you live with below.		cs_qCHSEX_N	1|Male. 2|Female. 3|Prefer not to say. -8|Don't Know	32eac90e-9fe1-487d-8ebb-511b62083f16	uk.closer	11601.0	Demographics (CV19)
urn:ddi:uk.cls.nextsteps:3032d053-47dd-471e-883e-346f09928d3f:1	Next_Steps_Age_30_COVID-19_Survey_-_Wave_2	urn:ddi:uk.cls.nextsteps:b90073e3-21a1-455c-8f1c-f1bf42a0a273:1	CHILNAME N	qi_CHILNAME_N	Please enter the names of the children you live with below. If you prefer, you can just give their first initial(s). We only need this information to help ask questions later in the survey.			Generic text	32eac90e-9fe1-487d-8ebb-511b62083f16	uk.closer	11601.0	Demographics (CV19)
urn:ddi:uk.cls.nextsteps:83ab13bb-90e6-40fe-8741-16cf36400450:4	Next_Steps_Age_30_COVID-19_Survey_-_Wave_1	urn:ddi:uk.cls.nextsteps:ba0fb4e9-8d68-49cf-9332-bdf147c0d6ed:1	CHILAGE	qi_CHILAGE	Please give the age of each child you live with ... Years old			Age	e089a496-9830-4a40-aab0-2ee8a2de624b	uk.closer	11601.0	Demographics (CV19)
urn:ddi:uk.cls.nextsteps:3032d053-47dd-471e-883e-346f09928d3f:1	Next_Steps_Age_30_COVID-19_Survey_-_Wave_2	urn:ddi:uk.cls.nextsteps:0d1f1251-0da8-46a3-b43c-28295b2f946c:1	NUMROOMS	qi_NUMROOMS	How many rooms are there in the home where you are currently living, not counting kitchens, bathrooms, toilets, halls and garages?			How many I	92caa0cb-2cd8-4b36-8c65-ac7e4aea9f86	uk.closer	11602.0	Housing and local environment (CV19)
urn:ddi:uk.cls.nextsteps:83ab13bb-90e6-40fe-8741-16cf36400450:4	Next_Steps_Age_30_COVID-19_Survey_-_Wave_1	urn:ddi:uk.cls.nextsteps:0ea0c010-3efd-4f9f-8396-cd45c7e4daf0:2	OUTDOORS	qi_OUTDOORS	 Do you have a garden, a patio or yard, a roof terrace or large balcony? 	Please select all that apply	cs_OUTDOORS	1|A garden. 2|A patio or yard. 3|A roof terrace or large balcony. 4|None of the above	8ee998e7-e11e-4844-ad8b-9335163348d2	uk.closer	11602.0	Housing and local environment (CV19)
urn:ddi:uk.cls.nextsteps:83ab13bb-90e6-40fe-8741-16cf36400450:4	Next_Steps_Age_30_COVID-19_Survey_-_Wave_1	urn:ddi:uk.cls.nextsteps:2f82b4e2-d96c-4811-a58c-b24453d58247:1	NUMROOMS	qi_NUMROOMS	How many rooms are there in the home where you are currently living, not counting kitchens, bathrooms, toilets, halls and garages?	Please do not include conservatories unless they are used as a living room all year round.		How many	8ee998e7-e11e-4844-ad8b-9335163348d2	uk.closer	11602.0	Housing and local environment (CV19)
urn:ddi:uk.cls.nextsteps:3032d053-47dd-471e-883e-346f09928d3f:1	Next_Steps_Age_30_COVID-19_Survey_-_Wave_2	urn:ddi:uk.cls.nextsteps:3a03d544-8002-473e-b39d-a3dbca04827b:1	OUTDOORS	qi_OUTDOORS	Do you have a garden, a patio or yard, a roof terrace or large balcony?	Please select all that apply.	cs_qOUTDOORS	1|A garden. 2|A patio or yard. 3|A roof terrace or large balcony. 4|None of the above. -8|Don't Know. -9|Don't want to answer	92caa0cb-2cd8-4b36-8c65-ac7e4aea9f86	uk.closer	11602.0	Housing and local environment (CV19)
urn:ddi:uk.cls.nextsteps:3032d053-47dd-471e-883e-346f09928d3f:1	Next_Steps_Age_30_COVID-19_Survey_-_Wave_2	urn:ddi:uk.cls.nextsteps:55836fa6-827b-4040-aa0c-98435cfbddad:1	TENCHANGE	qi_TENCHANGE	Has your tenure changed since the start of the Coronavirus outbreak in March?		cs_qCOVID_HOSPAD	1|Yes. 2|No. -8|Don't Know. -9|Don't want to answer	92caa0cb-2cd8-4b36-8c65-ac7e4aea9f86	uk.closer	11602.0	Housing and local environment (CV19)
urn:ddi:uk.cls.nextsteps:3032d053-47dd-471e-883e-346f09928d3f:1	Next_Steps_Age_30_COVID-19_Survey_-_Wave_2	urn:ddi:uk.cls.nextsteps:639d9fec-0ebc-4c7c-b1e5-becb23a86a3b:1	TENURE	qi_TENURE	Do you (or your household) own or rent your home or have some other arrangement?		cs_qTENURE	1|Own - outright. 2|Own - buying with help of a mortgage / loan. 3|Pay part rent and part mortgage (shared / equity ownership). 4|Rent it. 5|Live here rent-free, including rent-free in relative's / friend's / employer's property; exclude squatting. 6|Squatting. 7|Other arrangement. -8|Don't Know. -9|Don't want to answer	92caa0cb-2cd8-4b36-8c65-ac7e4aea9f86	uk.closer	11602.0	Housing and local environment (CV19)
urn:ddi:uk.cls.nextsteps:3032d053-47dd-471e-883e-346f09928d3f:1	Next_Steps_Age_30_COVID-19_Survey_-_Wave_2	urn:ddi:uk.cls.nextsteps:979eb600-38bb-4edf-a22a-7a34d0b576cd:1	TENUREBC	qi_TENUREBC	At the start of the Coronavirus outbreak in March, did you (or your household) own or rent your home or have some other arrangement?		cs_qTENURE	1|Own - outright. 2|Own - buying with help of a mortgage / loan. 3|Pay part rent and part mortgage (shared / equity ownership). 4|Rent it. 5|Live here rent-free, including rent-free in relative's / friend's / employer's property; exclude squatting. 6|Squatting. 7|Other arrangement. -8|Don't Know. -9|Don't want to answer	92caa0cb-2cd8-4b36-8c65-ac7e4aea9f86	uk.closer	11602.0	Housing and local environment (CV19)
urn:ddi:uk.cls.nextsteps:3032d053-47dd-471e-883e-346f09928d3f:1	Next_Steps_Age_30_COVID-19_Survey_-_Wave_2	urn:ddi:uk.cls.nextsteps:d48b8123-719e-41f2-ac96-dca390a7197a:1	NUMROOMSSC	qi_NUMROOMSSC	You have said the number of rooms in your home is more than 20. If this is correct, press 'Continue'. Otherwise, please go back and amend your answer.		cs_qCON	1|Continue	92caa0cb-2cd8-4b36-8c65-ac7e4aea9f86	uk.closer	11602.0	Housing and local environment (CV19)
urn:ddi:uk.cls.nextsteps:3032d053-47dd-471e-883e-346f09928d3f:1	Next_Steps_Age_30_COVID-19_Survey_-_Wave_2	urn:ddi:uk.cls.nextsteps:00065ed0-23d8-4785-a5b1-1ea108f87fad:1	WGHTSTPCHK	qi_WGHTSTPCHK	You have said that you weigh {ANSWER AT WGHTSTP_} stones. If this weight is correct, please select 'Continue'. Otherwise please go back and amend your answer.		cs_qCON	1|Continue	35169946-ac6d-4f75-8d2c-f95c21e72f81	uk.closer	11603.0	Physical health (CV19)
urn:ddi:uk.cls.nextsteps:82b7a6c9-47ea-4ee5-98fb-4cd5958c4076:1	Next_Steps_Age_30_COVID-19_Survey_-_Wave_3	urn:ddi:uk.cls.nextsteps:065bdb03-a8f6-496d-ad45-0441fec53a59:1	COVID19POS	qi_COVID19POS	When do you think you got (or might have got) Coronavirus?	If you think you have had Coronavirus on more than one occasion please select the month in which you most recently think you got it.	cs_qCOVID19POS	1|February 2020 or earlier. 2|March 2020. 3|April 2020. 4|May 2020. 5|June 2020. 6|July 2020. 7|August 2020. 8|September 2020. 9|October 2020. 10|November 2020. 11|December 2020. 12|January 2021. 13|February 2021 {IF MONTH OF INTERVIEW = FEB OR MARCH 2021}. 14|March 2021 {IF MONTH OF INTERVIEW=MARCH 2021}. -8|Don't Know. -9|Don't want to answer	b35c6c46-0f2e-4990-ac39-dd7fe6fd951c	uk.closer	11603.0	Physical health (CV19)
urn:ddi:uk.cls.nextsteps:82b7a6c9-47ea-4ee5-98fb-4cd5958c4076:1	Next_Steps_Age_30_COVID-19_Survey_-_Wave_3	urn:ddi:uk.cls.nextsteps:0c50dc8c-f3df-4ac7-8cd7-6ecd1e7d8481:1	GHQPRECOVID	qi_GHQPRECOVID	In general, in the 3 months before the Coronavirus outbreak in March 2020, would you say your health was...		cs_qGHQ	1|Excellent. 2|Very good. 3|Good. 4|Fair. 5|Poor. -8|Don't Know. -9|Don't want to answer	b35c6c46-0f2e-4990-ac39-dd7fe6fd951c	uk.closer	11603.0	Physical health (CV19)
urn:ddi:uk.cls.nextsteps:83ab13bb-90e6-40fe-8741-16cf36400450:4	Next_Steps_Age_30_COVID-19_Survey_-_Wave_1	urn:ddi:uk.cls.nextsteps:0e4813fb-c42c-4a4e-b786-8bb302328881:2	WEIGHT	qi_WEIGHT	The next question is about your weight. Would you prefer to report your weight in kilograms or stones and pounds?		cs_WEIGHT	1|Kilograms. 2|Stones and Pounds. 3|I do not wish to report my weight	60ceda51-eddf-4813-8426-5d82e705ed35	uk.closer	11603.0	Physical health (CV19)
urn:ddi:uk.cls.nextsteps:82b7a6c9-47ea-4ee5-98fb-4cd5958c4076:1	Next_Steps_Age_30_COVID-19_Survey_-_Wave_3	urn:ddi:uk.cls.nextsteps:1414f736-256c-4934-a41b-9edbca5f1e95:1	COVIDPASRESULT	qi_COVIDPASRESULT	Did your finger stick or blood test or serology test or antibody test for past infection show that you have had Coronavirus?	If you had more than one of these tests and any of them showed you have had Coronavirus please select 'Yes'.  	cs_qCOVIDPASRESULT	1|Yes – the test was positive. 2|No – the test was negative and showed I had not had Coronavirus. 3|Test was inconclusive. 4|I am waiting for results. -8|Don't Know. -9|Don't want to answer	b35c6c46-0f2e-4990-ac39-dd7fe6fd951c	uk.closer	11603.0	Physical health (CV19)
urn:ddi:uk.cls.nextsteps:3032d053-47dd-471e-883e-346f09928d3f:1	Next_Steps_Age_30_COVID-19_Survey_-_Wave_2	urn:ddi:uk.cls.nextsteps:173d6532-eb7e-4557-94fb-3a9be6d94330:1	COVID HOSPAD	qi_COVID_HOSPAD	Have you been in hospital because of Coronavirus symptoms?		cs_qCOVID_HOSPAD	1|Yes. 2|No. -8|Don't Know. -9|Don't want to answer	35169946-ac6d-4f75-8d2c-f95c21e72f81	uk.closer	11603.0	Physical health (CV19)
urn:ddi:uk.cls.nextsteps:82b7a6c9-47ea-4ee5-98fb-4cd5958c4076:1	Next_Steps_Age_30_COVID-19_Survey_-_Wave_3	urn:ddi:uk.cls.nextsteps:18073c36-c64e-4446-9028-362c40303d04:1	GHQ123	qi_GHQ123	Have you recently felt that you are playing a useful part in things?		cs_qGHQ123	1|More so than usual. 2|Same as usual. 3|Less so than usual. 4|Much less capable. -8|Don't Know. -9|Don't want to answer	b35c6c46-0f2e-4990-ac39-dd7fe6fd951c	uk.closer	11603.0	Physical health (CV19)
urn:ddi:uk.cls.nextsteps:82b7a6c9-47ea-4ee5-98fb-4cd5958c4076:1	Next_Steps_Age_30_COVID-19_Survey_-_Wave_3	urn:ddi:uk.cls.nextsteps:1ee2866e-b3dd-4512-a6f1-ea670a1d726a:1	FATGRID i	qi_FATGRID_i	In the last month... Have you made slips of the tongue when speaking?		cs_qFATGRID	1|Less than usual. 2|No more than usual. 3|More than usual. 4|Much more than usual. -8|Don't know. -9|Don't want to answer	b35c6c46-0f2e-4990-ac39-dd7fe6fd951c	uk.closer	11603.0	Physical health (CV19)
urn:ddi:uk.cls.nextsteps:3032d053-47dd-471e-883e-346f09928d3f:1	Next_Steps_Age_30_COVID-19_Survey_-_Wave_2	urn:ddi:uk.cls.nextsteps:21fa904b-e70e-49ee-a9e7-87b4a32bbfc2:1	WGHTSTP 2	qi_WGHTSTP_2	Please enter your weight in stones and pounds. Please enter pounds.			Pounds in stone	35169946-ac6d-4f75-8d2c-f95c21e72f81	uk.closer	11603.0	Physical health (CV19)
urn:ddi:uk.cls.nextsteps:82b7a6c9-47ea-4ee5-98fb-4cd5958c4076:1	Next_Steps_Age_30_COVID-19_Survey_-_Wave_3	urn:ddi:uk.cls.nextsteps:26d1cbed-831c-4456-8427-93bbed45f546:1	COVBED	qi_COVBED	How many days were you so unwell that you stayed in bed or on the sofa due to Coronavirus?		cs_qCOVBED	1|None. 2|1-3 days. 3|4-6 days. 4|1 week or more, less than 2 weeks. 5|2 weeks or more, less than 4 weeks. 6|4 weeks or more, less than 12 weeks. 7|12 weeks or more. -8|Don't know. -9|Don't want to answer	b35c6c46-0f2e-4990-ac39-dd7fe6fd951c	uk.closer	11603.0	Physical health (CV19)
urn:ddi:uk.cls.nextsteps:82b7a6c9-47ea-4ee5-98fb-4cd5958c4076:1	Next_Steps_Age_30_COVID-19_Survey_-_Wave_3	urn:ddi:uk.cls.nextsteps:2a2e1ab6-17d8-4bd1-a602-445dfbbb732b:1	GHQ124	qi_GHQ124	Have you recently felt capable of making decisions about things?		cs_qGHQ123	1|More so than usual. 2|Same as usual. 3|Less so than usual. 4|Much less capable. -8|Don't Know. -9|Don't want to answer	b35c6c46-0f2e-4990-ac39-dd7fe6fd951c	uk.closer	11603.0	Physical health (CV19)
urn:ddi:uk.cls.nextsteps:82b7a6c9-47ea-4ee5-98fb-4cd5958c4076:1	Next_Steps_Age_30_COVID-19_Survey_-_Wave_3	urn:ddi:uk.cls.nextsteps:33463ed0-d635-4f83-a8a8-4686de4734cc:1	COVFUNC	qi_COVFUNC	For how long were you unable to function as normal due to Coronavirus symptoms?		cs_qCOVFUNC	1|I was always able to function as normal. 2|1-3 days. 3|4-6 days. 4|1 week or more, less than 2 weeks. 5|2 weeks or more, less than 4 weeks. 6|4 weeks or more, less than 12 weeks. 7|12 weeks or more. -8|Don't know. -9|Don't want to answer	b35c6c46-0f2e-4990-ac39-dd7fe6fd951c	uk.closer	11603.0	Physical health (CV19)
urn:ddi:uk.cls.nextsteps:83ab13bb-90e6-40fe-8741-16cf36400450:4	Next_Steps_Age_30_COVID-19_Survey_-_Wave_1	urn:ddi:uk.cls.nextsteps:39178b28-117f-4d6d-a156-ba916a9bb3eb:2	COVID19	qi_COVID19	Do you think that you have or have had Coronavirus?		cs_COVID19	1|Yes, confirmed by a positive test. 2|Yes, based on strong personal suspicion or medical advice. 3|Unsure. 4|No	60ceda51-eddf-4813-8426-5d82e705ed35	uk.closer	11603.0	Physical health (CV19)
urn:ddi:uk.cls.nextsteps:3032d053-47dd-471e-883e-346f09928d3f:1	Next_Steps_Age_30_COVID-19_Survey_-_Wave_2	urn:ddi:uk.cls.nextsteps:39a3ef8b-5758-41eb-94a4-a60722eeb00f:1	LLI	qi_LLI	Do you currently have any of the following?	Please select all that apply.	cs_qLLI	1|Cancer. 2|Cystic fibrosis. 3|Asthma. 4|Chronic Obstructive Pulmonary Disease. 5|Wheezy bronchitis. 6|Diabetes. 7|Recurrent backache, prolapsed disc, sciatica or other back problem. 8|Problems with hearing. 9|High blood pressure. 10|Heart disease, congenital or acquired. 11|None of these. -8|Don't Know. -9|Don't want to answer	35169946-ac6d-4f75-8d2c-f95c21e72f81	uk.closer	11603.0	Physical health (CV19)
urn:ddi:uk.cls.nextsteps:82b7a6c9-47ea-4ee5-98fb-4cd5958c4076:1	Next_Steps_Age_30_COVID-19_Survey_-_Wave_3	urn:ddi:uk.cls.nextsteps:3aecf830-a929-42ea-9b61-a2de3d905adf:1	COVNEWILL	qi_COVNEWILL	Have you been told by a doctor that you may have a new condition, illness, or disability as a result of Coronavirus?		cs_qCOVNEWILL	1|Yes. 2|No. -8|Don't know. -9|Don't want to answer	b35c6c46-0f2e-4990-ac39-dd7fe6fd951c	uk.closer	11603.0	Physical health (CV19)
urn:ddi:uk.cls.nextsteps:3032d053-47dd-471e-883e-346f09928d3f:1	Next_Steps_Age_30_COVID-19_Survey_-_Wave_2	urn:ddi:uk.cls.nextsteps:452052fe-bfc4-425b-86a6-4fd3ca5868ca:1	WGHTSTP 1	qi_WGHTSTP_1	Please enter your weight in stones and pounds. First, in the box below, enter stones. Then on the next screen, enter pounds.			Stones	35169946-ac6d-4f75-8d2c-f95c21e72f81	uk.closer	11603.0	Physical health (CV19)
urn:ddi:uk.cls.nextsteps:83ab13bb-90e6-40fe-8741-16cf36400450:4	Next_Steps_Age_30_COVID-19_Survey_-_Wave_1	urn:ddi:uk.cls.nextsteps:4d7fa9f3-16e9-4010-96c3-de58c4c9e898:2	LLI	qi_LLI	Do you have any of the following?	Please select all that apply.	cs_LLI	1|Cancer. 2|Cystic fibrosis. 3|Asthma. 4|Chronic Obstructive Pulmonary Disease. 5|Wheezy bronchitis. 6|Diabetes. 7|Recurrent backache, prolapsed disc, sciatica or other back problem. 8|Problems with hearing. 9|High blood pressure. 10|Heart disease, congenital or acquired. 11|Depression or other emotional, nervous or psychiatric problems. 12|Obesity. 13|Chronic obstructive airways disease. 14|Infection. 15|HIV / Immunodeficiency. 16|Condition affecting the brain and nerves (e.g. Parkinson's, Multiple Sclerosis). 17|None	60ceda51-eddf-4813-8426-5d82e705ed35	uk.closer	11603.0	Physical health (CV19)
urn:ddi:uk.cls.nextsteps:3032d053-47dd-471e-883e-346f09928d3f:1	Next_Steps_Age_30_COVID-19_Survey_-_Wave_2	urn:ddi:uk.cls.nextsteps:534d20ff-3e03-490c-ad79-9d4a92fa29fa:1	GHQ	qi_GHQ	In general, would you say your health is...		cs_qGHQ	1|Excellent. 2|Very good. 3|Good. 4|Fair. 5|Poor. -8|Don't Know. -9|Don't want to answer	35169946-ac6d-4f75-8d2c-f95c21e72f81	uk.closer	11603.0	Physical health (CV19)
urn:ddi:uk.cls.nextsteps:83ab13bb-90e6-40fe-8741-16cf36400450:4	Next_Steps_Age_30_COVID-19_Survey_-_Wave_1	urn:ddi:uk.cls.nextsteps:55fe8590-1a40-4f3c-9ece-0375572e1bc6:2	COVIDRESULT	qi_COVIDRESULT	What was the result of your coronavirus test? If you had more than one test please report the findings of the latest test.		cs_COVIDRESULT	1|Positive - it showed I had coronavirus. 2|Negative - it showed I did not have coronavirus. 3|Inconclusive. 4|Waiting for results	60ceda51-eddf-4813-8426-5d82e705ed35	uk.closer	11603.0	Physical health (CV19)
urn:ddi:uk.cls.nextsteps:3032d053-47dd-471e-883e-346f09928d3f:1	Next_Steps_Age_30_COVID-19_Survey_-_Wave_2	urn:ddi:uk.cls.nextsteps:578f11bc-1b43-4ab8-b4cc-8408e73e310b:1	COVIDPASWHEN	qi_COVIDPASWHEN	When did you have this test?		cs_qCOVID19POS	1|February or earlier. 2|March. 3|April. 4|May. 5|June. 6|July. 7|August. 8|September. 9|October. -8|Don't Know. -9|Don't want to answer	35169946-ac6d-4f75-8d2c-f95c21e72f81	uk.closer	11603.0	Physical health (CV19)
urn:ddi:uk.cls.nextsteps:3032d053-47dd-471e-883e-346f09928d3f:1	Next_Steps_Age_30_COVID-19_Survey_-_Wave_2	urn:ddi:uk.cls.nextsteps:588b283a-d72f-4d81-946a-d8996bddcf4f:1	WEIGHT	qi_WEIGHT	The next question is about your weight. Would you prefer to report your weight in kilograms or stones and pounds?		cs_qWEIGHT	1|Kilograms. 2|Stones and Pounds. 3|I do not wish to report my weight	35169946-ac6d-4f75-8d2c-f95c21e72f81	uk.closer	11603.0	Physical health (CV19)
urn:ddi:uk.cls.nextsteps:83ab13bb-90e6-40fe-8741-16cf36400450:4	Next_Steps_Age_30_COVID-19_Survey_-_Wave_1	urn:ddi:uk.cls.nextsteps:5ac1a135-8ee8-4626-85ee-47eca775d1e6:1	WGHTKG	qi_WGHTKG	What is your weight in kilograms?			Kilograms	60ceda51-eddf-4813-8426-5d82e705ed35	uk.closer	11603.0	Physical health (CV19)
urn:ddi:uk.cls.nextsteps:3032d053-47dd-471e-883e-346f09928d3f:1	Next_Steps_Age_30_COVID-19_Survey_-_Wave_2	urn:ddi:uk.cls.nextsteps:5f41b84e-6908-4c8e-a549-fd816c15b523:1	COVID19POS	qi_COVID19POS	When do you think you got (or might have got) Coronavirus?	If you have thought you have had Coronavirus on more than one occasion please select the month in which you most recently think you got it.	cs_qCOVID19POS	1|February or earlier. 2|March. 3|April. 4|May. 5|June. 6|July. 7|August. 8|September. 9|October. -8|Don't Know. -9|Don't want to answer	35169946-ac6d-4f75-8d2c-f95c21e72f81	uk.closer	11603.0	Physical health (CV19)
urn:ddi:uk.cls.nextsteps:82b7a6c9-47ea-4ee5-98fb-4cd5958c4076:1	Next_Steps_Age_30_COVID-19_Survey_-_Wave_3	urn:ddi:uk.cls.nextsteps:65595661-f96c-410c-b003-622ba48ba7a4:1	FATGRID b	qi_FATGRID_b	In the last month... Have you needed to rest more?		cs_qFATGRID	1|Less than usual. 2|No more than usual. 3|More than usual. 4|Much more than usual. -8|Don't know. -9|Don't want to answer	b35c6c46-0f2e-4990-ac39-dd7fe6fd951c	uk.closer	11603.0	Physical health (CV19)
urn:ddi:uk.cls.nextsteps:82b7a6c9-47ea-4ee5-98fb-4cd5958c4076:1	Next_Steps_Age_30_COVID-19_Survey_-_Wave_3	urn:ddi:uk.cls.nextsteps:6b42139a-4a27-46aa-807e-7f31dc674fda:1	FATGRID h	qi_FATGRID_h	In the last month... Have you had difficulties concentrating?		cs_qFATGRID	1|Less than usual. 2|No more than usual. 3|More than usual. 4|Much more than usual. -8|Don't know. -9|Don't want to answer	b35c6c46-0f2e-4990-ac39-dd7fe6fd951c	uk.closer	11603.0	Physical health (CV19)
urn:ddi:uk.cls.nextsteps:3032d053-47dd-471e-883e-346f09928d3f:1	Next_Steps_Age_30_COVID-19_Survey_-_Wave_2	urn:ddi:uk.cls.nextsteps:6b8664f8-123d-4cbf-94ff-aecf89fb25bb:1	WGHTKGCHK	qi_WGHTKGCHK	You have said that you weigh {ANSWER AT WGHTKG} kilograms. If this weight is correct, please select 'Continue'. Otherwise please go back and amend your answer.		cs_qCON	1|Continue	35169946-ac6d-4f75-8d2c-f95c21e72f81	uk.closer	11603.0	Physical health (CV19)
urn:ddi:uk.cls.nextsteps:82b7a6c9-47ea-4ee5-98fb-4cd5958c4076:1	Next_Steps_Age_30_COVID-19_Survey_-_Wave_3	urn:ddi:uk.cls.nextsteps:6cf88d9a-189d-468e-8776-8e967421c527:1	FATGRID e	qi_FATGRID_e	In the last month... Have you lacked energy?		cs_qFATGRID	1|Less than usual. 2|No more than usual. 3|More than usual. 4|Much more than usual. -8|Don't know. -9|Don't want to answer	b35c6c46-0f2e-4990-ac39-dd7fe6fd951c	uk.closer	11603.0	Physical health (CV19)
urn:ddi:uk.cls.nextsteps:83ab13bb-90e6-40fe-8741-16cf36400450:4	Next_Steps_Age_30_COVID-19_Survey_-_Wave_1	urn:ddi:uk.cls.nextsteps:7110cb49-573c-4963-ba00-eda555081fd0:2	COVID HOSPAD	qi_COVID_HOSPAD	Have you been in hospital because of Coronavirus symptoms?		cs_COVID	1|Yes. 2|No	60ceda51-eddf-4813-8426-5d82e705ed35	uk.closer	11603.0	Physical health (CV19)
urn:ddi:uk.cls.nextsteps:3032d053-47dd-471e-883e-346f09928d3f:1	Next_Steps_Age_30_COVID-19_Survey_-_Wave_2	urn:ddi:uk.cls.nextsteps:7147fc29-cdfc-4bfc-9900-ef42d7233d07:1	WGHTKG	qi_WGHTKG	What is your weight in kilograms?			Kilograms	35169946-ac6d-4f75-8d2c-f95c21e72f81	uk.closer	11603.0	Physical health (CV19)
urn:ddi:uk.cls.nextsteps:3032d053-47dd-471e-883e-346f09928d3f:1	Next_Steps_Age_30_COVID-19_Survey_-_Wave_2	urn:ddi:uk.cls.nextsteps:749911d1-0e3a-4406-a1a4-f874402b3ece:1	GHQPRECOVID	qi_GHQPRECOVID	In general, in the 3 months before the Coronavirus outbreak in March, would you say your health was...		cs_qGHQ	1|Excellent. 2|Very good. 3|Good. 4|Fair. 5|Poor. -8|Don't Know. -9|Don't want to answer	35169946-ac6d-4f75-8d2c-f95c21e72f81	uk.closer	11603.0	Physical health (CV19)
urn:ddi:uk.cls.nextsteps:83ab13bb-90e6-40fe-8741-16cf36400450:4	Next_Steps_Age_30_COVID-19_Survey_-_Wave_1	urn:ddi:uk.cls.nextsteps:786c63a1-34b4-46f0-905b-611b22239ef2:1	Timeuse1 7	qi_Timeuse1_7	How many hours have you been spending doing each of the following activities on a typical week day since the Coronavirus outbreak began? Physical activity / exercise ... Number of hours	Please round to the nearest hour.		Hours in day	60ceda51-eddf-4813-8426-5d82e705ed35	uk.closer	11603.0	Physical health (CV19)
urn:ddi:uk.cls.nextsteps:3032d053-47dd-471e-883e-346f09928d3f:1	Next_Steps_Age_30_COVID-19_Survey_-_Wave_2	urn:ddi:uk.cls.nextsteps:7c454b07-1bae-4158-8b15-8a25722d0026:1	COVIDSYMPTO	qi_COVIDSYMPTO	What were the other symptoms you experienced?			Other	35169946-ac6d-4f75-8d2c-f95c21e72f81	uk.closer	11603.0	Physical health (CV19)
urn:ddi:uk.cls.nextsteps:82b7a6c9-47ea-4ee5-98fb-4cd5958c4076:1	Next_Steps_Age_30_COVID-19_Survey_-_Wave_3	urn:ddi:uk.cls.nextsteps:7e84aa22-97ba-4cde-b1f1-468cba3d78be:1	COVID HOSPAD	qi_COVID_HOSPAD	Have you been in hospital because of Coronavirus symptoms?		cs_Yes_No_DK_Dwta_UC	1|Yes. 2|No. -8|Don't Know. -9|Don't want to answer	b35c6c46-0f2e-4990-ac39-dd7fe6fd951c	uk.closer	11603.0	Physical health (CV19)
urn:ddi:uk.cls.nextsteps:82b7a6c9-47ea-4ee5-98fb-4cd5958c4076:1	Next_Steps_Age_30_COVID-19_Survey_-_Wave_3	urn:ddi:uk.cls.nextsteps:80129e61-0b8f-40ed-b701-b2fc3555a907:1	LLI2	qi_LLI2	And do you currently have any of the following?	Please select all that apply.	cs_qLLI2	1|Depression or other emotional, nervous or psychiatric problems. 2|Obesity. 3|Infection. 4|HIV / Immunodeficiency. 5|Condition affecting the brain and nerves (e.g. Parkinson's, Multiple Sclerosis). 6|None of these. -8|Don't Know. -9|Don't want to answer	b35c6c46-0f2e-4990-ac39-dd7fe6fd951c	uk.closer	11603.0	Physical health (CV19)
urn:ddi:uk.cls.nextsteps:82b7a6c9-47ea-4ee5-98fb-4cd5958c4076:1	Next_Steps_Age_30_COVID-19_Survey_-_Wave_3	urn:ddi:uk.cls.nextsteps:818ff9a2-94e1-4834-8897-dd33f6526122:1	GHQ1210	qi_GHQ1210	Have you recently been losing confidence in yourself?		cs_qGHQ122	1|Not at all. 2|No more than usual. 3|Rather more than usual. 4|Much more than usual. -8|Don't Know. -9|Don't want to answer	b35c6c46-0f2e-4990-ac39-dd7fe6fd951c	uk.closer	11603.0	Physical health (CV19)
urn:ddi:uk.cls.nextsteps:3032d053-47dd-471e-883e-346f09928d3f:1	Next_Steps_Age_30_COVID-19_Survey_-_Wave_2	urn:ddi:uk.cls.nextsteps:82dd7292-a6ca-4bc8-9904-67c13a67b913:1	COVIDCURRESULT	qi_COVIDCURRESULT	What was the result of your throat swab or nasal swab or saliva test or nasal mucus test for current infection? If you had more than one test please report the findings of the latest test.		cs_qCOVIDCURRESULT	1|Positive - it showed I had coronavirus. 2|Negative - it showed I did not have coronavirus. 3|Inconclusive. 4|Waiting for results. -8|Don't Know. -9|Don't want to answer	35169946-ac6d-4f75-8d2c-f95c21e72f81	uk.closer	11603.0	Physical health (CV19)
urn:ddi:uk.cls.nextsteps:3032d053-47dd-471e-883e-346f09928d3f:1	Next_Steps_Age_30_COVID-19_Survey_-_Wave_2	urn:ddi:uk.cls.nextsteps:86ccf3f3-e194-4a4b-a9bc-faedee39982c:1	COVIDCURWHEN	qi_COVIDCURWHEN	When did you have this test?		cs_qCOVID19POS	1|February or earlier. 2|March. 3|April. 4|May. 5|June. 6|July. 7|August. 8|September. 9|October. -8|Don't Know. -9|Don't want to answer	35169946-ac6d-4f75-8d2c-f95c21e72f81	uk.closer	11603.0	Physical health (CV19)
urn:ddi:uk.cls.nextsteps:82b7a6c9-47ea-4ee5-98fb-4cd5958c4076:1	Next_Steps_Age_30_COVID-19_Survey_-_Wave_3	urn:ddi:uk.cls.nextsteps:891bda5f-5ca1-4350-a700-4db542476191:1	COVIDINCRESULT	qi_COVIDINCRESULT	Did your test show that you had Coronavirus?	If you had more than one test and any of them showed you have had Coronavirus please select 'Yes'.  	cs_qCOVIDCURRESULT	1|Yes – the test was positive. 2|No – the test was negative and showed I did not have coronavirus. 3|Test was inconclusive. 4|I am waiting for results. -8|Don't Know. -9|Don't want to answer	b35c6c46-0f2e-4990-ac39-dd7fe6fd951c	uk.closer	11603.0	Physical health (CV19)
urn:ddi:uk.cls.nextsteps:82b7a6c9-47ea-4ee5-98fb-4cd5958c4076:1	Next_Steps_Age_30_COVID-19_Survey_-_Wave_3	urn:ddi:uk.cls.nextsteps:8d0eb3b7-738e-4913-977f-8d591e0af624:1	FATGRID d	qi_FATGRID_d	In the last month... Have you had problems starting things?		cs_qFATGRID	1|Less than usual. 2|No more than usual. 3|More than usual. 4|Much more than usual. -8|Don't know. -9|Don't want to answer	b35c6c46-0f2e-4990-ac39-dd7fe6fd951c	uk.closer	11603.0	Physical health (CV19)
urn:ddi:uk.cls.nextsteps:82b7a6c9-47ea-4ee5-98fb-4cd5958c4076:1	Next_Steps_Age_30_COVID-19_Survey_-_Wave_3	urn:ddi:uk.cls.nextsteps:8d689992-8ef1-40db-acc0-f4aae052a574:1	GHQ1211	qi_GHQ1211	Have you recently been thinking of yourself as a worthless person?		cs_qGHQ122	1|Not at all. 2|No more than usual. 3|Rather more than usual. 4|Much more than usual. -8|Don't Know. -9|Don't want to answer	b35c6c46-0f2e-4990-ac39-dd7fe6fd951c	uk.closer	11603.0	Physical health (CV19)
urn:ddi:uk.cls.nextsteps:82b7a6c9-47ea-4ee5-98fb-4cd5958c4076:1	Next_Steps_Age_30_COVID-19_Survey_-_Wave_3	urn:ddi:uk.cls.nextsteps:8eea4ce4-5577-4c9e-8979-daa7035a38bf:1	COVIDTEST	qi_COVIDTEST	Have you been tested for Coronavirus?	Please select all that apply.	cs_qCOVIDTEST	1|Yes – a throat swab or nasal swab or saliva test or nasal mucus test for current infection. 2|Yes – a finger stick or blood test or serology test or antibody test for past infection. 3|Yes – but I don't know which type. 4|No. -8|Don't Know. -9|Don't want to answer	b35c6c46-0f2e-4990-ac39-dd7fe6fd951c	uk.closer	11603.0	Physical health (CV19)
urn:ddi:uk.cls.nextsteps:3032d053-47dd-471e-883e-346f09928d3f:1	Next_Steps_Age_30_COVID-19_Survey_-_Wave_2	urn:ddi:uk.cls.nextsteps:955c42dc-a416-4ad8-84e7-97d6ce5bd7fd:1	COVIDPASRESULT	qi_COVIDPASRESULT	What was the result of your finger stick or blood test or serology test or antibody test for past infection? If you had more than one test please report the findings of the latest test.		cs_qCOVIDPASRESULT	1|Positive - it showed I've had coronavirus. 2|Negative - it showed I've not had coronavirus. 3|Inconclusive. 4|Waiting for results. -8|Don't Know. -9|Don't want to answer	35169946-ac6d-4f75-8d2c-f95c21e72f81	uk.closer	11603.0	Physical health (CV19)
urn:ddi:uk.cls.nextsteps:82b7a6c9-47ea-4ee5-98fb-4cd5958c4076:1	Next_Steps_Age_30_COVID-19_Survey_-_Wave_3	urn:ddi:uk.cls.nextsteps:97facad0-419e-4ec1-a688-f6bba75ec0fb:1	GHQ128	qi_GHQ128	Have you recently been able to face up to your problems?		cs_qGHQ128	1|More so than usual. 2|Same as usual. 3|Less so than usual. 4|Much less able. -8|Don't Know. -9|Don't want to answer	b35c6c46-0f2e-4990-ac39-dd7fe6fd951c	uk.closer	11603.0	Physical health (CV19)
urn:ddi:uk.cls.nextsteps:82b7a6c9-47ea-4ee5-98fb-4cd5958c4076:1	Next_Steps_Age_30_COVID-19_Survey_-_Wave_3	urn:ddi:uk.cls.nextsteps:9f001fa4-3d6f-4c49-9f72-de524049a414:1	FATGRID g	qi_FATGRID_g	In the last month... Have you felt weak?		cs_qFATGRID	1|Less than usual. 2|No more than usual. 3|More than usual. 4|Much more than usual. -8|Don't know. -9|Don't want to answer	b35c6c46-0f2e-4990-ac39-dd7fe6fd951c	uk.closer	11603.0	Physical health (CV19)
urn:ddi:uk.cls.nextsteps:3032d053-47dd-471e-883e-346f09928d3f:1	Next_Steps_Age_30_COVID-19_Survey_-_Wave_2	urn:ddi:uk.cls.nextsteps:a22740e4-b05f-40ae-90aa-53d451eb2bf9:1	LLI2	qi_LLI2	And do you currently have any of the following?	Please select all that apply.	cs_qLLI2	1|Depression or other emotional, nervous or psychiatric problems. 2|Obesity. 3|Infection. 4|HIV / Immunodeficiency. 5|Condition affecting the brain and nerves (e.g. Parkinson's, Multiple Sclerosis). 6|None of these. -8|Don't Know. -9|Don't want to answer	35169946-ac6d-4f75-8d2c-f95c21e72f81	uk.closer	11603.0	Physical health (CV19)
urn:ddi:uk.cls.nextsteps:82b7a6c9-47ea-4ee5-98fb-4cd5958c4076:1	Next_Steps_Age_30_COVID-19_Survey_-_Wave_3	urn:ddi:uk.cls.nextsteps:a36aa0e6-aa73-45fe-9419-7a1b53008b4b:1	FATGRID a	qi_FATGRID_a	In the last month... Have you had problems with tiredness?		cs_qFATGRID	1|Less than usual. 2|No more than usual. 3|More than usual. 4|Much more than usual. -8|Don't know. -9|Don't want to answer	b35c6c46-0f2e-4990-ac39-dd7fe6fd951c	uk.closer	11603.0	Physical health (CV19)
urn:ddi:uk.cls.nextsteps:82b7a6c9-47ea-4ee5-98fb-4cd5958c4076:1	Next_Steps_Age_30_COVID-19_Survey_-_Wave_3	urn:ddi:uk.cls.nextsteps:adc65966-8d4a-4568-bd27-2068948601aa:1	GHQ1212	qi_GHQ1212	Have you recently been feeling reasonably happy, all things considered?		cs_qGHQ1212	1|More so than usual. 2|Same as usual. 3|Less so than usual. 4|Much less than usual. -8|Don't Know. -9|Don't want to answer	b35c6c46-0f2e-4990-ac39-dd7fe6fd951c	uk.closer	11603.0	Physical health (CV19)
urn:ddi:uk.cls.nextsteps:82b7a6c9-47ea-4ee5-98fb-4cd5958c4076:1	Next_Steps_Age_30_COVID-19_Survey_-_Wave_3	urn:ddi:uk.cls.nextsteps:b5f75446-c83d-457a-828b-86d407437cae:1	LLI	qi_LLI	Do you currently have any of the following?	Please select all that apply.	cs_qLLI	1|Cancer. 2|Cystic fibrosis. 3|Asthma. 4|Chronic Obstructive Pulmonary Disease. 5|Wheezy bronchitis. 6|Diabetes. 7|Recurrent backache, prolapsed disc, sciatica or other back problem. 8|Problems with hearing. 9|High blood pressure. 10|Heart disease, congenital or acquired. 11|None of these. -8|Don't Know. -9|Don't want to answer	b35c6c46-0f2e-4990-ac39-dd7fe6fd951c	uk.closer	11603.0	Physical health (CV19)
urn:ddi:uk.cls.nextsteps:82b7a6c9-47ea-4ee5-98fb-4cd5958c4076:1	Next_Steps_Age_30_COVID-19_Survey_-_Wave_3	urn:ddi:uk.cls.nextsteps:b7ea36be-66fc-4a5b-94c7-5df392b52351:1	FATGRID c	qi_FATGRID_c	In the last month... Have you felt sleepy or drowsy?		cs_qFATGRID	1|Less than usual. 2|No more than usual. 3|More than usual. 4|Much more than usual. -8|Don't know. -9|Don't want to answer	b35c6c46-0f2e-4990-ac39-dd7fe6fd951c	uk.closer	11603.0	Physical health (CV19)
urn:ddi:uk.cls.nextsteps:82b7a6c9-47ea-4ee5-98fb-4cd5958c4076:1	Next_Steps_Age_30_COVID-19_Survey_-_Wave_3	urn:ddi:uk.cls.nextsteps:bca6c8ff-4274-4f33-8411-d61562f43678:1	ACTIVITY	qi_ACTIVITY	Over the past two months, how often have you had to restrict your work or normal daily activity due to how you feel?		cs_qSHORTB	1|Never. 2|Less than once a month. 3|Between once a week and once a month. 4|More than once a week. 5|Nearly every day. -8|Don't know. -9|Don't want to answer	b35c6c46-0f2e-4990-ac39-dd7fe6fd951c	uk.closer	11603.0	Physical health (CV19)
urn:ddi:uk.cls.nextsteps:83ab13bb-90e6-40fe-8741-16cf36400450:4	Next_Steps_Age_30_COVID-19_Survey_-_Wave_1	urn:ddi:uk.cls.nextsteps:c045727c-a47a-4dcf-b1dd-2281978ba1e6:1	Timeuse1 14	qi_Timeuse1_14	How many hours have you been spending doing each of the following activities on a typical week day since the Coronavirus outbreak began? Ill in bed ... Number of hours	Please round to the nearest hour.		Hours in day	60ceda51-eddf-4813-8426-5d82e705ed35	uk.closer	11603.0	Physical health (CV19)
urn:ddi:uk.cls.nextsteps:82b7a6c9-47ea-4ee5-98fb-4cd5958c4076:1	Next_Steps_Age_30_COVID-19_Survey_-_Wave_3	urn:ddi:uk.cls.nextsteps:c3d49f22-4491-4eaf-a833-0c328377fed4:1	GHQ126	qi_GHQ126	Have you recently felt you couldn't overcome your difficulties?		cs_qGHQ122	1|Not at all. 2|No more than usual. 3|Rather more than usual. 4|Much more than usual. -8|Don't Know. -9|Don't want to answer	b35c6c46-0f2e-4990-ac39-dd7fe6fd951c	uk.closer	11603.0	Physical health (CV19)
urn:ddi:uk.cls.nextsteps:82b7a6c9-47ea-4ee5-98fb-4cd5958c4076:1	Next_Steps_Age_30_COVID-19_Survey_-_Wave_3	urn:ddi:uk.cls.nextsteps:c60c7cb9-d08c-4430-8e66-16955d727b8d:1	COVIDCURRESULT	qi_COVIDCURRESULT	Did your throat swab or nasal swab or saliva test or nasal mucus test for current infection show that you had Coronavirus?	If you had more than one of these tests and any of them showed you had Coronavirus please select 'Yes'.	cs_qCOVIDCURRESULT	1|Yes – the test was positive. 2|No – the test was negative and showed I did not have coronavirus. 3|Test was inconclusive. 4|I am waiting for results. -8|Don't Know. -9|Don't want to answer	b35c6c46-0f2e-4990-ac39-dd7fe6fd951c	uk.closer	11603.0	Physical health (CV19)
urn:ddi:uk.cls.nextsteps:83ab13bb-90e6-40fe-8741-16cf36400450:4	Next_Steps_Age_30_COVID-19_Survey_-_Wave_1	urn:ddi:uk.cls.nextsteps:c7b38570-c726-45c1-9178-4f350fcb7bdf:2	COVIDSYMPT	qi_COVIDSYMPT	Have you experienced any of the following symptoms in the past 2 weeks?	Please select all that apply.	cs_COVIDSYMPT	1|Fever. 2|Cough - dry. 3|Cough - mucus or phlegm. 4|Sore throat. 5|Chest tightness. 6|Shortness of breath. 7|Runny nose. 8|Nasal congestion. 18|Sneezing. 10|Muscle or body aches. 11|Fatigue. 12|Unusual loose motions or diarrhoea. 16|Vomiting. 13|Loss of smell. 14|Loss of taste. 17|Skin rash. 19|Headaches. 20|Other. 23|No - none of these	60ceda51-eddf-4813-8426-5d82e705ed35	uk.closer	11603.0	Physical health (CV19)
urn:ddi:uk.cls.nextsteps:82b7a6c9-47ea-4ee5-98fb-4cd5958c4076:1	Next_Steps_Age_30_COVID-19_Survey_-_Wave_3	urn:ddi:uk.cls.nextsteps:c9a8939c-a49c-4ac2-8881-b3caea7b3389:1	COVNEWILT	qi_COVNEWILT	What new condition, illness or disability does your doctor think you may have as a result of Coronavirus?	If more than one, please select all that apply.	cs_qCOVNEWILT	1|Post-viral fatigue. 2|A blood clot in the leg, heart, lung or brain. 3|A heart condition. 4|A lung condition. 5|A condition affecting the mind or brain. 6|A condition affecting the nervous system outside the brain. 7|Thyroid disease. 8|Other (specify). -8|Don't know. -9|Don't want to answer	b35c6c46-0f2e-4990-ac39-dd7fe6fd951c	uk.closer	11603.0	Physical health (CV19)
urn:ddi:uk.cls.nextsteps:82b7a6c9-47ea-4ee5-98fb-4cd5958c4076:1	Next_Steps_Age_30_COVID-19_Survey_-_Wave_3	urn:ddi:uk.cls.nextsteps:cde914de-8f46-42d1-afad-5214f8d5196e:1	FATGRID f	qi_FATGRID_f	In the last month... Have you had less strength in your muscles?		cs_qFATGRID	1|Less than usual. 2|No more than usual. 3|More than usual. 4|Much more than usual. -8|Don't know. -9|Don't want to answer	b35c6c46-0f2e-4990-ac39-dd7fe6fd951c	uk.closer	11603.0	Physical health (CV19)
urn:ddi:uk.cls.nextsteps:82b7a6c9-47ea-4ee5-98fb-4cd5958c4076:1	Next_Steps_Age_30_COVID-19_Survey_-_Wave_3	urn:ddi:uk.cls.nextsteps:cfe93326-dd0d-4e0a-962c-caa239e75709:1	GHQ	qi_GHQ	In general, would you say your health is...		cs_qGHQ	1|Excellent. 2|Very good. 3|Good. 4|Fair. 5|Poor. -8|Don't Know. -9|Don't want to answer	b35c6c46-0f2e-4990-ac39-dd7fe6fd951c	uk.closer	11603.0	Physical health (CV19)
urn:ddi:uk.cls.nextsteps:82b7a6c9-47ea-4ee5-98fb-4cd5958c4076:1	Next_Steps_Age_30_COVID-19_Survey_-_Wave_3	urn:ddi:uk.cls.nextsteps:d38280d9-877c-44a4-ab94-56a41597c549:1	GHQ121	qi_GHQ121	Have you recently been able to concentrate on what you're doing?		cs_qGHQ121	1|Better than usual. 2|Same as usual. 3|Less than usual. 4|Much less than usual. -8|Don't Know. -9|Don't want to answer	b35c6c46-0f2e-4990-ac39-dd7fe6fd951c	uk.closer	11603.0	Physical health (CV19)
urn:ddi:uk.cls.nextsteps:82b7a6c9-47ea-4ee5-98fb-4cd5958c4076:1	Next_Steps_Age_30_COVID-19_Survey_-_Wave_3	urn:ddi:uk.cls.nextsteps:d5aeb38a-6c15-4a09-8091-7ebdca50437b:1	COVIDSYMPT	qi_COVIDSYMPT	Have you experienced any of the following symptoms in the past 2 weeks?	Please select all that apply. 	cs_qCOVIDSYMPT	1|Fever. 2|Cough - dry. 3|Cough - mucus or phlegm. 4|Sore throat. 5|Chest tightness. 6|Shortness of breath. 7|Runny nose. 8|Nasal congestion. 9|Sneezing. 10|Muscle or body aches. 11|Fatigue. 12|Unusual loose motions or diarrhoea. 13|Vomiting. 14|Loss of smell. 15|Loss of taste. 16|Skin rash. 17|Headaches. 18|Other. 19|No  - none of these. -8|Don't Know. -9|Don't want to answer	b35c6c46-0f2e-4990-ac39-dd7fe6fd951c	uk.closer	11603.0	Physical health (CV19)
urn:ddi:uk.cls.nextsteps:3032d053-47dd-471e-883e-346f09928d3f:1	Next_Steps_Age_30_COVID-19_Survey_-_Wave_2	urn:ddi:uk.cls.nextsteps:d67b8d0e-db44-4221-9ea9-c0ec173f4385:1	COVIDINCRESULT	qi_COVIDINCRESULT	What was the result of your coronavirus test? If you had more than one test please report the findings of the latest test.		cs_qCOVIDCURRESULT	1|Positive - it showed I had coronavirus. 2|Negative - it showed I did not have coronavirus. 3|Inconclusive. 4|Waiting for results. -8|Don't Know. -9|Don't want to answer	35169946-ac6d-4f75-8d2c-f95c21e72f81	uk.closer	11603.0	Physical health (CV19)
urn:ddi:uk.cls.nextsteps:82b7a6c9-47ea-4ee5-98fb-4cd5958c4076:1	Next_Steps_Age_30_COVID-19_Survey_-_Wave_3	urn:ddi:uk.cls.nextsteps:d785b176-6d4b-4bc7-8502-1054908ca771:1	GHQ129	qi_GHQ129	Have you recently been feeling unhappy or depressed?		cs_qGHQ122	1|Not at all. 2|No more than usual. 3|Rather more than usual. 4|Much more than usual. -8|Don't Know. -9|Don't want to answer	b35c6c46-0f2e-4990-ac39-dd7fe6fd951c	uk.closer	11603.0	Physical health (CV19)
urn:ddi:uk.cls.nextsteps:82b7a6c9-47ea-4ee5-98fb-4cd5958c4076:1	Next_Steps_Age_30_COVID-19_Survey_-_Wave_3	urn:ddi:uk.cls.nextsteps:d96359a2-1520-49da-81ba-4a55d0dfe17d:1	COVIDPASWHEN	qi_COVIDPASWHEN	When did you have this positive test?		cs_qCOVIDCURWHEN	1|February 2020 or earlier. 2|March 2020. 3|April 2020. 4|May 2020. 5|June 2020. 6|July 2020. 7|August 2020. 8|September 2020. 9|October 2020. 10|November 2020. 11|December 2020. 12|January 2021. 13|February 2021 {IF MONTH OF INTERVIEW = FEBRUARY 2021 OR MARCH 2021}. 14|March 2021 {IF MONTH OF INTERVIEW=MARCH 2021}. -8|Don't Know. -9|Don't want to answer	b35c6c46-0f2e-4990-ac39-dd7fe6fd951c	uk.closer	11603.0	Physical health (CV19)
urn:ddi:uk.cls.nextsteps:82b7a6c9-47ea-4ee5-98fb-4cd5958c4076:1	Next_Steps_Age_30_COVID-19_Survey_-_Wave_3	urn:ddi:uk.cls.nextsteps:debf4e80-2f2e-4776-8ba1-7694f3808056:1	COVIDINCWHEN	qi_COVIDINCWHEN	When did you have this positive test?		cs_qCOVIDCURWHEN	1|February 2020 or earlier. 2|March 2020. 3|April 2020. 4|May 2020. 5|June 2020. 6|July 2020. 7|August 2020. 8|September 2020. 9|October 2020. 10|November 2020. 11|December 2020. 12|January 2021. 13|February 2021 {IF MONTH OF INTERVIEW = FEBRUARY 2021 OR MARCH 2021}. 14|March 2021 {IF MONTH OF INTERVIEW=MARCH 2021}. -8|Don't Know. -9|Don't want to answer	b35c6c46-0f2e-4990-ac39-dd7fe6fd951c	uk.closer	11603.0	Physical health (CV19)
urn:ddi:uk.cls.nextsteps:3032d053-47dd-471e-883e-346f09928d3f:1	Next_Steps_Age_30_COVID-19_Survey_-_Wave_2	urn:ddi:uk.cls.nextsteps:e42e4c79-67b0-4171-8898-d45cb231ae54:1	COVIDSYMPT	qi_COVIDSYMPT	Have you experienced any of the following symptoms in the past 2 weeks?	Please select all that apply.	cs_qCOVIDSYMPT	1|Fever. 2|Cough - dry. 3|Cough - mucus or phlegm. 4|Sore throat. 5|Chest tightness. 6|Shortness of breath. 7|Runny nose. 8|Nasal congestion. 9|Sneezing. 10|Muscle or body aches. 11|Fatigue. 12|Unusual loose motions or diarrhoea. 13|Vomiting. 14|Loss of smell. 15|Loss of taste. 16|Skin rash. 17|Headaches. 18|Other. 19|No - none of these. -8|Don't Know. -9|Don't want to answer	35169946-ac6d-4f75-8d2c-f95c21e72f81	uk.closer	11603.0	Physical health (CV19)
urn:ddi:uk.cls.nextsteps:3032d053-47dd-471e-883e-346f09928d3f:1	Next_Steps_Age_30_COVID-19_Survey_-_Wave_2	urn:ddi:uk.cls.nextsteps:e43c103c-25cc-4ef4-a3e2-5ee3f2ea015a:1	COVID19	qi_COVID19	Do you think that you have or have had Coronavirus?		cs_qCOVID19	1|Yes, confirmed by a positive test. 2|Yes, based on strong personal suspicion or medical advice. 3|Unsure. 4|No. -8|Don't Know. -9|Don't want to answer	35169946-ac6d-4f75-8d2c-f95c21e72f81	uk.closer	11603.0	Physical health (CV19)
urn:ddi:uk.cls.nextsteps:3032d053-47dd-471e-883e-346f09928d3f:1	Next_Steps_Age_30_COVID-19_Survey_-_Wave_2	urn:ddi:uk.cls.nextsteps:e5386e40-22b2-4819-b188-64ec6846d5f2:1	COVIDTEST	qi_COVIDTEST	Have you been tested for Coronavirus?	Please select all that apply.	cs_qCOVIDTEST	1|Yes - a throat swab or nasal swab or saliva test or nasal mucus test for current infection. 2|Yes - a finger stick or blood test or serology test or antibody test for past infection. 3|Yes - but I Don't Know which type. 4|No. -8|Don't Know. -9|Don't want to answer	35169946-ac6d-4f75-8d2c-f95c21e72f81	uk.closer	11603.0	Physical health (CV19)
urn:ddi:uk.cls.nextsteps:3032d053-47dd-471e-883e-346f09928d3f:1	Next_Steps_Age_30_COVID-19_Survey_-_Wave_2	urn:ddi:uk.cls.nextsteps:e5db4a91-7c72-41d8-acc1-6e0b55922d01:1	COVIDINCWHEN	qi_COVIDINCWHEN	When did you have this test?		cs_qCOVID19POS	1|February or earlier. 2|March. 3|April. 4|May. 5|June. 6|July. 7|August. 8|September. 9|October. -8|Don't Know. -9|Don't want to answer	35169946-ac6d-4f75-8d2c-f95c21e72f81	uk.closer	11603.0	Physical health (CV19)
urn:ddi:uk.cls.nextsteps:83ab13bb-90e6-40fe-8741-16cf36400450:4	Next_Steps_Age_30_COVID-19_Survey_-_Wave_1	urn:ddi:uk.cls.nextsteps:f191e021-e48d-48af-b7eb-4de98e15cd6f:2	GHQ	qi_GHQ	In general, would you say your health is...		cs_GHQ	1|Excellent. 2|Very good. 3|Good. 4|Fair. 5|Poor	60ceda51-eddf-4813-8426-5d82e705ed35	uk.closer	11603.0	Physical health (CV19)
urn:ddi:uk.cls.nextsteps:83ab13bb-90e6-40fe-8741-16cf36400450:4	Next_Steps_Age_30_COVID-19_Survey_-_Wave_1	urn:ddi:uk.cls.nextsteps:f20f6794-a992-4c4d-b0e9-769ca88673dd:2	GHQPRECOVID	qi_GHQPRECOVID	In general, in the 3 months before the Coronavirus outbreak would you say your health was...		cs_GHQPRECOVID	1|Excellent. 2|Very good. 3|Good. 4|Fair. 5|Poor	60ceda51-eddf-4813-8426-5d82e705ed35	uk.closer	11603.0	Physical health (CV19)
urn:ddi:uk.cls.nextsteps:83ab13bb-90e6-40fe-8741-16cf36400450:4	Next_Steps_Age_30_COVID-19_Survey_-_Wave_1	urn:ddi:uk.cls.nextsteps:f3f2cd6a-3f16-47e6-8ec1-caffe7df6c50:2	COVIDTEST	qi_COVIDTEST	Have you been tested for Coronavirus?		cs_COVIDTEST	1|Yes. 2|No	60ceda51-eddf-4813-8426-5d82e705ed35	uk.closer	11603.0	Physical health (CV19)
urn:ddi:uk.cls.nextsteps:82b7a6c9-47ea-4ee5-98fb-4cd5958c4076:1	Next_Steps_Age_30_COVID-19_Survey_-_Wave_3	urn:ddi:uk.cls.nextsteps:f4aa4b62-bdb7-4264-a9ff-eb8cc05cd926:1	GHQ125	qi_GHQ125	Have you recently felt constantly under strain?		cs_qGHQ122	1|Not at all. 2|No more than usual. 3|Rather more than usual. 4|Much more than usual. -8|Don't Know. -9|Don't want to answer	b35c6c46-0f2e-4990-ac39-dd7fe6fd951c	uk.closer	11603.0	Physical health (CV19)
urn:ddi:uk.cls.nextsteps:82b7a6c9-47ea-4ee5-98fb-4cd5958c4076:1	Next_Steps_Age_30_COVID-19_Survey_-_Wave_3	urn:ddi:uk.cls.nextsteps:f4ad7c9a-432c-421e-bd25-5e4bf5047820:1	FATGRID j	qi_FATGRID_j	In the last month... Have you found it difficult to find the right word?		cs_qFATGRID	1|Less than usual. 2|No more than usual. 3|More than usual. 4|Much more than usual. -8|Don't know. -9|Don't want to answer	b35c6c46-0f2e-4990-ac39-dd7fe6fd951c	uk.closer	11603.0	Physical health (CV19)
urn:ddi:uk.cls.nextsteps:82b7a6c9-47ea-4ee5-98fb-4cd5958c4076:1	Next_Steps_Age_30_COVID-19_Survey_-_Wave_3	urn:ddi:uk.cls.nextsteps:f4d1b9d3-9e8c-4e2d-bf14-b83552ffbff1:1	GHQ127	qi_GHQ127	Have you recently been able to enjoy your normal day to day activities?		cs_qGHQ122	1|Not at all. 2|No more than usual. 3|Rather more than usual. 4|Much more than usual. -8|Don't Know. -9|Don't want to answer	b35c6c46-0f2e-4990-ac39-dd7fe6fd951c	uk.closer	11603.0	Physical health (CV19)
urn:ddi:uk.cls.nextsteps:82b7a6c9-47ea-4ee5-98fb-4cd5958c4076:1	Next_Steps_Age_30_COVID-19_Survey_-_Wave_3	urn:ddi:uk.cls.nextsteps:f5b4a301-d454-42f1-ac95-ab59942bb34f:1	COVIDCURWHEN	qi_COVIDCURWHEN	When did you have this positive test?		cs_qCOVIDCURWHEN	1|February 2020 or earlier. 2|March 2020. 3|April 2020. 4|May 2020. 5|June 2020. 6|July 2020. 7|August 2020. 8|September 2020. 9|October 2020. 10|November 2020. 11|December 2020. 12|January 2021. 13|February 2021 {IF MONTH OF INTERVIEW = FEBRUARY 2021 OR MARCH 2021}. 14|March 2021 {IF MONTH OF INTERVIEW=MARCH 2021}. -8|Don't Know. -9|Don't want to answer	b35c6c46-0f2e-4990-ac39-dd7fe6fd951c	uk.closer	11603.0	Physical health (CV19)
urn:ddi:uk.cls.nextsteps:83ab13bb-90e6-40fe-8741-16cf36400450:4	Next_Steps_Age_30_COVID-19_Survey_-_Wave_1	urn:ddi:uk.cls.nextsteps:f6112b51-324f-44c5-9bfc-d48a4f9d4c4d:1	WGHTSTP	qi_WGHTSTP	What is your weight in stones and pounds? Stone ... Pounds			Stones	60ceda51-eddf-4813-8426-5d82e705ed35	uk.closer	11603.0	Physical health (CV19)
urn:ddi:uk.cls.nextsteps:82b7a6c9-47ea-4ee5-98fb-4cd5958c4076:1	Next_Steps_Age_30_COVID-19_Survey_-_Wave_3	urn:ddi:uk.cls.nextsteps:f6475c72-2116-4ae1-b9cd-e90b538eaed7:1	COVID19	qi_COVID19	Do you think that you have or have had Coronavirus?		cs_qCOVID19	1|Yes, confirmed by a positive test. 2|Yes, based on strong personal suspicion or medical advice. 3|Unsure. 4|No. -8|Don't Know. -9|Don't want to answer	b35c6c46-0f2e-4990-ac39-dd7fe6fd951c	uk.closer	11603.0	Physical health (CV19)
urn:ddi:uk.cls.nextsteps:82b7a6c9-47ea-4ee5-98fb-4cd5958c4076:1	Next_Steps_Age_30_COVID-19_Survey_-_Wave_3	urn:ddi:uk.cls.nextsteps:f792c5a9-2fcf-4841-8f11-42319f4fabea:1	GHQ122	qi_GHQ122	Have you recently lost much sleep over worry?		cs_qGHQ122	1|Not at all. 2|No more than usual. 3|Rather more than usual. 4|Much more than usual. -8|Don't Know. -9|Don't want to answer	b35c6c46-0f2e-4990-ac39-dd7fe6fd951c	uk.closer	11603.0	Physical health (CV19)
urn:ddi:uk.cls.nextsteps:3032d053-47dd-471e-883e-346f09928d3f:1	Next_Steps_Age_30_COVID-19_Survey_-_Wave_2	urn:ddi:uk.cls.nextsteps:0f4d5718-642f-4c99-89a6-48500efb5ea2:1	GAD2PHQ2 a	qi_GAD2PHQ2_a	Over the last 2 weeks, how often have you been bothered by the following problems? Feeling nervous, anxious or on edge		cs_qGAD2PHQ2_d	1|Not at all. 2|Several days. 3|More than half the days. 4|Nearly every day. -8|Don't Know. -9|Don't want to answer	f9142a43-275a-4ad1-b1c3-da3d900456af	uk.closer	11604.0	Mental health and mental processes (CV19)
urn:ddi:uk.cls.nextsteps:82b7a6c9-47ea-4ee5-98fb-4cd5958c4076:1	Next_Steps_Age_30_COVID-19_Survey_-_Wave_3	urn:ddi:uk.cls.nextsteps:13681447-7a15-4449-b530-e6c50eecce64:1	GAD2PHQ2 b	qi_GAD2PHQ2_b	Over the last 2 weeks, how often have you been bothered by the following problems? Not being able to stop or control worrying		cs_qGAD2PHQ2	1|Not at all. 2|Several days. 3|More than half the days. 4|Nearly every day. -8|Don't Know. -9|Don't want to answer	7922c9a5-66bb-4561-af8a-103cf0dcaad6	uk.closer	11604.0	Mental health and mental processes (CV19)
urn:ddi:uk.cls.nextsteps:83ab13bb-90e6-40fe-8741-16cf36400450:4	Next_Steps_Age_30_COVID-19_Survey_-_Wave_1	urn:ddi:uk.cls.nextsteps:19a25809-f5bd-4aa7-b5c2-ad10db623344:2	GHQ129	qi_GHQ129	Have you recently been feeling unhappy or depressed?		cs_GHQ129	1|Not at all. 2|No more than usual. 3|Rather more than usual. 4|Much more than usual	922ff9d7-857f-4e18-8040-c028890a0e21	uk.closer	11604.0	Mental health and mental processes (CV19)
urn:ddi:uk.cls.nextsteps:3032d053-47dd-471e-883e-346f09928d3f:1	Next_Steps_Age_30_COVID-19_Survey_-_Wave_2	urn:ddi:uk.cls.nextsteps:201a2b00-477e-4078-9d90-c562f88aa62b:1	MHBEF	qi_MHBEF	In the 3 months before the Coronavirus outbreak in March, in general would you say your mental health was...		cs_qMH	1|Excellent. 2|Very good. 3|Good. 4|Fair. 5|Poor. -8|Don't Know. -9|Don't want to answer	f9142a43-275a-4ad1-b1c3-da3d900456af	uk.closer	11604.0	Mental health and mental processes (CV19)
urn:ddi:uk.cls.nextsteps:83ab13bb-90e6-40fe-8741-16cf36400450:4	Next_Steps_Age_30_COVID-19_Survey_-_Wave_1	urn:ddi:uk.cls.nextsteps:226c639a-b0c7-4083-9c2d-7dca925818f7:2	CVDCHNG 1	qi_CVDCHNG_1	Since the Coronavirus outbreak please indicate how the following have changed. The amount of stress I've been feeling		cs_CVDCHNG	1|More than before. 2|Same - no change. 3|Less than before	922ff9d7-857f-4e18-8040-c028890a0e21	uk.closer	11604.0	Mental health and mental processes (CV19)
urn:ddi:uk.cls.nextsteps:3032d053-47dd-471e-883e-346f09928d3f:1	Next_Steps_Age_30_COVID-19_Survey_-_Wave_2	urn:ddi:uk.cls.nextsteps:27907a9d-b958-4d7d-a17d-244fbd486d3b:1	GHQ122	qi_GHQ122	Have you recently lost much sleep over worry?		cs_qGHQ122	1|Not at all. 2|No more than usual. 3|Rather more than usual. 4|Much more than usual. -8|Don't Know. -9|Don't want to answer	f9142a43-275a-4ad1-b1c3-da3d900456af	uk.closer	11604.0	Mental health and mental processes (CV19)
urn:ddi:uk.cls.nextsteps:83ab13bb-90e6-40fe-8741-16cf36400450:4	Next_Steps_Age_30_COVID-19_Survey_-_Wave_1	urn:ddi:uk.cls.nextsteps:2998310c-a788-49e0-bc8d-0d2c8045f9ae:2	GHQ124	qi_GHQ124	Have you recently felt capable of making decisions about things?		cs_GHQ124	1|More so than usual. 2|Same as usual. 3|Less so than usual. 4|Much less capable	922ff9d7-857f-4e18-8040-c028890a0e21	uk.closer	11604.0	Mental health and mental processes (CV19)
urn:ddi:uk.cls.nextsteps:83ab13bb-90e6-40fe-8741-16cf36400450:4	Next_Steps_Age_30_COVID-19_Survey_-_Wave_1	urn:ddi:uk.cls.nextsteps:2d25ce33-32ee-4876-a0e9-78d0e7e8a7d2:2	GHQ1212	qi_GHQ1212	Have you recently been feeling reasonably happy, all things considered?		cs_GHQ1212	1|More so than usual. 5|Same as usual. 6|Less so than usual. 7|Much less than usual	922ff9d7-857f-4e18-8040-c028890a0e21	uk.closer	11604.0	Mental health and mental processes (CV19)
urn:ddi:uk.cls.nextsteps:83ab13bb-90e6-40fe-8741-16cf36400450:4	Next_Steps_Age_30_COVID-19_Survey_-_Wave_1	urn:ddi:uk.cls.nextsteps:2df3067a-489c-40af-beb8-41a946587e7a:2	GAD2PHQ2 6	qi_GAD2PHQ2_6	Over the last 2 weeks, how often have you been bothered by the following problems? Not being able to stop or control worrying		cs_GAD2PHQ2	1|Not at all. 2|Several days. 3|More than half the days. 4|Nearly every day	922ff9d7-857f-4e18-8040-c028890a0e21	uk.closer	11604.0	Mental health and mental processes (CV19)
urn:ddi:uk.cls.nextsteps:82b7a6c9-47ea-4ee5-98fb-4cd5958c4076:1	Next_Steps_Age_30_COVID-19_Survey_-_Wave_3	urn:ddi:uk.cls.nextsteps:2eac29ae-d50f-4ec5-a081-1a4880cbfc62:1	LONELY a	qi_LONELY_a	How often do you feel that you lack companionship?		cs_qLONELY	1|Hardly ever. 2|Some of the time. 3|Often. -8|Don't Know. -9|Don't want to answer	7922c9a5-66bb-4561-af8a-103cf0dcaad6	uk.closer	11604.0	Mental health and mental processes (CV19)
urn:ddi:uk.cls.nextsteps:83ab13bb-90e6-40fe-8741-16cf36400450:4	Next_Steps_Age_30_COVID-19_Survey_-_Wave_1	urn:ddi:uk.cls.nextsteps:36196d23-1269-4f4f-a7c2-76402cb7b0af:2	LONELY 2	qi_LONELY_2	How often do you feel that you lack companionship?		cs_LONELY	1|Hardly ever. 2|Some of the time. 3|Often	922ff9d7-857f-4e18-8040-c028890a0e21	uk.closer	11604.0	Mental health and mental processes (CV19)
urn:ddi:uk.cls.nextsteps:82b7a6c9-47ea-4ee5-98fb-4cd5958c4076:1	Next_Steps_Age_30_COVID-19_Survey_-_Wave_3	urn:ddi:uk.cls.nextsteps:3b427322-5994-44db-aa75-806cc7451cb3:1	LONELY b	qi_LONELY_b	How often do you feel left out?		cs_qLONELY	1|Hardly ever. 2|Some of the time. 3|Often. -8|Don't Know. -9|Don't want to answer	7922c9a5-66bb-4561-af8a-103cf0dcaad6	uk.closer	11604.0	Mental health and mental processes (CV19)
urn:ddi:uk.cls.nextsteps:3032d053-47dd-471e-883e-346f09928d3f:1	Next_Steps_Age_30_COVID-19_Survey_-_Wave_2	urn:ddi:uk.cls.nextsteps:3b4ddf86-a582-47b9-848f-ae07aa1f14e7:1	GHQ124	qi_GHQ124	Have you recently felt capable of making decisions about things?		cs_qGHQ124	1|More so than usual. 2|Same as usual. 3|Less so than usual. 4|Much less capable. -8|Don't Know. -9|Don't want to answer	f9142a43-275a-4ad1-b1c3-da3d900456af	uk.closer	11604.0	Mental health and mental processes (CV19)
urn:ddi:uk.cls.nextsteps:3032d053-47dd-471e-883e-346f09928d3f:1	Next_Steps_Age_30_COVID-19_Survey_-_Wave_2	urn:ddi:uk.cls.nextsteps:46a0529a-2660-421c-8d1e-fd11d614fcc3:1	GHQ125	qi_GHQ125	Have you recently felt constantly under strain?		cs_qGHQ122	1|Not at all. 2|No more than usual. 3|Rather more than usual. 4|Much more than usual. -8|Don't Know. -9|Don't want to answer	f9142a43-275a-4ad1-b1c3-da3d900456af	uk.closer	11604.0	Mental health and mental processes (CV19)
urn:ddi:uk.cls.nextsteps:3032d053-47dd-471e-883e-346f09928d3f:1	Next_Steps_Age_30_COVID-19_Survey_-_Wave_2	urn:ddi:uk.cls.nextsteps:495434dd-b407-4f1d-9e5e-7fa1b58be394:1	CONTRL	qi_CONTRL	Which of these statements is more true for you?		cs_qCONTRL	1|I usually have a free choice and control over my life. 2|Whatever I do has no real effect on what happens to me. -8|Don't Know. -9|Don't want to answer	f9142a43-275a-4ad1-b1c3-da3d900456af	uk.closer	11604.0	Mental health and mental processes (CV19)
urn:ddi:uk.cls.nextsteps:3032d053-47dd-471e-883e-346f09928d3f:1	Next_Steps_Age_30_COVID-19_Survey_-_Wave_2	urn:ddi:uk.cls.nextsteps:4a9e87d0-43b2-43b0-8846-d00c67339dcc:1	GHQ127	qi_GHQ127	Have you recently been able to enjoy your normal day to day activities?		cs_qGHQ122	1|Not at all. 2|No more than usual. 3|Rather more than usual. 4|Much more than usual. -8|Don't Know. -9|Don't want to answer	f9142a43-275a-4ad1-b1c3-da3d900456af	uk.closer	11604.0	Mental health and mental processes (CV19)
urn:ddi:uk.cls.nextsteps:3032d053-47dd-471e-883e-346f09928d3f:1	Next_Steps_Age_30_COVID-19_Survey_-_Wave_2	urn:ddi:uk.cls.nextsteps:50e6533e-12e4-419b-8362-618a5f0efc19:1	GAD2PHQ2 d	qi_GAD2PHQ2_d	Over the last 2 weeks, how often have you been bothered by the following problems? Feeling down, depressed or hopeless		cs_qGAD2PHQ2_d	1|Not at all. 2|Several days. 3|More than half the days. 4|Nearly every day. -8|Don't Know. -9|Don't want to answer	f9142a43-275a-4ad1-b1c3-da3d900456af	uk.closer	11604.0	Mental health and mental processes (CV19)
urn:ddi:uk.cls.nextsteps:3032d053-47dd-471e-883e-346f09928d3f:1	Next_Steps_Age_30_COVID-19_Survey_-_Wave_2	urn:ddi:uk.cls.nextsteps:547a66ac-8a9c-4339-935e-148fa02205af:1	LONELY c	qi_LONELY_c	How often do you feel isolated from others?		cs_qLONELY_	1|Hardly ever. 2|Some of the time. 3|Often. -8|Don't Know. -9|Don't want to answer	f9142a43-275a-4ad1-b1c3-da3d900456af	uk.closer	11604.0	Mental health and mental processes (CV19)
urn:ddi:uk.cls.nextsteps:83ab13bb-90e6-40fe-8741-16cf36400450:4	Next_Steps_Age_30_COVID-19_Survey_-_Wave_1	urn:ddi:uk.cls.nextsteps:558f2558-f32b-4a32-b1de-1c0658639625:2	CVDCHNG 4	qi_CVDCHNG_4	Since the Coronavirus outbreak please indicate how the following have changed. The amount of conflict I have had with people around me		cs_CVDCHNG	1|More than before. 2|Same - no change. 3|Less than before	922ff9d7-857f-4e18-8040-c028890a0e21	uk.closer	11604.0	Mental health and mental processes (CV19)
urn:ddi:uk.cls.nextsteps:3032d053-47dd-471e-883e-346f09928d3f:1	Next_Steps_Age_30_COVID-19_Survey_-_Wave_2	urn:ddi:uk.cls.nextsteps:570b5ff5-b816-4515-8769-d56d845d287f:1	GHQ1210	qi_GHQ1210	Have you recently been losing confidence in yourself?		cs_qGHQ122	1|Not at all. 2|No more than usual. 3|Rather more than usual. 4|Much more than usual. -8|Don't Know. -9|Don't want to answer	f9142a43-275a-4ad1-b1c3-da3d900456af	uk.closer	11604.0	Mental health and mental processes (CV19)
urn:ddi:uk.cls.nextsteps:3032d053-47dd-471e-883e-346f09928d3f:1	Next_Steps_Age_30_COVID-19_Survey_-_Wave_2	urn:ddi:uk.cls.nextsteps:5be58683-932c-4452-8afe-762b1a3ba1a5:1	LONELY b	qi_LONELY_b	How often do you feel left out?		cs_qLONELY_	1|Hardly ever. 2|Some of the time. 3|Often. -8|Don't Know. -9|Don't want to answer	f9142a43-275a-4ad1-b1c3-da3d900456af	uk.closer	11604.0	Mental health and mental processes (CV19)
urn:ddi:uk.cls.nextsteps:82b7a6c9-47ea-4ee5-98fb-4cd5958c4076:1	Next_Steps_Age_30_COVID-19_Survey_-_Wave_3	urn:ddi:uk.cls.nextsteps:5e0eb8dc-cb2e-4f4a-ac59-023f0e6e202d:1	CMHBEF	qi_CMHBEF	In the 3 months before the Coronavirus outbreak in March 2020, in general would you say their mental health was ...		cs_qGHQ	1|Excellent. 2|Very good. 3|Good. 4|Fair. 5|Poor. -8|Don't Know. -9|Don't want to answer	7922c9a5-66bb-4561-af8a-103cf0dcaad6	uk.closer	11604.0	Mental health and mental processes (CV19)
urn:ddi:uk.cls.nextsteps:3032d053-47dd-471e-883e-346f09928d3f:1	Next_Steps_Age_30_COVID-19_Survey_-_Wave_2	urn:ddi:uk.cls.nextsteps:5ea493c6-48fe-4d0a-975e-43e76f28534e:1	CMHAFT	qi_CMHAFT	Thinking about now, in general would you say their mental health is...		cs_qGHQ	1|Excellent. 2|Very good. 3|Good. 4|Fair. 5|Poor. -8|Don't Know. -9|Don't want to answer	f9142a43-275a-4ad1-b1c3-da3d900456af	uk.closer	11604.0	Mental health and mental processes (CV19)
urn:ddi:uk.cls.nextsteps:82b7a6c9-47ea-4ee5-98fb-4cd5958c4076:1	Next_Steps_Age_30_COVID-19_Survey_-_Wave_3	urn:ddi:uk.cls.nextsteps:5f6f0471-9cbd-4383-bd40-f3942ba502f1:1	CMHAFT	qi_CMHAFT	Thinking about now, in general would you say their mental health is...		cs_qGHQ	1|Excellent. 2|Very good. 3|Good. 4|Fair. 5|Poor. -8|Don't Know. -9|Don't want to answer	7922c9a5-66bb-4561-af8a-103cf0dcaad6	uk.closer	11604.0	Mental health and mental processes (CV19)
urn:ddi:uk.cls.nextsteps:83ab13bb-90e6-40fe-8741-16cf36400450:4	Next_Steps_Age_30_COVID-19_Survey_-_Wave_1	urn:ddi:uk.cls.nextsteps:608c8999-1576-4531-b7ce-61de060b6d11:2	GAD2PHQ2 8	qi_GAD2PHQ2_8	Over the last 2 weeks, how often have you been bothered by the following problems? Feeling down, depressed or hopeless		cs_GAD2PHQ2	1|Not at all. 2|Several days. 3|More than half the days. 4|Nearly every day	922ff9d7-857f-4e18-8040-c028890a0e21	uk.closer	11604.0	Mental health and mental processes (CV19)
urn:ddi:uk.cls.nextsteps:3032d053-47dd-471e-883e-346f09928d3f:1	Next_Steps_Age_30_COVID-19_Survey_-_Wave_2	urn:ddi:uk.cls.nextsteps:616097ba-1aa2-4240-a1e8-169c9a9071a1:1	GHQ121	qi_GHQ121	Have you recently been able to concentrate on what you're doing?		cs_qGHQ121	1|Better than usual. 2|Same as usual. 3|Less than usual. 4|Much less than usual. -8|Don't Know. -9|Don't want to answer	f9142a43-275a-4ad1-b1c3-da3d900456af	uk.closer	11604.0	Mental health and mental processes (CV19)
urn:ddi:uk.cls.nextsteps:3032d053-47dd-471e-883e-346f09928d3f:1	Next_Steps_Age_30_COVID-19_Survey_-_Wave_2	urn:ddi:uk.cls.nextsteps:65def0a1-a78e-4d89-9602-665f25e5cd53:1	LONELY d	qi_LONELY_d	How often do you feel lonely?		cs_qLONELY_	1|Hardly ever. 2|Some of the time. 3|Often. -8|Don't Know. -9|Don't want to answer	f9142a43-275a-4ad1-b1c3-da3d900456af	uk.closer	11604.0	Mental health and mental processes (CV19)
urn:ddi:uk.cls.nextsteps:3032d053-47dd-471e-883e-346f09928d3f:1	Next_Steps_Age_30_COVID-19_Survey_-_Wave_2	urn:ddi:uk.cls.nextsteps:663a8a4a-c232-4147-9290-1daeebdacf9f:1	GHQ129	qi_GHQ129	Have you recently been feeling unhappy or depressed?		cs_qGHQ129	1|Not at all. 2|No more than usual. 3|Rather more than usual. 4|Much more than usual. -8|Don't Know. -9|Don't want to answer	f9142a43-275a-4ad1-b1c3-da3d900456af	uk.closer	11604.0	Mental health and mental processes (CV19)
urn:ddi:uk.cls.nextsteps:3032d053-47dd-471e-883e-346f09928d3f:1	Next_Steps_Age_30_COVID-19_Survey_-_Wave_2	urn:ddi:uk.cls.nextsteps:6b0070b0-2ad9-4574-9d5d-16aab815ea86:1	GHQ123	qi_GHQ123	Have you recently felt that you are playing a useful part in things?		cs_qGHQ123	1|More so than usual. 2|Same as usual. 3|Less so than usual. 4|Much less capable. -8|Don't Know. -9|Don't want to answer	f9142a43-275a-4ad1-b1c3-da3d900456af	uk.closer	11604.0	Mental health and mental processes (CV19)
urn:ddi:uk.cls.nextsteps:82b7a6c9-47ea-4ee5-98fb-4cd5958c4076:1	Next_Steps_Age_30_COVID-19_Survey_-_Wave_3	urn:ddi:uk.cls.nextsteps:6e15999e-d8f0-4f46-ae78-fb4fc2887d12:1	GAD2PHQ2 a	qi_GAD2PHQ2_a	Over the last 2 weeks, how often have you been bothered by the following problems? Feeling nervous, anxious or on edge		cs_qGAD2PHQ2	1|Not at all. 2|Several days. 3|More than half the days. 4|Nearly every day. -8|Don't Know. -9|Don't want to answer	7922c9a5-66bb-4561-af8a-103cf0dcaad6	uk.closer	11604.0	Mental health and mental processes (CV19)
urn:ddi:uk.cls.nextsteps:83ab13bb-90e6-40fe-8741-16cf36400450:4	Next_Steps_Age_30_COVID-19_Survey_-_Wave_1	urn:ddi:uk.cls.nextsteps:735d865a-d376-4d16-bec1-a7c5584feea5:2	SATN	qi_SATN	Overall, how satisfied are you with your life nowadays, where 0 means 'not at all' and 10 means 'completely'?		cs_SATN	100|Not at all satisfied 0. 101|1. 102|2. 103|3. 104|4. 105|5. 106|6. 107|7. 108|8. 109|9. 110|Completely satisfied 10	922ff9d7-857f-4e18-8040-c028890a0e21	uk.closer	11604.0	Mental health and mental processes (CV19)
urn:ddi:uk.cls.nextsteps:82b7a6c9-47ea-4ee5-98fb-4cd5958c4076:1	Next_Steps_Age_30_COVID-19_Survey_-_Wave_3	urn:ddi:uk.cls.nextsteps:7b4be6c6-4432-460f-8001-c12214519e57:1	LONELY d	qi_LONELY_d	How often do you feel lonely?		cs_qLONELY	1|Hardly ever. 2|Some of the time. 3|Often. -8|Don't Know. -9|Don't want to answer	7922c9a5-66bb-4561-af8a-103cf0dcaad6	uk.closer	11604.0	Mental health and mental processes (CV19)
urn:ddi:uk.cls.nextsteps:82b7a6c9-47ea-4ee5-98fb-4cd5958c4076:1	Next_Steps_Age_30_COVID-19_Survey_-_Wave_3	urn:ddi:uk.cls.nextsteps:816a0e22-d5aa-436b-b88e-45cc82523320:1	GAD2PHQ2 c	qi_GAD2PHQ2_c	Over the last 2 weeks, how often have you been bothered by the following problems? Little interest or pleasure in doing things		cs_qGAD2PHQ2	1|Not at all. 2|Several days. 3|More than half the days. 4|Nearly every day. -8|Don't Know. -9|Don't want to answer	7922c9a5-66bb-4561-af8a-103cf0dcaad6	uk.closer	11604.0	Mental health and mental processes (CV19)
urn:ddi:uk.cls.nextsteps:83ab13bb-90e6-40fe-8741-16cf36400450:4	Next_Steps_Age_30_COVID-19_Survey_-_Wave_1	urn:ddi:uk.cls.nextsteps:8a972682-e436-48c8-a497-80733d3803e6:2	GHQ127	qi_GHQ127	Have you recently been able to enjoy your normal day to day activities?		cs_GHQ127	1|More so than usual. 2|Same as usual. 3|Less so than usual. 4|Much less than usual	922ff9d7-857f-4e18-8040-c028890a0e21	uk.closer	11604.0	Mental health and mental processes (CV19)
urn:ddi:uk.cls.nextsteps:83ab13bb-90e6-40fe-8741-16cf36400450:4	Next_Steps_Age_30_COVID-19_Survey_-_Wave_1	urn:ddi:uk.cls.nextsteps:91d71309-aa8d-471c-9c47-6f656f0dcbf2:2	LONELY 6	qi_LONELY_6	How often do you feel lonely?		cs_LONELY	1|Hardly ever. 2|Some of the time. 3|Often	922ff9d7-857f-4e18-8040-c028890a0e21	uk.closer	11604.0	Mental health and mental processes (CV19)
urn:ddi:uk.cls.nextsteps:83ab13bb-90e6-40fe-8741-16cf36400450:4	Next_Steps_Age_30_COVID-19_Survey_-_Wave_1	urn:ddi:uk.cls.nextsteps:9515b150-b00d-4ed6-a997-368263716c62:2	GHQ1210	qi_GHQ1210	Have you recently been losing confidence in yourself?		cs_GHQ1210	1|Not at all. 2|No more than usual. 3|Rather more than usual. 4|Much more than usual	922ff9d7-857f-4e18-8040-c028890a0e21	uk.closer	11604.0	Mental health and mental processes (CV19)
urn:ddi:uk.cls.nextsteps:3032d053-47dd-471e-883e-346f09928d3f:1	Next_Steps_Age_30_COVID-19_Survey_-_Wave_2	urn:ddi:uk.cls.nextsteps:95db3931-6a69-4c38-9da6-10d3e33b81a6:1	GHQ126	qi_GHQ126	Have you recently felt you couldn't overcome your difficulties?		cs_qGHQ126	1|Not at all. 2|No more than usual. 3|Rather more than usual. 4|Much more than usual. -8|Don't Know. -9|Don't want to answer	f9142a43-275a-4ad1-b1c3-da3d900456af	uk.closer	11604.0	Mental health and mental processes (CV19)
urn:ddi:uk.cls.nextsteps:83ab13bb-90e6-40fe-8741-16cf36400450:4	Next_Steps_Age_30_COVID-19_Survey_-_Wave_1	urn:ddi:uk.cls.nextsteps:99cdb3a8-5dea-4ad8-bb01-09afc38bb5cf:2	GAD2PHQ2 5	qi_GAD2PHQ2_5	Over the last 2 weeks, how often have you been bothered by the following problems? Feeling nervous, anxious or on edge		cs_GAD2PHQ2	1|Not at all. 2|Several days. 3|More than half the days. 4|Nearly every day	922ff9d7-857f-4e18-8040-c028890a0e21	uk.closer	11604.0	Mental health and mental processes (CV19)
urn:ddi:uk.cls.nextsteps:83ab13bb-90e6-40fe-8741-16cf36400450:4	Next_Steps_Age_30_COVID-19_Survey_-_Wave_1	urn:ddi:uk.cls.nextsteps:9a9700b6-0de0-4470-81dd-0712f209079b:2	GHQ125	qi_GHQ125	Have you recently felt constantly under strain?		cs_GHQ125	1|Not at all. 2|No more than usual. 3|Rather more than usual. 4|Much more than usual	922ff9d7-857f-4e18-8040-c028890a0e21	uk.closer	11604.0	Mental health and mental processes (CV19)
urn:ddi:uk.cls.nextsteps:3032d053-47dd-471e-883e-346f09928d3f:1	Next_Steps_Age_30_COVID-19_Survey_-_Wave_2	urn:ddi:uk.cls.nextsteps:a11f0f80-259a-45fa-a6c3-ded4d875654a:1	GAD2PHQ2 b	qi_GAD2PHQ2_b	Over the last 2 weeks, how often have you been bothered by the following problems? Not being able to stop or control worrying		cs_qGAD2PHQ2_d	1|Not at all. 2|Several days. 3|More than half the days. 4|Nearly every day. -8|Don't Know. -9|Don't want to answer	f9142a43-275a-4ad1-b1c3-da3d900456af	uk.closer	11604.0	Mental health and mental processes (CV19)
urn:ddi:uk.cls.nextsteps:82b7a6c9-47ea-4ee5-98fb-4cd5958c4076:1	Next_Steps_Age_30_COVID-19_Survey_-_Wave_3	urn:ddi:uk.cls.nextsteps:a1361f8d-d1b2-40b5-9437-cb7440054da1:1	CONTRL	qi_CONTRL	Which of these statements is more true for you?		cs_qCONTRL	1|I usually have a free choice and control over my life. 2|Whatever I do has no real effect on what happens to me. -8|Don't Know. -9|Don't want to answer	7922c9a5-66bb-4561-af8a-103cf0dcaad6	uk.closer	11604.0	Mental health and mental processes (CV19)
urn:ddi:uk.cls.nextsteps:82b7a6c9-47ea-4ee5-98fb-4cd5958c4076:1	Next_Steps_Age_30_COVID-19_Survey_-_Wave_3	urn:ddi:uk.cls.nextsteps:aba23266-eda9-4e9e-b241-0bd62df0cac9:1	LONELY c	qi_LONELY_c	How often do you feel isolated from others?		cs_qLONELY	1|Hardly ever. 2|Some of the time. 3|Often. -8|Don't Know. -9|Don't want to answer	7922c9a5-66bb-4561-af8a-103cf0dcaad6	uk.closer	11604.0	Mental health and mental processes (CV19)
urn:ddi:uk.cls.nextsteps:3032d053-47dd-471e-883e-346f09928d3f:1	Next_Steps_Age_30_COVID-19_Survey_-_Wave_2	urn:ddi:uk.cls.nextsteps:ad6a1a7b-6897-444d-bc88-995735952677:1	GHQ1211	qi_GHQ1211	Have you recently been thinking of yourself as a worthless person?		cs_qGHQ126	1|Not at all. 2|No more than usual. 3|Rather more than usual. 4|Much more than usual. -8|Don't Know. -9|Don't want to answer	f9142a43-275a-4ad1-b1c3-da3d900456af	uk.closer	11604.0	Mental health and mental processes (CV19)
urn:ddi:uk.cls.nextsteps:3032d053-47dd-471e-883e-346f09928d3f:1	Next_Steps_Age_30_COVID-19_Survey_-_Wave_2	urn:ddi:uk.cls.nextsteps:b2be6ee2-31b4-42d4-a1c7-ad34cdf30034:1	SATN	qi_SATN	Overall, how satisfied are you with your life nowadays, where 0 means 'not at all' and 10 means 'completely'?		cs_qSATN	1|0: Not at all satisfied. 2|1. 3|2. 4|3. 5|4. 6|5. 7|6. 8|7. 9|8. 10|9. 11|10: Completely satisfied. -8|Don't Know. -9|Don't want to answer	f9142a43-275a-4ad1-b1c3-da3d900456af	uk.closer	11604.0	Mental health and mental processes (CV19)
urn:ddi:uk.cls.nextsteps:83ab13bb-90e6-40fe-8741-16cf36400450:4	Next_Steps_Age_30_COVID-19_Survey_-_Wave_1	urn:ddi:uk.cls.nextsteps:bf2c90ec-7c82-444d-97b5-1550e0f0dc4b:2	GHQ1211	qi_GHQ1211	Have you recently been thinking of yourself as a worthless person?		cs_GHQ1211	1|Not at all. 2|No more than usual. 3|Rather more than usual. 4|Much more than usual	922ff9d7-857f-4e18-8040-c028890a0e21	uk.closer	11604.0	Mental health and mental processes (CV19)
urn:ddi:uk.cls.nextsteps:83ab13bb-90e6-40fe-8741-16cf36400450:4	Next_Steps_Age_30_COVID-19_Survey_-_Wave_1	urn:ddi:uk.cls.nextsteps:c86dd6f2-2a9d-492b-ac8e-a5c6758c5c3b:2	GHQ122	qi_GHQ122	Have you recently lost much sleep over worry?		cs_GHQ122	1|Not at all. 2|No more than usual. 3|Rather more than usual. 4|Much more than usual	922ff9d7-857f-4e18-8040-c028890a0e21	uk.closer	11604.0	Mental health and mental processes (CV19)
urn:ddi:uk.cls.nextsteps:83ab13bb-90e6-40fe-8741-16cf36400450:4	Next_Steps_Age_30_COVID-19_Survey_-_Wave_1	urn:ddi:uk.cls.nextsteps:ca1de798-e7bc-4310-b7ec-c67021fa4abe:2	GAD2PHQ2 7	qi_GAD2PHQ2_7	Over the last 2 weeks, how often have you been bothered by the following problems? Little interest or pleasure in doing things		cs_GAD2PHQ2	1|Not at all. 2|Several days. 3|More than half the days. 4|Nearly every day	922ff9d7-857f-4e18-8040-c028890a0e21	uk.closer	11604.0	Mental health and mental processes (CV19)
urn:ddi:uk.cls.nextsteps:3032d053-47dd-471e-883e-346f09928d3f:1	Next_Steps_Age_30_COVID-19_Survey_-_Wave_2	urn:ddi:uk.cls.nextsteps:cec5a6c2-f916-40cb-8c15-9ecd241087d2:1	GHQ1212	qi_GHQ1212	Have you recently been feeling reasonably happy, all things considered?		cs_qGHQ1212	1|More so than usual. 2|Same as usual. 3|Less so than usual. 4|Much less than usual. -8|Don't Know. -9|Don't want to answer	f9142a43-275a-4ad1-b1c3-da3d900456af	uk.closer	11604.0	Mental health and mental processes (CV19)
urn:ddi:uk.cls.nextsteps:83ab13bb-90e6-40fe-8741-16cf36400450:4	Next_Steps_Age_30_COVID-19_Survey_-_Wave_1	urn:ddi:uk.cls.nextsteps:d0b5f9d8-0ec7-40e9-abf3-b427930d8a3d:2	GHQ126	qi_GHQ126	Have you recently felt you couldn't overcome your difficulties?		cs_GHQ126	1|Not at all. 2|No more than usual. 3|Rather more than usual. 4|Much more than usual	922ff9d7-857f-4e18-8040-c028890a0e21	uk.closer	11604.0	Mental health and mental processes (CV19)
urn:ddi:uk.cls.nextsteps:83ab13bb-90e6-40fe-8741-16cf36400450:4	Next_Steps_Age_30_COVID-19_Survey_-_Wave_1	urn:ddi:uk.cls.nextsteps:d35159d3-ac7e-49cb-be20-ad44b6171809:2	GHQ121	qi_GHQ121	Have you recently been able to concentrate on what you're doing?		cs_GHQ121	1|Better than usual. 2|Same as usual. 3|Less than usual. 4|Much less than usual	922ff9d7-857f-4e18-8040-c028890a0e21	uk.closer	11604.0	Mental health and mental processes (CV19)
urn:ddi:uk.cls.nextsteps:3032d053-47dd-471e-883e-346f09928d3f:1	Next_Steps_Age_30_COVID-19_Survey_-_Wave_2	urn:ddi:uk.cls.nextsteps:e8276b5a-786b-4bf2-acce-35555fcbb97b:1	GAD2PHQ2 c	qi_GAD2PHQ2_c	Over the last 2 weeks, how often have you been bothered by the following problems? Little interest or pleasure in doing things		cs_qGAD2PHQ2_d	1|Not at all. 2|Several days. 3|More than half the days. 4|Nearly every day. -8|Don't Know. -9|Don't want to answer	f9142a43-275a-4ad1-b1c3-da3d900456af	uk.closer	11604.0	Mental health and mental processes (CV19)
urn:ddi:uk.cls.nextsteps:3032d053-47dd-471e-883e-346f09928d3f:1	Next_Steps_Age_30_COVID-19_Survey_-_Wave_2	urn:ddi:uk.cls.nextsteps:e8d6d078-e147-44ec-8681-181f25ec2c99:1	MHNOW	qi_MHNOW	Thinking about now, in general would you say your mental health is ...		cs_qMH	1|Excellent. 2|Very good. 3|Good. 4|Fair. 5|Poor. -8|Don't Know. -9|Don't want to answer	f9142a43-275a-4ad1-b1c3-da3d900456af	uk.closer	11604.0	Mental health and mental processes (CV19)
urn:ddi:uk.cls.nextsteps:83ab13bb-90e6-40fe-8741-16cf36400450:4	Next_Steps_Age_30_COVID-19_Survey_-_Wave_1	urn:ddi:uk.cls.nextsteps:e9a95b3d-e784-4258-b5c8-9932c7d72de1:2	LONELY 4	qi_LONELY_4	How often do you feel isolated from others?		cs_LONELY	1|Hardly ever. 2|Some of the time. 3|Often	922ff9d7-857f-4e18-8040-c028890a0e21	uk.closer	11604.0	Mental health and mental processes (CV19)
urn:ddi:uk.cls.nextsteps:3032d053-47dd-471e-883e-346f09928d3f:1	Next_Steps_Age_30_COVID-19_Survey_-_Wave_2	urn:ddi:uk.cls.nextsteps:efbb13f0-2f97-4029-9f90-e368b64cfc00:1	LONELY a	qi_LONELY_a	How often do you feel that you lack companionship?		cs_qLONELY_	1|Hardly ever. 2|Some of the time. 3|Often. -8|Don't Know. -9|Don't want to answer	f9142a43-275a-4ad1-b1c3-da3d900456af	uk.closer	11604.0	Mental health and mental processes (CV19)
urn:ddi:uk.cls.nextsteps:3032d053-47dd-471e-883e-346f09928d3f:1	Next_Steps_Age_30_COVID-19_Survey_-_Wave_2	urn:ddi:uk.cls.nextsteps:efe04ceb-9f2c-40dd-acad-05de4ffae724:1	CMHBEF	qi_CMHBEF	In the 3 months before the Coronavirus outbreak in March, in general would you say their mental health was...		cs_qGHQ	1|Excellent. 2|Very good. 3|Good. 4|Fair. 5|Poor. -8|Don't Know. -9|Don't want to answer	f9142a43-275a-4ad1-b1c3-da3d900456af	uk.closer	11604.0	Mental health and mental processes (CV19)
urn:ddi:uk.cls.nextsteps:83ab13bb-90e6-40fe-8741-16cf36400450:4	Next_Steps_Age_30_COVID-19_Survey_-_Wave_1	urn:ddi:uk.cls.nextsteps:f29b4169-33fc-4142-b882-56cfddf53a62:2	GHQ123	qi_GHQ123	Have you recently felt that you are playing a useful part in things?		cs_GHQ123	1|More so than usual. 2|Same as usual. 3|Less useful than usual. 4|Much less useful	922ff9d7-857f-4e18-8040-c028890a0e21	uk.closer	11604.0	Mental health and mental processes (CV19)
urn:ddi:uk.cls.nextsteps:3032d053-47dd-471e-883e-346f09928d3f:1	Next_Steps_Age_30_COVID-19_Survey_-_Wave_2	urn:ddi:uk.cls.nextsteps:f602539f-e4e5-4533-abb6-cf74e953612a:1	GHQ128	qi_GHQ128	Have you recently been able to face up to your problems?		cs_qGHQ128	1|More so than usual. 2|Same as usual. 3|Less so than usual. 4|Much less able. -8|Don't Know. -9|Don't want to answer	f9142a43-275a-4ad1-b1c3-da3d900456af	uk.closer	11604.0	Mental health and mental processes (CV19)
urn:ddi:uk.cls.nextsteps:83ab13bb-90e6-40fe-8741-16cf36400450:4	Next_Steps_Age_30_COVID-19_Survey_-_Wave_1	urn:ddi:uk.cls.nextsteps:f75e61fa-ca42-4957-8a96-2771f4c1c5e7:2	GHQ128	qi_GHQ128	Have you recently been able to face up to your problems?		cs_GHQ128	1|More so than usual. 2|Same as usual. 3|Less so than usual. 4|Much less able	922ff9d7-857f-4e18-8040-c028890a0e21	uk.closer	11604.0	Mental health and mental processes (CV19)
urn:ddi:uk.cls.nextsteps:82b7a6c9-47ea-4ee5-98fb-4cd5958c4076:1	Next_Steps_Age_30_COVID-19_Survey_-_Wave_3	urn:ddi:uk.cls.nextsteps:f9a5c1b5-dcbb-465a-b83f-a7e69968d5fe:1	GAD2PHQ2 d	qi_GAD2PHQ2_d	Over the last 2 weeks, how often have you been bothered by the following problems? Feeling down, depressed or hopeless		cs_qGAD2PHQ2	1|Not at all. 2|Several days. 3|More than half the days. 4|Nearly every day. -8|Don't Know. -9|Don't want to answer	7922c9a5-66bb-4561-af8a-103cf0dcaad6	uk.closer	11604.0	Mental health and mental processes (CV19)
urn:ddi:uk.cls.nextsteps:83ab13bb-90e6-40fe-8741-16cf36400450:4	Next_Steps_Age_30_COVID-19_Survey_-_Wave_1	urn:ddi:uk.cls.nextsteps:fff8342c-0691-40bb-960c-71196bb5a44a:2	LONELY 3	qi_LONELY_3	How often do you feel left out?		cs_LONELY	1|Hardly ever. 2|Some of the time. 3|Often	922ff9d7-857f-4e18-8040-c028890a0e21	uk.closer	11604.0	Mental health and mental processes (CV19)
urn:ddi:uk.cls.nextsteps:3032d053-47dd-471e-883e-346f09928d3f:1	Next_Steps_Age_30_COVID-19_Survey_-_Wave_2	urn:ddi:uk.cls.nextsteps:061739c6-0ab9-420f-a86c-f16a41a45842:1	APPMEN	qi_APPMEN	At the time of the Coronavirus outbreak in March, did you have an appointment booked for cognitive behaviour therapy, counselling or psychological therapy?		cs_qCOVID_HOSPAD	1|Yes. 2|No. -8|Don't Know. -9|Don't want to answer	eea3c723-c22f-4d66-82f9-ed4242400721	uk.closer	11605.0	Health care (CV19)
urn:ddi:uk.cls.nextsteps:3032d053-47dd-471e-883e-346f09928d3f:1	Next_Steps_Age_30_COVID-19_Survey_-_Wave_2	urn:ddi:uk.cls.nextsteps:090aa732-3372-4217-8c3a-c56f45d976dc:1	PMED	qi_PMED	At the time of the Coronavirus outbreak in March, were you taking any prescribed medication?		cs_qCOVID_HOSPAD	1|Yes. 2|No. -8|Don't Know. -9|Don't want to answer	eea3c723-c22f-4d66-82f9-ed4242400721	uk.closer	11605.0	Health care (CV19)
urn:ddi:uk.cls.nextsteps:83ab13bb-90e6-40fe-8741-16cf36400450:4	Next_Steps_Age_30_COVID-19_Survey_-_Wave_1	urn:ddi:uk.cls.nextsteps:1d4ecd65-5932-45de-9fe9-ffcfe7fed2ae:2	SURGCAN	qi_SURGCAN	Have you had any surgery, medical procedures or any other medical appointments cancelled since the outbreak of the Coronavirus?		cs_SURGCAN	1|Yes. 2|No	cb9c3154-fad1-417c-a95a-79962100fbf3	uk.closer	11605.0	Health care (CV19)
urn:ddi:uk.cls.nextsteps:3032d053-47dd-471e-883e-346f09928d3f:1	Next_Steps_Age_30_COVID-19_Survey_-_Wave_2	urn:ddi:uk.cls.nextsteps:27b90469-0aaa-49d0-83b3-d8e06f0f413f:1	APPMENHAD	qi_APPMENHAD	Have you now had your appointment for cognitive behaviour therapy, counselling or psychological therapy?	If you have had more than one appointment booked, and if there are any which you have not yet had, please select 'No'.	cs_qCOVID_HOSPAD	1|Yes. 2|No. -8|Don't Know. -9|Don't want to answer	eea3c723-c22f-4d66-82f9-ed4242400721	uk.closer	11605.0	Health care (CV19)
urn:ddi:uk.cls.nextsteps:3032d053-47dd-471e-883e-346f09928d3f:1	Next_Steps_Age_30_COVID-19_Survey_-_Wave_2	urn:ddi:uk.cls.nextsteps:28e7c198-3f26-4a7e-a99f-98de4815e379:1	APPHADSH	qi_APPHADSH	Did your (last) surgery take place on the planned date or was it delayed?		cs_qAPPHADSH	1|Surgery took place on the planned date. 2|Surgery was delayed. -8|Don't Know. -9|Don't want to answer	eea3c723-c22f-4d66-82f9-ed4242400721	uk.closer	11605.0	Health care (CV19)
urn:ddi:uk.cls.nextsteps:82b7a6c9-47ea-4ee5-98fb-4cd5958c4076:1	Next_Steps_Age_30_COVID-19_Survey_-_Wave_3	urn:ddi:uk.cls.nextsteps:3ea81ca1-eb6c-4c98-8e69-183a27ccbc5d:1	COVIDVAC	qi_COVIDVAC	The Government is likely to offer everyone a free vaccination for COVID-19. How likely or unlikely is it that you will choose to be vaccinated?		cs_qCOVIDVAC	1|Very likely. 2|Likely. 4|Unlikely. 5|Very unlikely. -8|Don't Know. -9|Don't want to answer	0b2ed3d6-b51a-4281-8cc6-f934eff8dc88	uk.closer	11605.0	Health care (CV19)
urn:ddi:uk.cls.nextsteps:3032d053-47dd-471e-883e-346f09928d3f:1	Next_Steps_Age_30_COVID-19_Survey_-_Wave_2	urn:ddi:uk.cls.nextsteps:4b294df4-718c-4027-bbe8-50510d548aaa:1	APPHAD	qi_APPHAD	Have you now had your in-patient or out-patient hospital appointment for a consultation, investigation or treatment?	If you have had more than one appointment booked, and if there are any which you have not yet had, please select 'No'	cs_qCOVID_HOSPAD	1|Yes. 2|No. -8|Don't Know. -9|Don't want to answer	eea3c723-c22f-4d66-82f9-ed4242400721	uk.closer	11605.0	Health care (CV19)
urn:ddi:uk.cls.nextsteps:3032d053-47dd-471e-883e-346f09928d3f:1	Next_Steps_Age_30_COVID-19_Survey_-_Wave_2	urn:ddi:uk.cls.nextsteps:4b2af114-f6bb-4487-b939-9514a297a494:1	SHIELD	qi_SHIELD	Did you at any time receive a letter or text message from the NHS or Chief Medical Officer saying that you have been identified as someone at risk of severe illness if you catch Coronavirus, because you have an underlying disease or health condition?		cs_qCOVID_HOSPAD	1|Yes. 2|No. -8|Don't Know. -9|Don't want to answer	eea3c723-c22f-4d66-82f9-ed4242400721	uk.closer	11605.0	Health care (CV19)
urn:ddi:uk.cls.nextsteps:82b7a6c9-47ea-4ee5-98fb-4cd5958c4076:1	Next_Steps_Age_30_COVID-19_Survey_-_Wave_3	urn:ddi:uk.cls.nextsteps:4b97fa96-ec59-4cd4-84ba-525778d23cc5:1	APPCAND	qi_APPCAND	Were any of your medical appointments cancelled or delayed?		cs_qCOVNEWILL	1|Yes. 2|No. -8|Don't know. -9|Don't want to answer	0b2ed3d6-b51a-4281-8cc6-f934eff8dc88	uk.closer	11605.0	Health care (CV19)
urn:ddi:uk.cls.nextsteps:3032d053-47dd-471e-883e-346f09928d3f:1	Next_Steps_Age_30_COVID-19_Survey_-_Wave_2	urn:ddi:uk.cls.nextsteps:5c16fe83-0e94-46a6-a9b3-a8e27008304a:1	CARDMED	qi_CARDMED	Were you taking any of the following medications for hypertension or cardiovascular disease at that time?	Please select all that apply.	cs_qCARDMED	1|ACE-inhibitor (e.g. Ramipril, Lisinopril). 2|Sartan (e.g. Losartan, Valsartan, Candesartan). 3|Entresto (sucubitril/valsartan). 4|None of these. -8|Don't Know. -9|Don't want to answer	eea3c723-c22f-4d66-82f9-ed4242400721	uk.closer	11605.0	Health care (CV19)
urn:ddi:uk.cls.nextsteps:82b7a6c9-47ea-4ee5-98fb-4cd5958c4076:1	Next_Steps_Age_30_COVID-19_Survey_-_Wave_3	urn:ddi:uk.cls.nextsteps:5e4e816d-327a-476a-9f79-b2f4baf83c47:1	COVIDADV	qi_COVIDADV	Have you sought medical advice in relation to any symptoms you have had, which you think may have been caused by Coronavirus?	Please select all that apply. 	cs_qCOVIDADV	1|Yes - discussed symptoms with doctor/GP/practice nurse. 2|Yes - discussed symptoms with NHS 111 in England, Wales and Northern Ireland or NHS 24 in Scotland. 3|Yes – accessed online advice at NHS 111 in England, Wales and Northern Ireland or NHS 24 in Scotland. 4|Yes - visited pharmacist. 5|Yes - visited A&E or walk in centre. 6|No. -8|Don't Know. -9|Don't want to answer	0b2ed3d6-b51a-4281-8cc6-f934eff8dc88	uk.closer	11605.0	Health care (CV19)
urn:ddi:uk.cls.nextsteps:3032d053-47dd-471e-883e-346f09928d3f:1	Next_Steps_Age_30_COVID-19_Survey_-_Wave_2	urn:ddi:uk.cls.nextsteps:63d62864-b753-42b7-aa79-2e5d7241561e:1	APPHADT	qi_APPHADT	Did your (last) appointment take place in-person or by phone/video?		cs_qAPPHADT	1|In-person appointment. 2|Appointment took place via phone/video. -8|Don't Know. -9|Don't want to answer	eea3c723-c22f-4d66-82f9-ed4242400721	uk.closer	11605.0	Health care (CV19)
urn:ddi:uk.cls.nextsteps:3032d053-47dd-471e-883e-346f09928d3f:1	Next_Steps_Age_30_COVID-19_Survey_-_Wave_2	urn:ddi:uk.cls.nextsteps:6a1e795c-989d-4931-8541-5263254db7ab:1	APPHADTH	qi_APPHADTH	Did your (last) appointment take place in-person or by phone/video?		cs_qAPPHADT	1|In-person appointment. 2|Appointment took place via phone/video. -8|Don't Know. -9|Don't want to answer	eea3c723-c22f-4d66-82f9-ed4242400721	uk.closer	11605.0	Health care (CV19)
urn:ddi:uk.cls.nextsteps:3032d053-47dd-471e-883e-346f09928d3f:1	Next_Steps_Age_30_COVID-19_Survey_-_Wave_2	urn:ddi:uk.cls.nextsteps:6c5ffe77-0c2b-4e71-b22a-313c1414246f:1	PMEDDIFTYP	qi_PMEDDIFTYP	Which type of medication did you have difficulty obtaining?	Please select all that apply.	cs_qPMEDTYP	1|Asthma medication. 2|Oral contraceptive or hormone replacement therapy. 3|Anti-depressant or anxiety medication. 4|Diabetes medication. 5|Hypertension or cardiovascular disease medication. 6|Cancer chemotherapy. 7|Other. -8|Don't Know. -9|Don't want to answer	eea3c723-c22f-4d66-82f9-ed4242400721	uk.closer	11605.0	Health care (CV19)
urn:ddi:uk.cls.nextsteps:3032d053-47dd-471e-883e-346f09928d3f:1	Next_Steps_Age_30_COVID-19_Survey_-_Wave_2	urn:ddi:uk.cls.nextsteps:86637ba0-c6f9-404b-bf3f-ea1828d3b567:1	PMEDDIFB	qi_PMEDDIFB	Are you still having any difficulty obtaining any of your prescribed medication?		cs_qPMEDDIFB	1|Yes. 2|No. 3|Not applicable - no longer require this medication. -8|Don't Know. -9|Don't want to answer	eea3c723-c22f-4d66-82f9-ed4242400721	uk.closer	11605.0	Health care (CV19)
urn:ddi:uk.cls.nextsteps:3032d053-47dd-471e-883e-346f09928d3f:1	Next_Steps_Age_30_COVID-19_Survey_-_Wave_2	urn:ddi:uk.cls.nextsteps:89db7d0f-9f68-46ed-a232-e2dcfd2c5b5c:1	APPMENHADH	qi_APPMENHADH	Did your (last) appointment take place on the planned date or was it delayed?		cs_qAPPHADH	1|Appointment took place on the planned date. 2|Appointment was delayed. -8|Don't Know. -9|Don't want to answer	eea3c723-c22f-4d66-82f9-ed4242400721	uk.closer	11605.0	Health care (CV19)
urn:ddi:uk.cls.nextsteps:3032d053-47dd-471e-883e-346f09928d3f:1	Next_Steps_Age_30_COVID-19_Survey_-_Wave_2	urn:ddi:uk.cls.nextsteps:a1d2d0c2-7c5e-4181-9c0c-f1135dd53312:1	APPNOT	qi_APPNOT	Why has your in-patient or out-patient hospital appointment for a consultation, investigation or treatment not taken place?		cs_qAPPNOT	1|My appointment was postponed and has not yet happened. 2|My appointment was not postponed, but it hasn't happened yet. 3|My appointment was cancelled. -8|Don't Know. -9|Don't want to answer	eea3c723-c22f-4d66-82f9-ed4242400721	uk.closer	11605.0	Health care (CV19)
urn:ddi:uk.cls.nextsteps:3032d053-47dd-471e-883e-346f09928d3f:1	Next_Steps_Age_30_COVID-19_Survey_-_Wave_2	urn:ddi:uk.cls.nextsteps:b814b95f-23f0-4af6-8c6a-717852e41948:1	COVIDADV	qi_COVIDADV	Have you sought medical advice in relation to any symptoms you have had, which you think may have been caused by Coronavirus?	Please select all that apply.	cs_qCOVIDADV	1|Yes - discussed symptoms with doctor/GP/practice nurse. 2|Yes - discussed symptoms with NHS 111 in England, Wales and Northern Ireland or NHS 24 in Scotland. 3|Yes - accessed online advice at NHS 111 in England, Wales and Northern Ireland or NHS 24 in Scotland. 4|Yes - visited pharmacist. 5|Yes - visited A&amp;amp;E or walk in centre. 6|No. -8|Don't Know. -9|Don't want to answer	eea3c723-c22f-4d66-82f9-ed4242400721	uk.closer	11605.0	Health care (CV19)
urn:ddi:uk.cls.nextsteps:3032d053-47dd-471e-883e-346f09928d3f:1	Next_Steps_Age_30_COVID-19_Survey_-_Wave_2	urn:ddi:uk.cls.nextsteps:c19f776b-2ec1-4e56-901e-baad65f1670b:1	APPHADH	qi_APPHADH	Did your (last) appointment take place on the planned date or was it delayed?		cs_qAPPHADH	1|Appointment took place on the planned date. 2|Appointment was delayed. -8|Don't Know. -9|Don't want to answer	eea3c723-c22f-4d66-82f9-ed4242400721	uk.closer	11605.0	Health care (CV19)
urn:ddi:uk.cls.nextsteps:83ab13bb-90e6-40fe-8741-16cf36400450:4	Next_Steps_Age_30_COVID-19_Survey_-_Wave_1	urn:ddi:uk.cls.nextsteps:c5dc7186-18f5-4ddf-b460-050eb260e335:2	SHIELD	qi_SHIELD	Have you received a letter or text message from the NHS or Chief Medical Officer saying that you have been identified as someone at risk of severe illness if you catch Coronavirus, because you have an underlying disease or health condition?		cs_SHIELD	1|Yes. 2|No	cb9c3154-fad1-417c-a95a-79962100fbf3	uk.closer	11605.0	Health care (CV19)
urn:ddi:uk.cls.nextsteps:3032d053-47dd-471e-883e-346f09928d3f:1	Next_Steps_Age_30_COVID-19_Survey_-_Wave_2	urn:ddi:uk.cls.nextsteps:cc41f55b-a7a7-4ae4-9b28-01e74a21e202:1	APPNOTH	qi_APPNOTH	Why has your appointment for cognitive behaviour therapy, counselling or psychological therapy not taken place?		cs_qAPPNOT	1|My appointment was postponed and has not yet happened. 2|My appointment was not postponed, but it hasn't happened yet. 3|My appointment was cancelled. -8|Don't Know. -9|Don't want to answer	eea3c723-c22f-4d66-82f9-ed4242400721	uk.closer	11605.0	Health care (CV19)
urn:ddi:uk.cls.nextsteps:82b7a6c9-47ea-4ee5-98fb-4cd5958c4076:1	Next_Steps_Age_30_COVID-19_Survey_-_Wave_3	urn:ddi:uk.cls.nextsteps:cd93cc89-d73a-4cbf-8ca7-f8dc48fa994a:1	BEENVAC	qi_BEENVAC	Have you been vaccinated for COVID-19?		cs_qBEENVAC	1|Yes. 2|No – but I intend to be. 3|No – and I do not intend to be. -8|Don't Know. -9|Don't want to answer	0b2ed3d6-b51a-4281-8cc6-f934eff8dc88	uk.closer	11605.0	Health care (CV19)
urn:ddi:uk.cls.nextsteps:82b7a6c9-47ea-4ee5-98fb-4cd5958c4076:1	Next_Steps_Age_30_COVID-19_Survey_-_Wave_3	urn:ddi:uk.cls.nextsteps:d1cecb36-d0cd-4498-bbea-901d2a674729:1	APPCANT	qi_APPCANT	Which type of medical appointment was cancelled or delayed?	Please select all that apply. ONLY DISPLAY RESPONSES SELECTED AT APPMED	cs_qAPPCANT	1|Hospital appointment for consultation, investigation or treatment.. 2|Hospital appointment for surgery. 3|Appointment for cognitive behaviour therapy, counselling or psychological therapy. 4|Any other medical appointment. -8|Don't know. -9|Don't want to answer	0b2ed3d6-b51a-4281-8cc6-f934eff8dc88	uk.closer	11605.0	Health care (CV19)
urn:ddi:uk.cls.nextsteps:3032d053-47dd-471e-883e-346f09928d3f:1	Next_Steps_Age_30_COVID-19_Survey_-_Wave_2	urn:ddi:uk.cls.nextsteps:d7f125b0-802f-4b15-a8ff-4721dd5ad5f2:1	PMEDDIF	qi_PMEDDIF	Since the Coronavirus outbreak in March, have you had any difficulty obtaining any of your prescribed medication?		cs_qPMEDDIF	1|Yes. 2|No/Not applicable. -8|Don't Know. -9|Don't want to answer	eea3c723-c22f-4d66-82f9-ed4242400721	uk.closer	11605.0	Health care (CV19)
urn:ddi:uk.cls.nextsteps:82b7a6c9-47ea-4ee5-98fb-4cd5958c4076:1	Next_Steps_Age_30_COVID-19_Survey_-_Wave_3	urn:ddi:uk.cls.nextsteps:df00ae92-ba59-4812-a797-26e210178861:1	APPMED	qi_APPMED	Since the Coronavirus outbreak in March 2020, have you at any time had any medical appointments booked?	Please select all that apply.	cs_qAPPMED	1|Hospital appointment for consultation, investigation or treatment.. 2|Hospital appointment for surgery. 6|GP appointment. 3|Appointment for cognitive behaviour therapy, counselling or psychological therapy. 4|Any other medical appointment. 5|No medical appointments booked. -8|Don't know. -9|Don't want to answer	0b2ed3d6-b51a-4281-8cc6-f934eff8dc88	uk.closer	11605.0	Health care (CV19)
urn:ddi:uk.cls.nextsteps:3032d053-47dd-471e-883e-346f09928d3f:1	Next_Steps_Age_30_COVID-19_Survey_-_Wave_2	urn:ddi:uk.cls.nextsteps:f3eba697-7d15-43c5-b352-021f07310761:1	APPHADS	qi_APPHADS	Have you now had your surgery?	If you have had more than one surgery booked, and if there are any which have you have not yet had, please select 'No'.	cs_qCOVID_HOSPAD	1|Yes. 2|No. -8|Don't Know. -9|Don't want to answer	eea3c723-c22f-4d66-82f9-ed4242400721	uk.closer	11605.0	Health care (CV19)
urn:ddi:uk.cls.nextsteps:3032d053-47dd-471e-883e-346f09928d3f:1	Next_Steps_Age_30_COVID-19_Survey_-_Wave_2	urn:ddi:uk.cls.nextsteps:f49fbe77-c62f-4b87-9245-b931bb3fa97a:1	APPHOSP	qi_APPHOSP	At the time of the Coronavirus outbreak in March, did you have an in-patient or out-patient appointment booked at a hospital for a consultation, investigation, treatment or surgery?	Please select all that apply.	cs_qAPPHOSP	1|Yes - for a consultation, investigation or treatment. 2|Yes - for surgery. 3|No. -8|Don't Know. -9|Don't want to answer	eea3c723-c22f-4d66-82f9-ed4242400721	uk.closer	11605.0	Health care (CV19)
urn:ddi:uk.cls.nextsteps:83ab13bb-90e6-40fe-8741-16cf36400450:4	Next_Steps_Age_30_COVID-19_Survey_-_Wave_1	urn:ddi:uk.cls.nextsteps:f579cfa3-d62f-43da-8824-7120fed64100:2	COVIDADV	qi_COVIDADV	Have you sought medical advice in relation to any symptoms you have had, which you think may be caused by Coronavirus?	Please select all that apply.	cs_COVIDADV	1|Yes - discussed symptoms with doctor/practice nurse. 2|Yes - discussed symptoms with NHS 111 in England, Wales and Northern Ireland or NHS 24 in Scotland. 3|Yes – accessed online advice at NHS 111 in England, Wales and Northern Ireland or NHS 24 in Scotland. 4|Yes - visited pharmacist. 5|Yes - visited A&E or walk in centre. 6|No	cb9c3154-fad1-417c-a95a-79962100fbf3	uk.closer	11605.0	Health care (CV19)
urn:ddi:uk.cls.nextsteps:3032d053-47dd-471e-883e-346f09928d3f:1	Next_Steps_Age_30_COVID-19_Survey_-_Wave_2	urn:ddi:uk.cls.nextsteps:f630543c-9ebe-4e5b-9654-98f7db8ce00b:1	PMEDTYP	qi_PMEDTYP	Which type of prescribed medication were you taking at that time?	Please select all that apply.	cs_qPMEDTYP	1|Asthma medication. 2|Oral contraceptive or hormone replacement therapy. 3|Anti-depressant or anxiety medication. 4|Diabetes medication. 5|Hypertension or cardiovascular disease medication. 6|Cancer chemotherapy. 7|Other. -8|Don't Know. -9|Don't want to answer	eea3c723-c22f-4d66-82f9-ed4242400721	uk.closer	11605.0	Health care (CV19)
urn:ddi:uk.cls.nextsteps:3032d053-47dd-471e-883e-346f09928d3f:1	Next_Steps_Age_30_COVID-19_Survey_-_Wave_2	urn:ddi:uk.cls.nextsteps:fa7636fc-103b-4d2f-a483-759c2de2c5ad:1	APPNOTS	qi_APPNOTS	Why has your surgery not taken place?		cs_qAPPNOTS	1|My surgery was postponed and has not yet happened. 2|My surgery was not postponed, but it hasn't happened yet. 3|My surgery was cancelled. -8|Don't Know. -9|Don't want to answer	eea3c723-c22f-4d66-82f9-ed4242400721	uk.closer	11605.0	Health care (CV19)
urn:ddi:uk.cls.nextsteps:3032d053-47dd-471e-883e-346f09928d3f:1	Next_Steps_Age_30_COVID-19_Survey_-_Wave_2	urn:ddi:uk.cls.nextsteps:0693fdd3-3c2d-499b-9b66-b828944dec44:1	RISK	qi_RISK	On a scale from 0-10, where 0 is 'never' and 10 is 'always', how willing to take risks would say you are?		cs_qRISK	1|0: Never. 2|1. 3|2. 4|3. 5|4. 6|5. 7|6. 8|7. 9|8. 10|9. 11|10: Always. -8|Don't Know. -9|Don't want to answer	58090cfb-c656-4133-bd41-9215317ee9fb	uk.closer	11606.0	Health behaviour (CV19)
urn:ddi:uk.cls.nextsteps:3032d053-47dd-471e-883e-346f09928d3f:1	Next_Steps_Age_30_COVID-19_Survey_-_Wave_2	urn:ddi:uk.cls.nextsteps:0e0fd76c-c9f3-42bc-a6b6-9e5bbd33e3dd:1	ALDRPP	qi_ALDRPP	In the month before the Coronavirus outbreak in March, how often did you have a drink containing alcohol?		cs_qALDRPP	1|4 or more times a week. 2|2-3 times a week. 3|Once a week. 4|Less than once a week. 5|Never. -8|Don't Know. -9|Don't want to answer	58090cfb-c656-4133-bd41-9215317ee9fb	uk.closer	11606.0	Health behaviour (CV19)
urn:ddi:uk.cls.nextsteps:83ab13bb-90e6-40fe-8741-16cf36400450:4	Next_Steps_Age_30_COVID-19_Survey_-_Wave_1	urn:ddi:uk.cls.nextsteps:15a4b21d-eee9-46ad-8498-24257b237d6f:2	AUCDSP	qi_AUCDSP	Since the start of the Coronavirus outbreak, has a relative, friend, doctor or health worker been concerned about your drinking or advised you to cut down?		cs_AUCDSP	1|Yes. 2|No	0539530b-ddf0-42ee-8d96-2addcf9af19f	uk.closer	11606.0	Health behaviour (CV19)
urn:ddi:uk.cls.nextsteps:3032d053-47dd-471e-883e-346f09928d3f:1	Next_Steps_Age_30_COVID-19_Survey_-_Wave_2	urn:ddi:uk.cls.nextsteps:1ccbac89-8d76-4535-a480-361513784fcf:1	FRTVEGSP	qi_FRTVEGSP	In the last four weeks, how many portions of fresh fruit and vegetables have you eaten in a typical day?	A portion of fruit could be a whole piece of fruit, like an apple or banana or 80g of fruit (like in a fruit salad). A portion of vegetables is 3 heaped tablespoons of cooked vegetables or beans /pulses or a handful of cherry tomatoes or a small bowl of salad. It does not include potatoes. Juice/smoothies can count as 1 portion per day.		How many I	58090cfb-c656-4133-bd41-9215317ee9fb	uk.closer	11606.0	Health behaviour (CV19)
urn:ddi:uk.cls.nextsteps:83ab13bb-90e6-40fe-8741-16cf36400450:4	Next_Steps_Age_30_COVID-19_Survey_-_Wave_1	urn:ddi:uk.cls.nextsteps:1d78cd39-4080-4acf-8339-db622f0cd20d:2	VAPESP	qi_VAPESP	Since the start of the Coronavirus outbreak, has the amount you have been using an electronic cigarette or vaping device changed?		cs_VAPESP	1|Yes - I have used an electronic cigarette or vaping device more often. 2|Yes - I have used an electronic cigarette or vaping device less often. 3|No	0539530b-ddf0-42ee-8d96-2addcf9af19f	uk.closer	11606.0	Health behaviour (CV19)
urn:ddi:uk.cls.nextsteps:83ab13bb-90e6-40fe-8741-16cf36400450:4	Next_Steps_Age_30_COVID-19_Survey_-_Wave_1	urn:ddi:uk.cls.nextsteps:1ee605b8-263b-400b-8ba4-86e452576faf:1	HSLEEPPP	qi_HSLEEPPP	In the month before the start of the Coronavirus outbreak, how many hours did you sleep each night on average? 	Please round to the nearest hour.		How many	0539530b-ddf0-42ee-8d96-2addcf9af19f	uk.closer	11606.0	Health behaviour (CV19)
urn:ddi:uk.cls.nextsteps:3032d053-47dd-471e-883e-346f09928d3f:1	Next_Steps_Age_30_COVID-19_Survey_-_Wave_2	urn:ddi:uk.cls.nextsteps:1f6e0633-6588-4f1d-b5b4-59cc788ab5e9:1	HSLEEPSP N	qi_HSLEEPSP_N	In the last four weeks, how many hours have you slept each night on average?	You can enter whole hours (e.g. 1) or half hours (e.g. 1.5). Please round to the nearest half an hour.		How many F	58090cfb-c656-4133-bd41-9215317ee9fb	uk.closer	11606.0	Health behaviour (CV19)
urn:ddi:uk.cls.nextsteps:3032d053-47dd-471e-883e-346f09928d3f:1	Next_Steps_Age_30_COVID-19_Survey_-_Wave_2	urn:ddi:uk.cls.nextsteps:21fb4361-37b3-4cf7-9e91-00bb1bf9ca57:1	NUMCIGSPPCHK	qi_NUMCIGSPPCHK	You have said that you smoked more than 60 cigarettes a day. If this is correct, please select 'Continue'. Otherwise, please go back and amend your answer.		cs_qCON	1|Continue	58090cfb-c656-4133-bd41-9215317ee9fb	uk.closer	11606.0	Health behaviour (CV19)
urn:ddi:uk.cls.nextsteps:3032d053-47dd-471e-883e-346f09928d3f:1	Next_Steps_Age_30_COVID-19_Survey_-_Wave_2	urn:ddi:uk.cls.nextsteps:2c4a7341-a244-49f9-95fe-32fb1b8b77a3:1	SMOKING	qi_SMOKING	The next set of questions are about smoking, drinking alcohol, exercise, diet and sleep. Which of these statements applies to you?		cs_qSMOKING	1|I've never smoked cigarettes. 2|I used to smoke cigarettes but don't at all now. 3|I now smoke cigarettes occasionally but not every day. 4|I smoke cigarettes every day. -8|Don't Know. -9|Don't want to answer	58090cfb-c656-4133-bd41-9215317ee9fb	uk.closer	11606.0	Health behaviour (CV19)
urn:ddi:uk.cls.nextsteps:82b7a6c9-47ea-4ee5-98fb-4cd5958c4076:1	Next_Steps_Age_30_COVID-19_Survey_-_Wave_3	urn:ddi:uk.cls.nextsteps:2dc949cb-dda1-4a1a-abe1-82b624b4eab8:1	AUSDSP	qi_AUSDSP	Since the Coronavirus outbreak in March 2020, how often have you found you were not able to stop drinking once you had started?		cs_qAUSDSP	1|Never. 2|Less than monthly. 3|Monthly. 4|Weekly. 5|Daily or almost daily. -8|Don't Know. -9|Don't want to answer	15932ddd-84ae-4698-b7ef-59967d9afac1	uk.closer	11606.0	Health behaviour (CV19)
urn:ddi:uk.cls.nextsteps:3032d053-47dd-471e-883e-346f09928d3f:1	Next_Steps_Age_30_COVID-19_Survey_-_Wave_2	urn:ddi:uk.cls.nextsteps:2eb400af-a379-4829-90e9-26dc0d5f6ffc:1	AUNDPP	qi_AUNDPP	In the month before the Coronavirus outbreak in March, how many standard alcoholic drinks have you had on a typical day when you were drinking?		cs_qAUNDPP	1|1-2. 2|3-4. 3|5-6. 4|7-9. 5|10+. -8|Don't Know. -9|Don't want to answer	58090cfb-c656-4133-bd41-9215317ee9fb	uk.closer	11606.0	Health behaviour (CV19)
urn:ddi:uk.cls.nextsteps:83ab13bb-90e6-40fe-8741-16cf36400450:4	Next_Steps_Age_30_COVID-19_Survey_-_Wave_1	urn:ddi:uk.cls.nextsteps:309f779f-ac78-4d7d-a1ff-5e5f2defc6d8:2	COMPLIANC	qi_COMPLIANC	The next question is about the extent to which you are complying with the social distancing guidelines issued by the Government. On a scale from 0 to 10, where 0 means that you are 'not complying at all' and 10 means you are 'fully complying', how much would you say you are complying with the guidelines?		cs_COMPLIANC	1|Not complying at all 0. 2|1. 3|2. 4|3. 5|4. 6|5. 7|6. 8|7. 9|8. 10|9. 11|Complying fully 10	0539530b-ddf0-42ee-8d96-2addcf9af19f	uk.closer	11606.0	Health behaviour (CV19)
urn:ddi:uk.cls.nextsteps:82b7a6c9-47ea-4ee5-98fb-4cd5958c4076:1	Next_Steps_Age_30_COVID-19_Survey_-_Wave_3	urn:ddi:uk.cls.nextsteps:30daa152-06b7-4b37-a5c6-a097f08a3394:1	EXCISESP	qi_EXCISESP	In the last four weeks, on how many days in a typical week did you do 30 minutes or more of exercise where you were working hard enough to raise your heart rate and break into a sweat?			Days in week	15932ddd-84ae-4698-b7ef-59967d9afac1	uk.closer	11606.0	Health behaviour (CV19)
urn:ddi:uk.cls.nextsteps:83ab13bb-90e6-40fe-8741-16cf36400450:4	Next_Steps_Age_30_COVID-19_Survey_-_Wave_1	urn:ddi:uk.cls.nextsteps:30dec9f2-4e0e-4603-9943-335f921357fe:2	ALDRPP	qi_ALDRPP	In the month before the Coronavirus outbreak, how often did you have a drink containing alcohol?		cs_ALDRPP	1|4 or more times a week. 2|2-3 times a week. 3|2-4 times per month. 4|Monthly or less. 5|Never	0539530b-ddf0-42ee-8d96-2addcf9af19f	uk.closer	11606.0	Health behaviour (CV19)
urn:ddi:uk.cls.nextsteps:82b7a6c9-47ea-4ee5-98fb-4cd5958c4076:1	Next_Steps_Age_30_COVID-19_Survey_-_Wave_3	urn:ddi:uk.cls.nextsteps:3436839c-ee17-435c-a182-b25ec0b6cf23:1	COMPLIANC1	qi_COMPLIANC1	On a scale from 0 to 10, where 0 means that you are 'not complying at all' and 10 means you are 'fully complying', how much would you say you are complying with social distancing guidelines?		cs_qCOMPLIANC1	1|0: Not complying at all. 2|1. 3|2. 4|3. 5|4. 6|5. 7|6. 8|7. 9|8. 10|9. 11|10: Fully complying. -8|Don't know. -9|Don't want to answer	15932ddd-84ae-4698-b7ef-59967d9afac1	uk.closer	11606.0	Health behaviour (CV19)
urn:ddi:uk.cls.nextsteps:82b7a6c9-47ea-4ee5-98fb-4cd5958c4076:1	Next_Steps_Age_30_COVID-19_Survey_-_Wave_3	urn:ddi:uk.cls.nextsteps:35fafb85-64d0-41d5-bf21-b6ea5888963e:1	ALDRSP	qi_ALDRSP	In the last four weeks, how often have you had a drink containing alcohol?		cs_qALDRSP	1|4 or more times a week. 2|2-3 times a week. 3|Once a week. 4|Less than once a week. 5|Never. -8|Don't Know. -9|Don't want to answer	15932ddd-84ae-4698-b7ef-59967d9afac1	uk.closer	11606.0	Health behaviour (CV19)
urn:ddi:uk.cls.nextsteps:3032d053-47dd-471e-883e-346f09928d3f:1	Next_Steps_Age_30_COVID-19_Survey_-_Wave_2	urn:ddi:uk.cls.nextsteps:5086b990-be31-4b03-aa12-8c60fecda19f:1	NUMCIGSPP	qi_NUMCIGSPP	In the month before the Coronavirus outbreak in March, how many cigarettes a day did you usually smoke?			How many I	58090cfb-c656-4133-bd41-9215317ee9fb	uk.closer	11606.0	Health behaviour (CV19)
urn:ddi:uk.cls.nextsteps:83ab13bb-90e6-40fe-8741-16cf36400450:4	Next_Steps_Age_30_COVID-19_Survey_-_Wave_1	urn:ddi:uk.cls.nextsteps:552f3577-162f-4c5c-9219-3a59c6fe6a19:1	HSLEEPSP	qi_HSLEEPSP	Since the start of the Coronavirus outbreak, how many hours have you slept each night on average? 	Please round to the nearest hour.		How many	0539530b-ddf0-42ee-8d96-2addcf9af19f	uk.closer	11606.0	Health behaviour (CV19)
urn:ddi:uk.cls.nextsteps:3032d053-47dd-471e-883e-346f09928d3f:1	Next_Steps_Age_30_COVID-19_Survey_-_Wave_2	urn:ddi:uk.cls.nextsteps:56dabb70-3408-4d3d-b50a-644fc87c92b4:1	VAPESP	qi_VAPESP	In the last four weeks, has the amount you have been using an electronic cigarette or vaping device changed?		cs_qVAPESP	1|Yes - I have used an electronic cigarette or vaping device more often. 2|Yes - I have used an electronic cigarette or vaping device less often. 3|No. -8|Don't Know. -9|Don't want to answer	58090cfb-c656-4133-bd41-9215317ee9fb	uk.closer	11606.0	Health behaviour (CV19)
urn:ddi:uk.cls.nextsteps:83ab13bb-90e6-40fe-8741-16cf36400450:4	Next_Steps_Age_30_COVID-19_Survey_-_Wave_1	urn:ddi:uk.cls.nextsteps:5b29f438-0f4c-4b00-8f5e-7d5354021056:2	PATIENT	qi_PATIENT	On a scale from 0-10, where 0 is 'never' and 10 is 'always', how patient would you say you are?		cs_PATIENT	1|Never 0. 2|1. 3|2. 4|3. 5|4. 6|5. 7|6. 8|7. 9|8. 10|9. 11|Always 10	0539530b-ddf0-42ee-8d96-2addcf9af19f	uk.closer	11606.0	Health behaviour (CV19)
urn:ddi:uk.cls.nextsteps:83ab13bb-90e6-40fe-8741-16cf36400450:4	Next_Steps_Age_30_COVID-19_Survey_-_Wave_1	urn:ddi:uk.cls.nextsteps:60045144-a548-4aee-84cd-7e4b05dd8e36:2	ALDRSP	qi_ALDRSP	Since the start of the Coronavirus outbreak, how often have you had a drink containing alcohol?		cs_ALDRSP	1|4 or more times a week. 2|2-3 times a week. 3|2-4 times per month. 4|Monthly or less. 5|Never	0539530b-ddf0-42ee-8d96-2addcf9af19f	uk.closer	11606.0	Health behaviour (CV19)
urn:ddi:uk.cls.nextsteps:3032d053-47dd-471e-883e-346f09928d3f:1	Next_Steps_Age_30_COVID-19_Survey_-_Wave_2	urn:ddi:uk.cls.nextsteps:65df9e0a-5e8a-4c23-b54e-543a6e43de8f:1	EXCISEPP	qi_EXCISEPP	In the month before the Coronavirus outbreak in March, on how many days in a typical week did you do 30 minutes or more of exercise where you are working hard enough to raise your heart rate and break into a sweat?			Days in week	58090cfb-c656-4133-bd41-9215317ee9fb	uk.closer	11606.0	Health behaviour (CV19)
urn:ddi:uk.cls.nextsteps:3032d053-47dd-471e-883e-346f09928d3f:1	Next_Steps_Age_30_COVID-19_Survey_-_Wave_2	urn:ddi:uk.cls.nextsteps:690fc5d5-3041-420a-9cbd-d1ae533356ab:1	NUMCIGSSP	qi_NUMCIGSSP	In the last four weeks, how many cigarettes a day have you typically smoked?			How many I	58090cfb-c656-4133-bd41-9215317ee9fb	uk.closer	11606.0	Health behaviour (CV19)
urn:ddi:uk.cls.nextsteps:83ab13bb-90e6-40fe-8741-16cf36400450:4	Next_Steps_Age_30_COVID-19_Survey_-_Wave_1	urn:ddi:uk.cls.nextsteps:6a11933b-249c-416e-8b2b-6b1aa7562511:1	NUMCIGSSP	qi_NUMCIGSSP	Since the start of the Coronavirus outbreak, how many cigarettes a day have you typically smoked?			How many	0539530b-ddf0-42ee-8d96-2addcf9af19f	uk.closer	11606.0	Health behaviour (CV19)
urn:ddi:uk.cls.nextsteps:83ab13bb-90e6-40fe-8741-16cf36400450:4	Next_Steps_Age_30_COVID-19_Survey_-_Wave_1	urn:ddi:uk.cls.nextsteps:6b745dd7-93e9-4c3f-92de-2561bc6aed2f:2	AUNDSP	qi_AUNDSP	Since the start of the Coronavirus outbreak, how many standard alcoholic drinks do you have on a typical day when you were drinking?		cs_AUNDSP	1|1-2. 2|3-4. 3|5-6. 4|7-9. 5|10+	0539530b-ddf0-42ee-8d96-2addcf9af19f	uk.closer	11606.0	Health behaviour (CV19)
urn:ddi:uk.cls.nextsteps:83ab13bb-90e6-40fe-8741-16cf36400450:4	Next_Steps_Age_30_COVID-19_Survey_-_Wave_1	urn:ddi:uk.cls.nextsteps:7183705e-4dbb-42c4-87ad-a0f9cca1f0ce:1	FRTVEGSP	qi_FRTVEGSP	Since the start of the Coronavirus outbreak, how many portions of fresh fruit and vegetables have you eaten in a typical day?	A portion of fruit could be a whole piece of fruit, like an apple or banana or 80g of fruit (like in a fruit salad). A portion of vegetables is 3 heaped tablespoons of cooked vegetables or beans /pulses or a handful of cherry tomatoes or a small bowl of salad. It does not include potatoes. Juice/smoothies can count as 1 portion per day.		How many	0539530b-ddf0-42ee-8d96-2addcf9af19f	uk.closer	11606.0	Health behaviour (CV19)
urn:ddi:uk.cls.nextsteps:82b7a6c9-47ea-4ee5-98fb-4cd5958c4076:1	Next_Steps_Age_30_COVID-19_Survey_-_Wave_3	urn:ddi:uk.cls.nextsteps:72717bd5-a8e6-4cc7-927c-d2f647621570:1	FRTVEGSP	qi_FRTVEGSP	"In the last four weeks, how many portions of fresh fruit and vegetables have you eaten in a typical day?
"	A portion of fruit could be a whole piece of fruit, like an apple or banana or 80g of fruit (like in a fruit salad). A portion of vegetables is 3 heaped tablespoons of cooked vegetables or beans /pulses or a handful of cherry tomatoes or a small bowl of salad. It does not include potatoes. Juice/smoothies can count as 1 portion per day.		How many I	15932ddd-84ae-4698-b7ef-59967d9afac1	uk.closer	11606.0	Health behaviour (CV19)
urn:ddi:uk.cls.nextsteps:83ab13bb-90e6-40fe-8741-16cf36400450:4	Next_Steps_Age_30_COVID-19_Survey_-_Wave_1	urn:ddi:uk.cls.nextsteps:7ad4bc1b-b4b9-4ded-8424-d5dd51d0c2aa:1	EXCISEPP	qi_EXCISEPP	In the month before the start of the Coronavirus outbreak, on how many days in a typical week did you do 30 minutes or more of exercise where you are working hard enough to raise your heart rate and break into a sweat?			Days in week	0539530b-ddf0-42ee-8d96-2addcf9af19f	uk.closer	11606.0	Health behaviour (CV19)
urn:ddi:uk.cls.nextsteps:3032d053-47dd-471e-883e-346f09928d3f:1	Next_Steps_Age_30_COVID-19_Survey_-_Wave_2	urn:ddi:uk.cls.nextsteps:7ec88c09-88d8-4cfd-9fe1-482bcc4ce0b5:1	FRTVEGPP	qi_FRTVEGPP	In the month before the Coronavirus outbreak, how many portions of fresh fruit and vegetables did you eat in a typical day?	A portion of fruit could be a whole piece of fruit, like an apple or banana or 80g of fruit (like in a fruit salad). A portion of vegetables is 3 heaped tablespoons of cooked vegetables or beans /pulses or a handful of cherry tomatoes or a small bowl of salad. It does not include potatoes. Juice/smoothies can count as 1 portion per day.		How many I	58090cfb-c656-4133-bd41-9215317ee9fb	uk.closer	11606.0	Health behaviour (CV19)
urn:ddi:uk.cls.nextsteps:83ab13bb-90e6-40fe-8741-16cf36400450:4	Next_Steps_Age_30_COVID-19_Survey_-_Wave_1	urn:ddi:uk.cls.nextsteps:82991b50-b81c-4fad-ab5a-72b0d8e39424:1	EXCISESP	qi_EXCISESP	Since the start of the Coronavirus outbreak, on how many days in a typical week did you do 30 minutes or more of exercise where you are working hard enough to raise your heart rate and break into a sweat?			Days in week	0539530b-ddf0-42ee-8d96-2addcf9af19f	uk.closer	11606.0	Health behaviour (CV19)
urn:ddi:uk.cls.nextsteps:3032d053-47dd-471e-883e-346f09928d3f:1	Next_Steps_Age_30_COVID-19_Survey_-_Wave_2	urn:ddi:uk.cls.nextsteps:8a92cb2f-fb63-42c9-89ac-567e1e70aa92:1	HSLEEPPP N	qi_HSLEEPPP_N	In the month before the Coronavirus outbreak in March, how many hours did you sleep each night on average?	You can enter whole hours (e.g. 1) or half hours (e.g. 1.5). Please round to the nearest half an hour.		How many F	58090cfb-c656-4133-bd41-9215317ee9fb	uk.closer	11606.0	Health behaviour (CV19)
urn:ddi:uk.cls.nextsteps:83ab13bb-90e6-40fe-8741-16cf36400450:4	Next_Steps_Age_30_COVID-19_Survey_-_Wave_1	urn:ddi:uk.cls.nextsteps:92794055-a1f5-4214-9fce-126daa34a0b3:2	SMOKING	qi_SMOKING	Which of these statements applies to you?		cs_SMOKING	1|I've never smoked cigarettes. 2|I used to smoke cigarettes but don't at all now. 3|I now smoke cigarettes occasionally but not every day. 4|I smoke cigarettes every day	0539530b-ddf0-42ee-8d96-2addcf9af19f	uk.closer	11606.0	Health behaviour (CV19)
urn:ddi:uk.cls.nextsteps:82b7a6c9-47ea-4ee5-98fb-4cd5958c4076:1	Next_Steps_Age_30_COVID-19_Survey_-_Wave_3	urn:ddi:uk.cls.nextsteps:9360dd0d-a663-4f99-9dbb-5e0ef65291ad:1	COMPLIANC2	qi_COMPLIANC2	On a scale from 0 to 10, where 0 means that you have 'not complied at all' and 10 means you have 'fully complied', how much would you say you have complied with Government guidelines to reduce the spread of COVID-19?		cs_qCOMPLIANC2	1|0: Not complied at all. 2|1. 3|2. 4|3. 5|4. 6|5. 7|6. 8|7. 9|8. 10|9. 11|10: Fully complied. -8|Don't know. -9|Don't want to answer	15932ddd-84ae-4698-b7ef-59967d9afac1	uk.closer	11606.0	Health behaviour (CV19)
urn:ddi:uk.cls.nextsteps:82b7a6c9-47ea-4ee5-98fb-4cd5958c4076:1	Next_Steps_Age_30_COVID-19_Survey_-_Wave_3	urn:ddi:uk.cls.nextsteps:96904a34-78a8-4c5b-9411-411fb7bc4e6b:1	AUNDSP	qi_AUNDSP	In the last four weeks, how many standard alcoholic drinks did you have on a typical day when you were drinking?		cs_qAUNDSP	1|1-2. 2|3-4. 3|5-6. 4|7-9. 5|10+. -8|Don't Know. -9|Don't want to answer	15932ddd-84ae-4698-b7ef-59967d9afac1	uk.closer	11606.0	Health behaviour (CV19)
urn:ddi:uk.cls.nextsteps:82b7a6c9-47ea-4ee5-98fb-4cd5958c4076:1	Next_Steps_Age_30_COVID-19_Survey_-_Wave_3	urn:ddi:uk.cls.nextsteps:9f987590-871c-477d-8011-93b415421a2f:1	HSLEEPSP N	qi_HSLEEPSP_N	In the last four weeks, how many hours have you slept each night on average?	You can enter whole hours (e.g. 1) or half hours (e.g. 1.5). Please round to the nearest half an hour.		How many F	15932ddd-84ae-4698-b7ef-59967d9afac1	uk.closer	11606.0	Health behaviour (CV19)
urn:ddi:uk.cls.nextsteps:83ab13bb-90e6-40fe-8741-16cf36400450:4	Next_Steps_Age_30_COVID-19_Survey_-_Wave_1	urn:ddi:uk.cls.nextsteps:a396d4dc-47e6-46a4-8950-515839d3327f:2	RISK	qi_RISK	On a scale from 0-10, where 0 is 'never' and 10 is 'always', how willing to take risks would say you are?		cs_RISK	1|Never 0. 2|1. 3|2. 4|3. 5|4. 6|5. 7|6. 8|7. 9|8. 10|9. 11|Always 10	0539530b-ddf0-42ee-8d96-2addcf9af19f	uk.closer	11606.0	Health behaviour (CV19)
urn:ddi:uk.cls.nextsteps:83ab13bb-90e6-40fe-8741-16cf36400450:4	Next_Steps_Age_30_COVID-19_Survey_-_Wave_1	urn:ddi:uk.cls.nextsteps:a3c0c761-400e-4321-b62f-9b1e35b2ddf2:2	AUACSP	qi_AUACSP	Since the start of the Coronavirus outbreak, how often have you failed to do what was expected of you because of drinking?		cs_AUACSP	1|Never. 2|Less than monthly. 3|Monthly. 4|Weekly. 5|Daily or almost daily	0539530b-ddf0-42ee-8d96-2addcf9af19f	uk.closer	11606.0	Health behaviour (CV19)
urn:ddi:uk.cls.nextsteps:83ab13bb-90e6-40fe-8741-16cf36400450:4	Next_Steps_Age_30_COVID-19_Survey_-_Wave_1	urn:ddi:uk.cls.nextsteps:a72366eb-6d12-48e0-8024-d29ea8c98260:1	NUMCIGSPP	qi_NUMCIGSPP	In the month before the Coronavirus outbreak, how many cigarettes a day did you usually smoke?			How many	0539530b-ddf0-42ee-8d96-2addcf9af19f	uk.closer	11606.0	Health behaviour (CV19)
urn:ddi:uk.cls.nextsteps:83ab13bb-90e6-40fe-8741-16cf36400450:4	Next_Steps_Age_30_COVID-19_Survey_-_Wave_1	urn:ddi:uk.cls.nextsteps:a74544d5-2092-4e16-a705-d60314618863:2	VAPE	qi_VAPE	Now thinking about electronic cigarettes or vaping devices, which of these statements applies to you?		cs_VAPE	1|I've never used an electronic cigarette or a vaping device. 2|I used to use an electronic cigarette or a vaping device but don't at all now. 3|I now use an electronic cigarette or a vaping device occasionally but not every day. 4|I use electronic cigarettes or vaping devices every day	0539530b-ddf0-42ee-8d96-2addcf9af19f	uk.closer	11606.0	Health behaviour (CV19)
urn:ddi:uk.cls.nextsteps:3032d053-47dd-471e-883e-346f09928d3f:1	Next_Steps_Age_30_COVID-19_Survey_-_Wave_2	urn:ddi:uk.cls.nextsteps:ac55f7e4-15c7-42c9-a948-716855658ed6:1	NUMCIGSSPCHK	qi_NUMCIGSSPCHK	You have said that you smoke more than 60 cigarettes a day. If this is correct, please select 'Continue'. Otherwise, please go back and amend your answer.		cs_qCON	1|Continue	58090cfb-c656-4133-bd41-9215317ee9fb	uk.closer	11606.0	Health behaviour (CV19)
urn:ddi:uk.cls.nextsteps:3032d053-47dd-471e-883e-346f09928d3f:1	Next_Steps_Age_30_COVID-19_Survey_-_Wave_2	urn:ddi:uk.cls.nextsteps:c3909aa9-be6d-4985-b4ac-e9f39e6e8743:1	AUSDSP	qi_AUSDSP	Since the national lockdown restrictions started to be eased in June, how often have you found you were not able to stop drinking once you had started?		cs_qAUSDSP	1|Never. 2|Less than monthly. 3|Monthly. 4|Weekly. 5|Daily or almost daily. -8|Don't Know. -9|Don't want to answer	58090cfb-c656-4133-bd41-9215317ee9fb	uk.closer	11606.0	Health behaviour (CV19)
urn:ddi:uk.cls.nextsteps:3032d053-47dd-471e-883e-346f09928d3f:1	Next_Steps_Age_30_COVID-19_Survey_-_Wave_2	urn:ddi:uk.cls.nextsteps:caac1178-62ba-4bfe-a96f-7385f407e02a:1	ALDRSP	qi_ALDRSP	In the last four weeks, how often have you had a drink containing alcohol?		cs_qALDRPP	1|4 or more times a week. 2|2-3 times a week. 3|Once a week. 4|Less than once a week. 5|Never. -8|Don't Know. -9|Don't want to answer	58090cfb-c656-4133-bd41-9215317ee9fb	uk.closer	11606.0	Health behaviour (CV19)
urn:ddi:uk.cls.nextsteps:3032d053-47dd-471e-883e-346f09928d3f:1	Next_Steps_Age_30_COVID-19_Survey_-_Wave_2	urn:ddi:uk.cls.nextsteps:cbeffc52-8f13-414a-a8e2-f9238adba74c:1	EXCISESP	qi_EXCISESP	In the last four weeks, on how many days in a typical week did you do 30 minutes or more of exercise where you are working hard enough to raise your heart rate and break into a sweat?			Days in week	58090cfb-c656-4133-bd41-9215317ee9fb	uk.closer	11606.0	Health behaviour (CV19)
urn:ddi:uk.cls.nextsteps:3032d053-47dd-471e-883e-346f09928d3f:1	Next_Steps_Age_30_COVID-19_Survey_-_Wave_2	urn:ddi:uk.cls.nextsteps:d3ca9a24-b895-4271-97ab-20d97e26eb26:1	VAPE	qi_VAPE	Now thinking about electronic cigarettes or vaping devices, which of these statements applies to you?		cs_qVAPE	1|I've never used an electronic cigarette or vaping device. 2|I used to use an electronic cigarette or a vaping device but don't at all now. 3|I now use an electronic cigarette or a vaping device occasionally but not every day. 4|I use electronic cigarettes or vaping devices every day. -8|Don't Know. -9|Don't want to answer	58090cfb-c656-4133-bd41-9215317ee9fb	uk.closer	11606.0	Health behaviour (CV19)
urn:ddi:uk.cls.nextsteps:83ab13bb-90e6-40fe-8741-16cf36400450:4	Next_Steps_Age_30_COVID-19_Survey_-_Wave_1	urn:ddi:uk.cls.nextsteps:e30f1954-10a2-4792-9c48-bbc83f554c3b:1	FRTVEGPP	qi_FRTVEGPP	In the month before the start of the Coronavirus outbreak, how many portions of fresh fruit and vegetables did you eat in a typical day?	A portion of fruit could be a whole piece of fruit, like an apple or banana or 80g of fruit (like in a fruit salad). A portion of vegetables is 3 heaped tablespoons of cooked vegetables or beans /pulses or a handful of cherry tomatoes or a small bowl of salad. It does not include potatoes. Juice/smoothies can count as 1 portion per day.		How many	0539530b-ddf0-42ee-8d96-2addcf9af19f	uk.closer	11606.0	Health behaviour (CV19)
urn:ddi:uk.cls.nextsteps:83ab13bb-90e6-40fe-8741-16cf36400450:4	Next_Steps_Age_30_COVID-19_Survey_-_Wave_1	urn:ddi:uk.cls.nextsteps:e9685d85-fe3b-4a76-bf28-b00cb0848d25:2	AUSDSP	qi_AUSDSP	Since the start of the Coronavirus outbreak, how often have you found you were not able to stop drinking once you had started?		cs_AUSDSP	1|Never. 2|Less than monthly. 3|Monthly. 4|Weekly. 5|Daily or almost daily	0539530b-ddf0-42ee-8d96-2addcf9af19f	uk.closer	11606.0	Health behaviour (CV19)
urn:ddi:uk.cls.nextsteps:83ab13bb-90e6-40fe-8741-16cf36400450:4	Next_Steps_Age_30_COVID-19_Survey_-_Wave_1	urn:ddi:uk.cls.nextsteps:f223bcad-79b1-4f3b-9d30-bae9da06189f:2	AUNDPP	qi_AUNDPP	In the month before the Coronavirus outbreak, how many standard alcoholic drinks have you had on a typical day when you were drinking?		cs_AUNDPP	1|1-2. 2|3-4. 3|5-6. 4|7-9. 5|10+	0539530b-ddf0-42ee-8d96-2addcf9af19f	uk.closer	11606.0	Health behaviour (CV19)
urn:ddi:uk.cls.nextsteps:3032d053-47dd-471e-883e-346f09928d3f:1	Next_Steps_Age_30_COVID-19_Survey_-_Wave_2	urn:ddi:uk.cls.nextsteps:f33294e3-52c2-4b52-b492-67b60c743903:1	AUNDSP	qi_AUNDSP	In the last four weeks, how many standard alcoholic drinks did you have on a typical day when you were drinking?		cs_qAUNDPP	1|1-2. 2|3-4. 3|5-6. 4|7-9. 5|10+. -8|Don't Know. -9|Don't want to answer	58090cfb-c656-4133-bd41-9215317ee9fb	uk.closer	11606.0	Health behaviour (CV19)
urn:ddi:uk.cls.nextsteps:83ab13bb-90e6-40fe-8741-16cf36400450:4	Next_Steps_Age_30_COVID-19_Survey_-_Wave_1	urn:ddi:uk.cls.nextsteps:0137726c-8f25-41d6-9e13-7c58746ec567:1	Timeuse1 13	qi_Timeuse1_13	How many hours have you been spending doing each of the following activities on a typical week day since the Coronavirus outbreak began? Personal care (e.g. taking a shower/bath, grooming, getting dressed etc.) ... Number of hours	Please round to the nearest hour.		Hours in day	81a75340-35f0-4d56-a9ef-01bcc8d7cc00	uk.closer	11607.0	Family and social networks (CV19)
urn:ddi:uk.cls.nextsteps:3032d053-47dd-471e-883e-346f09928d3f:1	Next_Steps_Age_30_COVID-19_Survey_-_Wave_2	urn:ddi:uk.cls.nextsteps:045fd00d-29a7-4572-8505-448199b636ab:1	TIMEUSE2 N	qi_TIMEUSE2_N	How many hours in total have you been spending outside of your home on a typical week day in the last two weeks?	Please do not include time spent in your garden or any other outdoor space which is part of your home		Hours in day I	97c773b8-f89a-4190-bbaa-80742518217a	uk.closer	11607.0	Family and social networks (CV19)
urn:ddi:uk.cls.nextsteps:3032d053-47dd-471e-883e-346f09928d3f:1	Next_Steps_Age_30_COVID-19_Survey_-_Wave_2	urn:ddi:uk.cls.nextsteps:04ac4a45-bf1a-4cd7-bc84-23e71938b3f2:1	ANYCHNL	qi_ANYCHNL	Do you have any children who you do not live with? Please include adult children, step-children, adopted children, foster children or any other children you consider yourself parent to.		cs_qCOVID_HOSPAD	1|Yes. 2|No. -8|Don't Know. -9|Don't want to answer	97c773b8-f89a-4190-bbaa-80742518217a	uk.closer	11607.0	Family and social networks (CV19)
urn:ddi:uk.cls.nextsteps:83ab13bb-90e6-40fe-8741-16cf36400450:4	Next_Steps_Age_30_COVID-19_Survey_-_Wave_1	urn:ddi:uk.cls.nextsteps:04dde724-9d54-4a01-abef-3c022cfad731:2	ANYCHNL	qi_ANYCHNL	Do you have any children who you do not live with? 	Please include any adopted children, step-children or foster children of whom you consider yourself a parent. Please include grown-up children.	cs_ANYCHNL	1|Yes. 2|No	81a75340-35f0-4d56-a9ef-01bcc8d7cc00	uk.closer	11607.0	Family and social networks (CV19)
urn:ddi:uk.cls.nextsteps:83ab13bb-90e6-40fe-8741-16cf36400450:4	Next_Steps_Age_30_COVID-19_Survey_-_Wave_1	urn:ddi:uk.cls.nextsteps:07387b65-cb8a-4993-ba5a-4ca94347eae5:2	CARHRAF	qi_CARHRAF	Since the Coronavirus outbreak, how many hours of help have you or someone you typically received each week?		cs_CARHRAF	2|0 hours. 3|1-4 hours. 4|5-9 hours. 5|10-19 hours. 6|20-34 hours. 7|35 hours or more	81a75340-35f0-4d56-a9ef-01bcc8d7cc00	uk.closer	11607.0	Family and social networks (CV19)
urn:ddi:uk.cls.nextsteps:83ab13bb-90e6-40fe-8741-16cf36400450:4	Next_Steps_Age_30_COVID-19_Survey_-_Wave_1	urn:ddi:uk.cls.nextsteps:096d4286-941a-4b4d-8cc6-4ca3f7c7e96e:2	COVPER	qi_COVPER	Have any of the following occurred since the Coronavirus outbreak?		cs_COVPER	1|At least one of my parents (or in-laws) has moved in with me. 2|I have moved in with at least one of my parents (or in-laws). 3|None of these	81a75340-35f0-4d56-a9ef-01bcc8d7cc00	uk.closer	11607.0	Family and social networks (CV19)
urn:ddi:uk.cls.nextsteps:83ab13bb-90e6-40fe-8741-16cf36400450:4	Next_Steps_Age_30_COVID-19_Survey_-_Wave_1	urn:ddi:uk.cls.nextsteps:0c52e618-ee5f-4688-9997-446b587f0821:2	COVPART	qi_COVPART	Have you started living with your partner since the Coronavirus outbreak ?		cs_COVPART	1|Yes. 2|No	81a75340-35f0-4d56-a9ef-01bcc8d7cc00	uk.closer	11607.0	Family and social networks (CV19)
urn:ddi:uk.cls.nextsteps:83ab13bb-90e6-40fe-8741-16cf36400450:4	Next_Steps_Age_30_COVID-19_Survey_-_Wave_1	urn:ddi:uk.cls.nextsteps:0dae0293-236c-41b8-923d-688dd5ea36e2:2	SOCPROV 2	qi_SOCPROV_2	In answering the following questions, think about your current relationships with friends, family members, community members, and so on. I have family and friends who help me feel safe, secure and happy	Please indicate to what extent each statement describes your current relationships with other people.	cs_SOCPROV	9|Very true. 10|Partly True. 11|Not true at all	81a75340-35f0-4d56-a9ef-01bcc8d7cc00	uk.closer	11607.0	Family and social networks (CV19)
urn:ddi:uk.cls.nextsteps:83ab13bb-90e6-40fe-8741-16cf36400450:4	Next_Steps_Age_30_COVID-19_Survey_-_Wave_1	urn:ddi:uk.cls.nextsteps:0fc449c4-1c42-42eb-a314-578133fe2093:1	NUMCHIL	qi_NUMCHIL	How many of your children do you currently live with?			How many	81a75340-35f0-4d56-a9ef-01bcc8d7cc00	uk.closer	11607.0	Family and social networks (CV19)
urn:ddi:uk.cls.nextsteps:3032d053-47dd-471e-883e-346f09928d3f:1	Next_Steps_Age_30_COVID-19_Survey_-_Wave_2	urn:ddi:uk.cls.nextsteps:125fe01b-6ac6-4efa-9d17-b56da8f51ba5:1	CAREB	qi_CAREB	In the month before the Coronavirus outbreak in March, did you or someone you lived with need help with personal tasks (washing, dressing), or domestic tasks (shopping, providing meals) because you (or they) could not manage them alone?	Please select all that apply.	cs_qCAREB	1|Yes - I needed help. 2|Yes - someone I lived with needed help. 3|No. -8|Don't Know. -9|Don't want to answer	97c773b8-f89a-4190-bbaa-80742518217a	uk.closer	11607.0	Family and social networks (CV19)
urn:ddi:uk.cls.nextsteps:82b7a6c9-47ea-4ee5-98fb-4cd5958c4076:1	Next_Steps_Age_30_COVID-19_Survey_-_Wave_3	urn:ddi:uk.cls.nextsteps:13780e3a-edb3-47fd-8a39-72c436dc93dd:1	COVCHAN	qi_COVCHAN	Have there been any changes to the people you are living with since the Coronavirus outbreak in March 2020? In other words has anyone different moved in, has someone moved out, or have you moved out to live with someone else or to be on your own?		cs_Yes_No_DK_Dwta_UC	1|Yes. 2|No. -8|Don't Know. -9|Don't want to answer	6a2d2f89-3187-48a3-9d1b-fd5fed6b38b9	uk.closer	11607.0	Family and social networks (CV19)
urn:ddi:uk.cls.nextsteps:83ab13bb-90e6-40fe-8741-16cf36400450:4	Next_Steps_Age_30_COVID-19_Survey_-_Wave_1	urn:ddi:uk.cls.nextsteps:1f845b85-4215-465a-86b2-0fb1082972e1:1	Timeuse1 4	qi_Timeuse1_4	How many hours have you been spending doing each of the following activities on a typical week day since the Coronavirus outbreak began? Caring for someone other than a child ... Number of hours	Please round to the nearest hour.		Hours in day	81a75340-35f0-4d56-a9ef-01bcc8d7cc00	uk.closer	11607.0	Family and social networks (CV19)
urn:ddi:uk.cls.nextsteps:83ab13bb-90e6-40fe-8741-16cf36400450:4	Next_Steps_Age_30_COVID-19_Survey_-_Wave_1	urn:ddi:uk.cls.nextsteps:1fc18051-094c-411d-8d53-d970d467af07:2	CARE	qi_CARE	Before the Coronavirus outbreak did you or a person you live with usually get help with regular personal tasks (washing, dressing), or domestic tasks (shopping, providing meals) that cannot be managed alone?		cs_CARE	1|No help received. 2|Help received for myself. 3|Help received for someone I live with	81a75340-35f0-4d56-a9ef-01bcc8d7cc00	uk.closer	11607.0	Family and social networks (CV19)
urn:ddi:uk.cls.nextsteps:82b7a6c9-47ea-4ee5-98fb-4cd5958c4076:1	Next_Steps_Age_30_COVID-19_Survey_-_Wave_3	urn:ddi:uk.cls.nextsteps:203040eb-4dee-487f-b59c-eaa70a6e0afa:1	FAMCONFL1	qi_FAMCONFL1	In the time since the Coronavirus outbreak in March 2020, has the amount you have argued with the people you live with{, other than your partner, HHNUMWH = 1 OR OTHRELA = 1} changed, compared to before the Coronavirus outbreak?		cs_qFAMCONFL1	1|I argued with the people I live with more often since March 2020, compared to before the Coronavirus outbreak. 2|No change - same as before the Coronavirus outbreak. 3|I argued with the people I live with less often March 2020, compared to before the Coronavirus outbreak. -8|Don't Know. -9|Don't want to answer	6a2d2f89-3187-48a3-9d1b-fd5fed6b38b9	uk.closer	11607.0	Family and social networks (CV19)
urn:ddi:uk.cls.nextsteps:3032d053-47dd-471e-883e-346f09928d3f:1	Next_Steps_Age_30_COVID-19_Survey_-_Wave_2	urn:ddi:uk.cls.nextsteps:21793af1-a79c-495e-8713-e960ebfed2c8:1	CAREHOURSA	qi_CAREHOURSA	In the last four weeks, how many hours of help have you usually received each week?		cs_qCAREHOURSB	1|Up to 4 hours. 2|5-9 hours. 3|10-19 hours. 4|20-34 hours. 5|35 hours or more. -8|Don't Know. -9|Don't want to answer	97c773b8-f89a-4190-bbaa-80742518217a	uk.closer	11607.0	Family and social networks (CV19)
urn:ddi:uk.cls.nextsteps:3032d053-47dd-471e-883e-346f09928d3f:1	Next_Steps_Age_30_COVID-19_Survey_-_Wave_2	urn:ddi:uk.cls.nextsteps:22c7437d-a9d2-476e-b87e-5a0b168e1186:1	RELCONFL1	qi_RELCONFL1	During the period between March and May, when the lockdown restrictions were strictest, did the amount you argued with your partner change, compared to before the Coronavirus outbreak?		cs_qRELCONFL1	1|My partner and I argued more often between March and May, compared to before the Coronavirus outbreak. 2|No change - same as before the Coronavirus outbreak. 3|My partner and I argued less often between March and May, compared to before the Coronavirus outbreak. -8|Don't Know. -9|Don't want to answer	97c773b8-f89a-4190-bbaa-80742518217a	uk.closer	11607.0	Family and social networks (CV19)
urn:ddi:uk.cls.nextsteps:83ab13bb-90e6-40fe-8741-16cf36400450:4	Next_Steps_Age_30_COVID-19_Survey_-_Wave_1	urn:ddi:uk.cls.nextsteps:237cb0d6-7410-4868-862e-f7a9cbd9bd97:1	Timeuse1 5	qi_Timeuse1_5	How many hours have you been spending doing each of the following activities on a typical week day since the Coronavirus outbreak began? Housework (e.g. cleaning, laundry, cooking, DIY) ... Number of hours	Please round to the nearest hour.		Hours in day	81a75340-35f0-4d56-a9ef-01bcc8d7cc00	uk.closer	11607.0	Family and social networks (CV19)
urn:ddi:uk.cls.nextsteps:3032d053-47dd-471e-883e-346f09928d3f:1	Next_Steps_Age_30_COVID-19_Survey_-_Wave_2	urn:ddi:uk.cls.nextsteps:28e35e69-19f6-40b7-b4b7-6a3e8e96e95d:1	CAREHOURSAP	qi_CAREHOURSAP	In the last four week, how many hours of help did the person you live with usually get each week?		cs_qCAREHOURSB	1|Up to 4 hours. 2|5-9 hours. 3|10-19 hours. 4|20-34 hours. 5|35 hours or more. -8|Don't Know. -9|Don't want to answer	97c773b8-f89a-4190-bbaa-80742518217a	uk.closer	11607.0	Family and social networks (CV19)
urn:ddi:uk.cls.nextsteps:82b7a6c9-47ea-4ee5-98fb-4cd5958c4076:1	Next_Steps_Age_30_COVID-19_Survey_-_Wave_3	urn:ddi:uk.cls.nextsteps:2ef38f48-b8ec-4415-93ea-4b8df2af8a5a:1	COVPART	qi_COVPART	Have you started living with your partner since the Coronavirus outbreak in March 2020?		cs_Yes_No_DK_Dwta_UC	1|Yes. 2|No. -8|Don't Know. -9|Don't want to answer	6a2d2f89-3187-48a3-9d1b-fd5fed6b38b9	uk.closer	11607.0	Family and social networks (CV19)
urn:ddi:uk.cls.nextsteps:82b7a6c9-47ea-4ee5-98fb-4cd5958c4076:1	Next_Steps_Age_30_COVID-19_Survey_-_Wave_3	urn:ddi:uk.cls.nextsteps:3285fec9-bfd1-434e-9904-d2a64e7fb7b5:1	ANYCHNL	qi_ANYCHNL	Do you have any children who you do not live with? Please include adult children, step-children, adopted children, foster children or any other children you consider yourself parent to.		cs_Yes_No_DK_Dwta_UC	1|Yes. 2|No. -8|Don't Know. -9|Don't want to answer	6a2d2f89-3187-48a3-9d1b-fd5fed6b38b9	uk.closer	11607.0	Family and social networks (CV19)
urn:ddi:uk.cls.nextsteps:3032d053-47dd-471e-883e-346f09928d3f:1	Next_Steps_Age_30_COVID-19_Survey_-_Wave_2	urn:ddi:uk.cls.nextsteps:33751bb6-9c80-438f-8e14-93eec3c4d32a:1	RELSAT	qi_RELSAT	On a scale from 1 to 7, where '1' means that you are 'very unhappy' and '7' means that you are 'very happy', how happy is your relationship with your partner at the moment, all things considered?		cs_qRELSAT	1|1: Very unhappy. 2|2. 3|3. 4|4. 5|5. 6|6. 7|7: Very happy. -8|Don't Know. -9|Don't want to answer	97c773b8-f89a-4190-bbaa-80742518217a	uk.closer	11607.0	Family and social networks (CV19)
urn:ddi:uk.cls.nextsteps:83ab13bb-90e6-40fe-8741-16cf36400450:4	Next_Steps_Age_30_COVID-19_Survey_-_Wave_1	urn:ddi:uk.cls.nextsteps:338c15f6-ca46-4fa1-9be5-f5be016498cb:2	COVCHAN	qi_COVCHAN	Have there been any changes to the people you are living with since the Coronavirus outbreak?		cs_COVCHAN	1|Yes. 2|No	81a75340-35f0-4d56-a9ef-01bcc8d7cc00	uk.closer	11607.0	Family and social networks (CV19)
urn:ddi:uk.cls.nextsteps:83ab13bb-90e6-40fe-8741-16cf36400450:4	Next_Steps_Age_30_COVID-19_Survey_-_Wave_1	urn:ddi:uk.cls.nextsteps:399641f8-d631-422a-9aab-825c4d75153e:2	SCON2	qi_SCON2	In the last seven days, on how many days did you talk to family or friends you do not live with via phone or video calls?		cs_SCON2	1|Every day. 2|4-6 days. 3|2-3 days. 4|1 day. 5|Never	81a75340-35f0-4d56-a9ef-01bcc8d7cc00	uk.closer	11607.0	Family and social networks (CV19)
urn:ddi:uk.cls.nextsteps:83ab13bb-90e6-40fe-8741-16cf36400450:4	Next_Steps_Age_30_COVID-19_Survey_-_Wave_1	urn:ddi:uk.cls.nextsteps:3996b484-195f-4c6b-86c9-1bb31e2d66a8:1	Timeuse1 15	qi_Timeuse1_15	How many hours have you been spending doing each of the following activities on a typical week day since the Coronavirus outbreak began? Other ... Number of hours	Please round to the nearest hour.		Hours in day	81a75340-35f0-4d56-a9ef-01bcc8d7cc00	uk.closer	11607.0	Family and social networks (CV19)
urn:ddi:uk.cls.nextsteps:83ab13bb-90e6-40fe-8741-16cf36400450:4	Next_Steps_Age_30_COVID-19_Survey_-_Wave_1	urn:ddi:uk.cls.nextsteps:3bcb1c35-fb22-4a7c-aae9-edffe1cd81a6:2	COVOTH	qi_COVOTH	Have any of the following occurred since the Coronavirus outbreak?		cs_COVOTH	1|Someone other than a parent or child has moved in to my home. 2|I have moved in to someone other than a parent or child's home. 3|None of these	81a75340-35f0-4d56-a9ef-01bcc8d7cc00	uk.closer	11607.0	Family and social networks (CV19)
urn:ddi:uk.cls.nextsteps:3032d053-47dd-471e-883e-346f09928d3f:1	Next_Steps_Age_30_COVID-19_Survey_-_Wave_2	urn:ddi:uk.cls.nextsteps:3d6520e8-0383-43c9-9bcb-f6b41a9b94e5:1	SOCPROV c	qi_SOCPROV_c	In answering the following questions, think about your current relationships with friends, family members, community members, and so on. Please indicate to what extent each statement describes your current relationships with other people.There is no one I feel close to		cs_qSOCPROV_c	1|Very true. 2|Partly true. 3|Not true at all. -8|Don't Know. -9|Don't want to answer	97c773b8-f89a-4190-bbaa-80742518217a	uk.closer	11607.0	Family and social networks (CV19)
urn:ddi:uk.cls.nextsteps:82b7a6c9-47ea-4ee5-98fb-4cd5958c4076:1	Next_Steps_Age_30_COVID-19_Survey_-_Wave_3	urn:ddi:uk.cls.nextsteps:418307ef-fcc3-49df-ad52-94d385fda266:1	LISTEN	qi_LISTEN	If you needed to talk about your problems and private feelings, how much would the people around you be willing to listen?		cs_qSICK	1|Not at all. 2|A little. 3|Somewhat. 4|A great deal. -8|Don't Know. -9|Don't want to answer	6a2d2f89-3187-48a3-9d1b-fd5fed6b38b9	uk.closer	11607.0	Family and social networks (CV19)
urn:ddi:uk.cls.nextsteps:3032d053-47dd-471e-883e-346f09928d3f:1	Next_Steps_Age_30_COVID-19_Survey_-_Wave_2	urn:ddi:uk.cls.nextsteps:4d8284ca-bf1c-4577-900c-c7eb6b31d483:1	CARECHAN	qi_CARECHAN	Compared to before the Coronavirus outbreak, has the amount of help that you now need changed?		cs_qCARECHAN	1|Amount of help needed has increased. 2|Amount of help needed has decreased. 3|Amount of help needed has stayed the same. -8|Don't Know. -9|Don't want to answer	97c773b8-f89a-4190-bbaa-80742518217a	uk.closer	11607.0	Family and social networks (CV19)
urn:ddi:uk.cls.nextsteps:3032d053-47dd-471e-883e-346f09928d3f:1	Next_Steps_Age_30_COVID-19_Survey_-_Wave_2	urn:ddi:uk.cls.nextsteps:5a09ba8c-7ae2-4f26-99f8-5ce20004b552:1	LISTEN	qi_LISTEN	If you needed to talk about your problems and private feelings, how much would the people around you be willing to listen?		cs_qSICK	1|Not at all. 2|A little. 3|Somewhat. 4|A great deal. -8|Don't Know. -9|Don't want to answer	97c773b8-f89a-4190-bbaa-80742518217a	uk.closer	11607.0	Family and social networks (CV19)
urn:ddi:uk.cls.nextsteps:83ab13bb-90e6-40fe-8741-16cf36400450:4	Next_Steps_Age_30_COVID-19_Survey_-_Wave_1	urn:ddi:uk.cls.nextsteps:5e80d104-c56b-4fea-adaa-95c3d935a6bc:2	OTHRELA	qi_OTHRELA	Are you in a relationship with someone at the moment?		cs_Yes_No	1|Yes. 2|No	81a75340-35f0-4d56-a9ef-01bcc8d7cc00	uk.closer	11607.0	Family and social networks (CV19)
urn:ddi:uk.cls.nextsteps:82b7a6c9-47ea-4ee5-98fb-4cd5958c4076:1	Next_Steps_Age_30_COVID-19_Survey_-_Wave_3	urn:ddi:uk.cls.nextsteps:5fe6b8da-a163-43da-9a18-2b34f46aee6b:1	COVOTH	qi_COVOTH	Have any of the following occurred since the Coronavirus outbreak in March 2020?	Please select all that apply.	cs_qCOVOTH	1|Someone other than a partner, parent (or in-law) or child has moved into my home. 2|I have moved into someone other than a partner, parent (or in-law) or child's home. 3|None of these. -8|Don't Know. -9|Don't want to answer	6a2d2f89-3187-48a3-9d1b-fd5fed6b38b9	uk.closer	11607.0	Family and social networks (CV19)
urn:ddi:uk.cls.nextsteps:3032d053-47dd-471e-883e-346f09928d3f:1	Next_Steps_Age_30_COVID-19_Survey_-_Wave_2	urn:ddi:uk.cls.nextsteps:627b7673-7dd4-4e9f-b503-d478a26b3340:1	SCON2	qi_SCON2	In the last seven days, on how many days did you talk to family or friends you do not live with via phone or video calls?		cs_qSCON1	1|Every day. 2|4-6 days. 3|2-3 days. 4|1 day. 5|Never. -8|Don't Know. -9|Don't want to answer	97c773b8-f89a-4190-bbaa-80742518217a	uk.closer	11607.0	Family and social networks (CV19)
urn:ddi:uk.cls.nextsteps:83ab13bb-90e6-40fe-8741-16cf36400450:4	Next_Steps_Age_30_COVID-19_Survey_-_Wave_1	urn:ddi:uk.cls.nextsteps:660bde91-d5cc-4f24-9d6c-21af49dd6c10:1	Timeuse1 9	qi_Timeuse1_9	How many hours have you been spending doing each of the following activities on a typical week day since the Coronavirus outbreak began? Socialising with non-household members via telephone, video-calling or messaging ... Number of hours	Please round to the nearest hour.		Hours in day	81a75340-35f0-4d56-a9ef-01bcc8d7cc00	uk.closer	11607.0	Family and social networks (CV19)
urn:ddi:uk.cls.nextsteps:3032d053-47dd-471e-883e-346f09928d3f:1	Next_Steps_Age_30_COVID-19_Survey_-_Wave_2	urn:ddi:uk.cls.nextsteps:660f1aca-11f1-423a-a2b0-5f1dd9eae53a:1	COVPER	qi_COVPER	Have any of the following occurred since the Coronavirus outbreak in March?	Please select all that apply.	cs_qCOVPER	1|At least one of my parents (or in-laws) has moved in with me. 2|I have moved in with at least one of my parents (or in-laws). 3|None of these. -8|Don't Know. -9|Don't want to answer	97c773b8-f89a-4190-bbaa-80742518217a	uk.closer	11607.0	Family and social networks (CV19)
urn:ddi:uk.cls.nextsteps:83ab13bb-90e6-40fe-8741-16cf36400450:4	Next_Steps_Age_30_COVID-19_Survey_-_Wave_1	urn:ddi:uk.cls.nextsteps:6b4f94e9-c766-4fdf-a522-a500eaaa36fb:2	SCON4	qi_SCON4	In the last seven days, on how many days did you take part in an online community activity, e.g. an online community group, online chat group, street or neighbourhood social media group?		cs_SCON4	1|Every day. 2|4-6 days. 3|2-3 days. 4|1 day. 5|Never	81a75340-35f0-4d56-a9ef-01bcc8d7cc00	uk.closer	11607.0	Family and social networks (CV19)
urn:ddi:uk.cls.nextsteps:83ab13bb-90e6-40fe-8741-16cf36400450:4	Next_Steps_Age_30_COVID-19_Survey_-_Wave_1	urn:ddi:uk.cls.nextsteps:71689b2a-b73b-4fb4-80fe-1fc1c40c5d94:2	SCON3	qi_SCON3	In the last seven days, on how many days did you keep in contact with family or friends you do not live with by email or text or other electronic messaging?		cs_SCON3	1|Every day. 2|4-6 days. 3|2-3 days. 4|1 day. 5|Never	81a75340-35f0-4d56-a9ef-01bcc8d7cc00	uk.closer	11607.0	Family and social networks (CV19)
urn:ddi:uk.cls.nextsteps:83ab13bb-90e6-40fe-8741-16cf36400450:4	Next_Steps_Age_30_COVID-19_Survey_-_Wave_1	urn:ddi:uk.cls.nextsteps:71f91c31-38dc-42b0-94d2-f62c463f29f0:1	Timeuse1 10	qi_Timeuse1_10	How many hours have you been spending doing each of the following activities on a typical week day since the Coronavirus outbreak began? Socialising with non-household members in person ... Number of hours	Please round to the nearest hour.		Hours in day	81a75340-35f0-4d56-a9ef-01bcc8d7cc00	uk.closer	11607.0	Family and social networks (CV19)
urn:ddi:uk.cls.nextsteps:82b7a6c9-47ea-4ee5-98fb-4cd5958c4076:1	Next_Steps_Age_30_COVID-19_Survey_-_Wave_3	urn:ddi:uk.cls.nextsteps:736b736f-3218-4800-843e-46a8d63f85d4:1	HHNUM	qi_HHNUM	How many people do you currently live with? Please include yourself.			How many I	6a2d2f89-3187-48a3-9d1b-fd5fed6b38b9	uk.closer	11607.0	Family and social networks (CV19)
urn:ddi:uk.cls.nextsteps:3032d053-47dd-471e-883e-346f09928d3f:1	Next_Steps_Age_30_COVID-19_Survey_-_Wave_2	urn:ddi:uk.cls.nextsteps:74241629-6b54-4337-945e-120934ef92dd:1	SCON4	qi_SCON4	In the last seven days, on how many days did you take part in an online community activity, e.g. an online community group, online chat group, street or neighbourhood social media group?		cs_qSCON1	1|Every day. 2|4-6 days. 3|2-3 days. 4|1 day. 5|Never. -8|Don't Know. -9|Don't want to answer	97c773b8-f89a-4190-bbaa-80742518217a	uk.closer	11607.0	Family and social networks (CV19)
urn:ddi:uk.cls.nextsteps:3032d053-47dd-471e-883e-346f09928d3f:1	Next_Steps_Age_30_COVID-19_Survey_-_Wave_2	urn:ddi:uk.cls.nextsteps:79161230-1869-46ec-a42b-885ba7c33c93:1	CAREWHOAP	qi_CAREWHOAP	In the last four week, who has provided the person you live with the help they have needed?	Please select all that apply.	cs_qWHOCAREPB	1|Nobody - needs were not met. 2|Me. 3|My husband/ wife/ partner. 4|Son or daughter or other family member (include even if not blood related). 5|Friend or neighbour. 6|Voluntary helper. 7|Paid/ professional help. 8|Other. -8|Don't Know. -9|Don't want to answer	97c773b8-f89a-4190-bbaa-80742518217a	uk.closer	11607.0	Family and social networks (CV19)
urn:ddi:uk.cls.nextsteps:83ab13bb-90e6-40fe-8741-16cf36400450:4	Next_Steps_Age_30_COVID-19_Survey_-_Wave_1	urn:ddi:uk.cls.nextsteps:7a8f3a21-1c42-45e3-a335-47094807c863:1	Timeuse1 12	qi_Timeuse1_12	How many hours have you been spending doing each of the following activities on a typical week day since the Coronavirus outbreak began? Shopping or essential appointments ... Number of hours	Please round to the nearest hour.		Hours in day	81a75340-35f0-4d56-a9ef-01bcc8d7cc00	uk.closer	11607.0	Family and social networks (CV19)
urn:ddi:uk.cls.nextsteps:3032d053-47dd-471e-883e-346f09928d3f:1	Next_Steps_Age_30_COVID-19_Survey_-_Wave_2	urn:ddi:uk.cls.nextsteps:7e1f0555-eab1-46f2-aa5e-7f536df08059:1	WHOCAREPB	qi_WHOCAREPB	In the month before the Coronavirus outbreak in March, who provided the person you live with the help they needed?	Please select all that apply.	cs_qWHOCAREPB	1|Nobody - needs were not met. 2|Me. 3|My husband/ wife/ partner. 4|Son or daughter or other family member (include even if not blood related). 5|Friend or neighbour. 6|Voluntary helper. 7|Paid/ professional help. 8|Other. -8|Don't Know. -9|Don't want to answer	97c773b8-f89a-4190-bbaa-80742518217a	uk.closer	11607.0	Family and social networks (CV19)
urn:ddi:uk.cls.nextsteps:3032d053-47dd-471e-883e-346f09928d3f:1	Next_Steps_Age_30_COVID-19_Survey_-_Wave_2	urn:ddi:uk.cls.nextsteps:7e97a774-fd4e-46f5-913e-10977b67f08d:1	CAREHOURSPB	qi_CAREHOURSPB	In the month before the Coronavirus outbreak in March, how many hours of help did the person you live with usually get each week?		cs_qCAREHOURSB	1|Up to 4 hours. 2|5-9 hours. 3|10-19 hours. 4|20-34 hours. 5|35 hours or more. -8|Don't Know. -9|Don't want to answer	97c773b8-f89a-4190-bbaa-80742518217a	uk.closer	11607.0	Family and social networks (CV19)
urn:ddi:uk.cls.nextsteps:83ab13bb-90e6-40fe-8741-16cf36400450:4	Next_Steps_Age_30_COVID-19_Survey_-_Wave_1	urn:ddi:uk.cls.nextsteps:80d3a312-c839-444a-aeb6-3bf4e319a97a:2	SCON1	qi_SCON1	In the last seven days, on how many days did you meet up in person with any of your family or friends who do not live with you?		cs_SCON1	1|Every day. 2|4-6 days. 3|2-3 days. 4|1 day. 5|Never	81a75340-35f0-4d56-a9ef-01bcc8d7cc00	uk.closer	11607.0	Family and social networks (CV19)
urn:ddi:uk.cls.nextsteps:83ab13bb-90e6-40fe-8741-16cf36400450:4	Next_Steps_Age_30_COVID-19_Survey_-_Wave_1	urn:ddi:uk.cls.nextsteps:8258b176-4721-4c1c-b8be-163f849fe271:2	RELCONFL	qi_RELCONFL	Since the Coronavirus outbreak began, has the amount you have argued with your partner changed?		cs_RELCONFL	1|My partner and I have argued more often. 2|No change - same as before. 3|My partner and I have argued less often	81a75340-35f0-4d56-a9ef-01bcc8d7cc00	uk.closer	11607.0	Family and social networks (CV19)
urn:ddi:uk.cls.nextsteps:3032d053-47dd-471e-883e-346f09928d3f:1	Next_Steps_Age_30_COVID-19_Survey_-_Wave_2	urn:ddi:uk.cls.nextsteps:84e36fd4-6c5e-4ec1-b0e6-a5e2fe3086cc:1	SCON1	qi_SCON1	In the last seven days, on how many days did you meet up in person with any of your family or friends who do not live with you?		cs_qSCON1	1|Every day. 2|4-6 days. 3|2-3 days. 4|1 day. 5|Never. -8|Don't Know. -9|Don't want to answer	97c773b8-f89a-4190-bbaa-80742518217a	uk.closer	11607.0	Family and social networks (CV19)
urn:ddi:uk.cls.nextsteps:82b7a6c9-47ea-4ee5-98fb-4cd5958c4076:1	Next_Steps_Age_30_COVID-19_Survey_-_Wave_3	urn:ddi:uk.cls.nextsteps:8a53004c-6a37-4ee9-a641-5c5c3ebab40b:1	CAREWHOAP	qi_CAREWHOAP	In the last four weeks, who has provided the person (or people) you live with the help they have needed?	Please select all that apply.	cs_qCAREWHOAP	1|Nobody - needs were not met. 2|Me. 3|My husband/ wife/ partner. 4|Son or daughter or other family member (include even if not blood related). 5|Friend or neighbour. 6|Voluntary helper. 7|Paid/ professional help. 8|Other. -8|Don't Know. -9|Don't want to answer	6a2d2f89-3187-48a3-9d1b-fd5fed6b38b9	uk.closer	11607.0	Family and social networks (CV19)
urn:ddi:uk.cls.nextsteps:83ab13bb-90e6-40fe-8741-16cf36400450:4	Next_Steps_Age_30_COVID-19_Survey_-_Wave_1	urn:ddi:uk.cls.nextsteps:9213dab0-beb0-4b9a-a624-167327da6a6c:2	CAREWHO	qi_CAREWHO	Who provided this help?		cs_CAREWHO	1|Husband/wife/partner/self. 2|Son or daughter or other family member (include even if not blood related). 3|Friend or neighbour. 4|Voluntary helper. 5|Paid/professional help. 6|Other	81a75340-35f0-4d56-a9ef-01bcc8d7cc00	uk.closer	11607.0	Family and social networks (CV19)
urn:ddi:uk.cls.nextsteps:83ab13bb-90e6-40fe-8741-16cf36400450:4	Next_Steps_Age_30_COVID-19_Survey_-_Wave_1	urn:ddi:uk.cls.nextsteps:93f42510-6739-4ea4-b78c-f26715458b6d:2	CARECHAN	qi_CARECHAN	Since the Coronavirus outbreak, have you or someone you live with had a change in help needed and/or received?		cs_CARECHAN	1|Yes, there has been a change to the care needed or received. 2|No change	81a75340-35f0-4d56-a9ef-01bcc8d7cc00	uk.closer	11607.0	Family and social networks (CV19)
urn:ddi:uk.cls.nextsteps:3032d053-47dd-471e-883e-346f09928d3f:1	Next_Steps_Age_30_COVID-19_Survey_-_Wave_2	urn:ddi:uk.cls.nextsteps:9adac4ec-3cd4-439f-980e-8b1b9e74ba43:1	COVCHIL	qi_COVCHIL	Have any of the following occurred since the Coronavirus outbreak in March? When thinking about your children please include adult children, step-children, adopted children, foster children or any other children you consider yourself parent to.	Please select all that apply.	cs_qCOVCHIL	1|At least one of my children has moved into my home. 2|At least one of my children has moved out of my home. 3|I have moved into one of my children's homes. 4|None of these. -8|Don't Know. -9|Don't want to answer	97c773b8-f89a-4190-bbaa-80742518217a	uk.closer	11607.0	Family and social networks (CV19)
urn:ddi:uk.cls.nextsteps:83ab13bb-90e6-40fe-8741-16cf36400450:4	Next_Steps_Age_30_COVID-19_Survey_-_Wave_1	urn:ddi:uk.cls.nextsteps:9d3b82d4-c6c1-4721-ab15-84dc07bf2397:2	COVCHIL	qi_COVCHIL	Have any of the following occurred since the Coronavirus outbreak?		cs_COVCHIL	1|At least one of my children has moved into my home. 2|At least one of my children has moved out of my home. 3|I have moved into one of my children's homes. 4|None of these	81a75340-35f0-4d56-a9ef-01bcc8d7cc00	uk.closer	11607.0	Family and social networks (CV19)
urn:ddi:uk.cls.nextsteps:83ab13bb-90e6-40fe-8741-16cf36400450:4	Next_Steps_Age_30_COVID-19_Survey_-_Wave_1	urn:ddi:uk.cls.nextsteps:9db9b50d-3bcc-450a-8000-8b893e5866bd:1	Timeuse1 16	qi_Timeuse1_16	How many hours have you been spending doing each of the following activities on a typical week day since the Coronavirus outbreak began? Other interactive activities with children (e.g. reading to them, playing games with them, painting/drawing with them, doing puzzles together). ... Number of hours	Please round to the nearest hour.		Hours in day	81a75340-35f0-4d56-a9ef-01bcc8d7cc00	uk.closer	11607.0	Family and social networks (CV19)
urn:ddi:uk.cls.nextsteps:3032d053-47dd-471e-883e-346f09928d3f:1	Next_Steps_Age_30_COVID-19_Survey_-_Wave_2	urn:ddi:uk.cls.nextsteps:a620dbc3-db35-43f4-b028-3629af53d58a:1	OTHRELA	qi_OTHRELA	Are you in a relationship with someone at the moment?		cs_qCOVID_HOSPAD	1|Yes. 2|No. -8|Don't Know. -9|Don't want to answer	97c773b8-f89a-4190-bbaa-80742518217a	uk.closer	11607.0	Family and social networks (CV19)
urn:ddi:uk.cls.nextsteps:83ab13bb-90e6-40fe-8741-16cf36400450:4	Next_Steps_Age_30_COVID-19_Survey_-_Wave_1	urn:ddi:uk.cls.nextsteps:a8614fad-8100-42c5-8f13-b47a53c738ec:2	HCARPRE	qi_HCARPRE	Altogether, how many hours help did you or someone you live with usually get in a week?		cs_HCARPRE	1|Up to 4 hours. 4|5-9 hours. 5|10-19 hours. 6|20-34 hours. 7|35 hours or more	81a75340-35f0-4d56-a9ef-01bcc8d7cc00	uk.closer	11607.0	Family and social networks (CV19)
urn:ddi:uk.cls.nextsteps:3032d053-47dd-471e-883e-346f09928d3f:1	Next_Steps_Age_30_COVID-19_Survey_-_Wave_2	urn:ddi:uk.cls.nextsteps:a96d443b-4f95-455d-8a92-17d9eb5327c8:1	COVCHAN	qi_COVCHAN	Have there been any changes to the people you are living with since the Coronavirus outbreak in March? In other words has anyone different moved in, has someone moved out, or have you moved out to live with someone else or to be on your own?		cs_qCOVID_HOSPAD	1|Yes. 2|No. -8|Don't Know. -9|Don't want to answer	97c773b8-f89a-4190-bbaa-80742518217a	uk.closer	11607.0	Family and social networks (CV19)
urn:ddi:uk.cls.nextsteps:82b7a6c9-47ea-4ee5-98fb-4cd5958c4076:1	Next_Steps_Age_30_COVID-19_Survey_-_Wave_3	urn:ddi:uk.cls.nextsteps:ab504010-e0fb-4967-8585-940619357db8:1	CAREHOURSA	qi_CAREHOURSA	In the last four weeks, how many hours of help have you usually received each week?		cs_qCAREHOURSA	1|Up to 4 hours. 2|5-9 hours. 3|10-19 hours. 4|20-34 hours. 5|35 hours or more. -8|Don't Know. -9|Don't want to answer	6a2d2f89-3187-48a3-9d1b-fd5fed6b38b9	uk.closer	11607.0	Family and social networks (CV19)
urn:ddi:uk.cls.nextsteps:82b7a6c9-47ea-4ee5-98fb-4cd5958c4076:1	Next_Steps_Age_30_COVID-19_Survey_-_Wave_3	urn:ddi:uk.cls.nextsteps:ab753ecd-30c4-4a8b-ada1-08aea491f11e:1	COVPER	qi_COVPER	Have any of the following occurred since the Coronavirus outbreak in March 2020?	Please select all that apply.	cs_qCOVPER	1|At least one of my parents (or in-laws) has moved in with me. 2|I have moved in with at least one of my parents (or in-laws). 3|None of these. -8|Don't Know. -9|Don't want to answer	6a2d2f89-3187-48a3-9d1b-fd5fed6b38b9	uk.closer	11607.0	Family and social networks (CV19)
urn:ddi:uk.cls.nextsteps:82b7a6c9-47ea-4ee5-98fb-4cd5958c4076:1	Next_Steps_Age_30_COVID-19_Survey_-_Wave_3	urn:ddi:uk.cls.nextsteps:ad09502f-2964-41c3-8057-1c6328e523c3:1	CAREA	qi_CAREA	In the last four weeks, have you or someone you live with needed help with personal tasks (washing, dressing), or domestic tasks (shopping, providing meals) because you (or they) could not manage them alone?	Please select all that apply.	cs_qCAREA	1|Yes - I needed help. 2|Yes - someone I live with needed help. 3|No. -8|Don't Know. -9|Don't want to answer	6a2d2f89-3187-48a3-9d1b-fd5fed6b38b9	uk.closer	11607.0	Family and social networks (CV19)
urn:ddi:uk.cls.nextsteps:3032d053-47dd-471e-883e-346f09928d3f:1	Next_Steps_Age_30_COVID-19_Survey_-_Wave_2	urn:ddi:uk.cls.nextsteps:ae5daebb-c5d1-4d34-8df1-8cca68333157:1	CAREWHOA	qi_CAREWHOA	In the last four weeks, who has provided you with the help you have needed?	Please select all that apply.	cs_qCAREWHOA	1|Nobody - needs were not met. 2|Husband/ wife/ partner. 3|Son or daughter or other family member (include even if not blood related). 4|Friend or neighbour. 5|Voluntary helper. 6|Paid/ professional help. 7|Other. -8|Don't Know. -9|Don't want to answer	97c773b8-f89a-4190-bbaa-80742518217a	uk.closer	11607.0	Family and social networks (CV19)
urn:ddi:uk.cls.nextsteps:82b7a6c9-47ea-4ee5-98fb-4cd5958c4076:1	Next_Steps_Age_30_COVID-19_Survey_-_Wave_3	urn:ddi:uk.cls.nextsteps:ae5ea9b2-e1e0-4464-9ca2-aa1ddcb24e39:1	CARECHANP	qi_CARECHANP	Compared to before the Coronavirus outbreak in March 2020, has the amount of help that the person (or people) you live with now needs changed?		cs_qCARECHAN	1|Amount of help needed has increased. 2|Amount of help needed has decreased. 3|Amount of help needed has stayed the same. -8|Don't Know. -9|Don't want to answer	6a2d2f89-3187-48a3-9d1b-fd5fed6b38b9	uk.closer	11607.0	Family and social networks (CV19)
urn:ddi:uk.cls.nextsteps:83ab13bb-90e6-40fe-8741-16cf36400450:4	Next_Steps_Age_30_COVID-19_Survey_-_Wave_1	urn:ddi:uk.cls.nextsteps:b072c3dc-1efd-41e2-a648-e8f6edebf95c:1	Timeuse2	qi_Timeuse2	How many hours in total have you been spending outside of your home on a typical week day since the Coronavirus outbreak began? 	Please do not include time spent in your garden or any other outdoor space which is part of your home. Please round to the nearest hour.		Hours in day	81a75340-35f0-4d56-a9ef-01bcc8d7cc00	uk.closer	11607.0	Family and social networks (CV19)
urn:ddi:uk.cls.nextsteps:3032d053-47dd-471e-883e-346f09928d3f:1	Next_Steps_Age_30_COVID-19_Survey_-_Wave_2	urn:ddi:uk.cls.nextsteps:b0733925-f7be-49a9-8ec7-68203e354718:1	NUMCHIL	qi_NUMCHIL	How many of your children do you currently live with?	Please include adult children, step-children, adopted children, foster children or any other children you consider yourself parent to.		How many I	97c773b8-f89a-4190-bbaa-80742518217a	uk.closer	11607.0	Family and social networks (CV19)
urn:ddi:uk.cls.nextsteps:83ab13bb-90e6-40fe-8741-16cf36400450:4	Next_Steps_Age_30_COVID-19_Survey_-_Wave_1	urn:ddi:uk.cls.nextsteps:b5b6b935-916d-4890-8ae0-a4a0026665df:2	SCON5	qi_SCON5	In the last seven days, on how many days did you give help to people outside of your household affected by Coronavirus or the current restrictions?	Please include doing shopping, collecting medicines, checking in on people and any other voluntary work for community groups or other organisations.	cs_SCON5	1|Every day. 2|4-6 days. 3|2-3 days. 4|1 day. 5|Never	81a75340-35f0-4d56-a9ef-01bcc8d7cc00	uk.closer	11607.0	Family and social networks (CV19)
urn:ddi:uk.cls.nextsteps:83ab13bb-90e6-40fe-8741-16cf36400450:4	Next_Steps_Age_30_COVID-19_Survey_-_Wave_1	urn:ddi:uk.cls.nextsteps:b8e11f82-c8ea-486c-bd08-e53932b5486e:2	SOCPROV 3	qi_SOCPROV_3	In answering the following questions, think about your current relationships with friends, family members, community members, and so on. There is no one I feel close to	Please indicate to what extent each statement describes your current relationships with other people.	cs_SOCPROV	9|Very true. 10|Partly True. 11|Not true at all	81a75340-35f0-4d56-a9ef-01bcc8d7cc00	uk.closer	11607.0	Family and social networks (CV19)
urn:ddi:uk.cls.nextsteps:83ab13bb-90e6-40fe-8741-16cf36400450:4	Next_Steps_Age_30_COVID-19_Survey_-_Wave_1	urn:ddi:uk.cls.nextsteps:c155c2e6-d337-467f-9fdb-649fc6cca4b5:2	PRNCARE	qi_PRNCARE	Who provided this help?		cs_PRNCARE	1|Husband/wife/partner/self. 2|Son or daughter or other family member (include even if not blood related). 3|Friend or neighbour. 4|Voluntary helper. 5|Paid/professional help. 6|Other	81a75340-35f0-4d56-a9ef-01bcc8d7cc00	uk.closer	11607.0	Family and social networks (CV19)
urn:ddi:uk.cls.nextsteps:3032d053-47dd-471e-883e-346f09928d3f:1	Next_Steps_Age_30_COVID-19_Survey_-_Wave_2	urn:ddi:uk.cls.nextsteps:c164f2d8-5e5a-460c-a2ae-bf8bc767b0da:1	FAMCONFL2	qi_FAMCONFL2	Since the national lockdown restrictions started to be eased in June, has the amount you have argued with the people you live with changed compared to when the lockdown restrictions were strictest?		cs_qFAMCONFL2	1|I have argued with the people I live with more often since June, compared to when the lockdown restrictions were strictest. 2|No change - same as during the period when lockdown restrictions were strictest. 3|I have argued with the people I live with less often since June, compared to when the lockdown restrictions were strictest. -8|Don't Know. -9|Don't want to answer	97c773b8-f89a-4190-bbaa-80742518217a	uk.closer	11607.0	Family and social networks (CV19)
urn:ddi:uk.cls.nextsteps:83ab13bb-90e6-40fe-8741-16cf36400450:4	Next_Steps_Age_30_COVID-19_Survey_-_Wave_1	urn:ddi:uk.cls.nextsteps:c3996246-7d43-4abd-b5a8-3d75cd79d784:1	HHNUM	qi_HHNUM	How many people do you currently live with?	Please include yourself.		How many	81a75340-35f0-4d56-a9ef-01bcc8d7cc00	uk.closer	11607.0	Family and social networks (CV19)
urn:ddi:uk.cls.nextsteps:3032d053-47dd-471e-883e-346f09928d3f:1	Next_Steps_Age_30_COVID-19_Survey_-_Wave_2	urn:ddi:uk.cls.nextsteps:c47d075f-d5a6-4fdf-96c5-413f5cf192d7:1	HHNUM	qi_HHNUM	How many people do you currently live with? Please include yourself.			How many I	97c773b8-f89a-4190-bbaa-80742518217a	uk.closer	11607.0	Family and social networks (CV19)
urn:ddi:uk.cls.nextsteps:83ab13bb-90e6-40fe-8741-16cf36400450:4	Next_Steps_Age_30_COVID-19_Survey_-_Wave_1	urn:ddi:uk.cls.nextsteps:c69f84f7-7a60-47a5-8335-a86d83d91fca:1	Timeuse1 2	qi_Timeuse1_2	How many hours have you been spending doing each of the following activities on a typical week day since the Coronavirus outbreak began? Volunteering / unpaid work (not for your household) ... Number of hours	Please round to the nearest hour.		Hours in day	81a75340-35f0-4d56-a9ef-01bcc8d7cc00	uk.closer	11607.0	Family and social networks (CV19)
urn:ddi:uk.cls.nextsteps:3032d053-47dd-471e-883e-346f09928d3f:1	Next_Steps_Age_30_COVID-19_Survey_-_Wave_2	urn:ddi:uk.cls.nextsteps:c748c387-747f-438a-912c-8fe49091f358:1	FAMCONFL1	qi_FAMCONFL1	During the period between March and May, when the lockdown restrictions were strictest, did the amount you argued with the people you live with change compared to before the Coronavirus outbreak?		cs_qFAMCONFL1	1|I argued with the people I live with more often between March and May, compared to before the Coronavirus outbreak. 2|No change - same as before the Coronavirus outbreak. 3|I argued with the people I live with less often between March and May, compared to before the Coronavirus outbreak. -8|Don't Know. -9|Don't want to answer	97c773b8-f89a-4190-bbaa-80742518217a	uk.closer	11607.0	Family and social networks (CV19)
urn:ddi:uk.cls.nextsteps:82b7a6c9-47ea-4ee5-98fb-4cd5958c4076:1	Next_Steps_Age_30_COVID-19_Survey_-_Wave_3	urn:ddi:uk.cls.nextsteps:c9bcf80d-8541-4c4c-8271-18990e264697:1	CARECHAN	qi_CARECHAN	Compared to before the Coronavirus outbreak in March 2020, has the amount of help that you now need changed?		cs_qCARECHAN	1|Amount of help needed has increased. 2|Amount of help needed has decreased. 3|Amount of help needed has stayed the same. -8|Don't Know. -9|Don't want to answer	6a2d2f89-3187-48a3-9d1b-fd5fed6b38b9	uk.closer	11607.0	Family and social networks (CV19)
urn:ddi:uk.cls.nextsteps:3032d053-47dd-471e-883e-346f09928d3f:1	Next_Steps_Age_30_COVID-19_Survey_-_Wave_2	urn:ddi:uk.cls.nextsteps:cb857399-cea6-4690-a21d-3f16bb81e4b4:1	WHOCAREB	qi_WHOCAREB	In the month before the Coronavirus outbreak in March, who provided you with the help you needed?	Please code all that apply.	cs_qWHOCAREB	1|Nobody - needs were not met. 2|Husband/wife/partner. 3|Son or daughter or other family member (include even if not blood related). 4|Friend or neighbour. 5|Voluntary helper. 6|Paid/professional help. 7|Other. -8|Don't Know. -9|Don't want to answer	97c773b8-f89a-4190-bbaa-80742518217a	uk.closer	11607.0	Family and social networks (CV19)
urn:ddi:uk.cls.nextsteps:83ab13bb-90e6-40fe-8741-16cf36400450:4	Next_Steps_Age_30_COVID-19_Survey_-_Wave_1	urn:ddi:uk.cls.nextsteps:cc536391-a76b-4284-b3ad-a82bff5ae2d2:2	SOCPROV 1	qi_SOCPROV_1	In answering the following questions, think about your current relationships with friends, family members, community members, and so on. There is someone I trust whom I would turn to for advice if I were having problems	Please indicate to what extent each statement describes your current relationships with other people.	cs_SOCPROV	9|Very true. 10|Partly True. 11|Not true at all	81a75340-35f0-4d56-a9ef-01bcc8d7cc00	uk.closer	11607.0	Family and social networks (CV19)
urn:ddi:uk.cls.nextsteps:83ab13bb-90e6-40fe-8741-16cf36400450:4	Next_Steps_Age_30_COVID-19_Survey_-_Wave_1	urn:ddi:uk.cls.nextsteps:cc9d3cda-44ed-4a31-97e2-8a8fead77895:2	SCATSCH	qi_SCATSCH	Are any of your child(ren) aged between 5 and 16 still physically attending school daily?		cs_SCATSCH	23|Yes. 24|No	81a75340-35f0-4d56-a9ef-01bcc8d7cc00	uk.closer	11607.0	Family and social networks (CV19)
urn:ddi:uk.cls.nextsteps:83ab13bb-90e6-40fe-8741-16cf36400450:4	Next_Steps_Age_30_COVID-19_Survey_-_Wave_1	urn:ddi:uk.cls.nextsteps:cdeba8ca-1977-44a5-a82b-87c0f3b44f19:2	SCATSCHW	qi_SCATSCHW	Why is your child(ren) still physically attending school?		cs_SCATSCHW	1|I am a key worker. 2|My partner is a key worker. 3|My child has Special Education Needs (SEN) or Education and Healthcare plan (EHCP). 4|Other reason	81a75340-35f0-4d56-a9ef-01bcc8d7cc00	uk.closer	11607.0	Family and social networks (CV19)
urn:ddi:uk.cls.nextsteps:83ab13bb-90e6-40fe-8741-16cf36400450:4	Next_Steps_Age_30_COVID-19_Survey_-_Wave_1	urn:ddi:uk.cls.nextsteps:d1197cff-8a04-4d8a-94a2-ba7d1bdb8ad9:2	SICK	qi_SICK	If you were sick in bed how much could you count on the people around you to help out?		cs_SICK	1|Not at all. 6|A little. 7|Somewhat. 8|A great deal	81a75340-35f0-4d56-a9ef-01bcc8d7cc00	uk.closer	11607.0	Family and social networks (CV19)
urn:ddi:uk.cls.nextsteps:3032d053-47dd-471e-883e-346f09928d3f:1	Next_Steps_Age_30_COVID-19_Survey_-_Wave_2	urn:ddi:uk.cls.nextsteps:d165b274-11fd-46bc-9085-44f2352b6ca5:1	RELCONFL2	qi_RELCONFL2	Since the national lockdown restrictions started to be eased in June, has the amount you have argued with your partner changed, compared to when the lockdown restrictions were strictest?		cs_qRELCONFL2	1|My partner and I have argued more often since June, compared to when the lockdown restrictions were strictest. 2|No change - same as during the period when lockdown restrictions were strictest. 3|My partner and I have argued less often since June, compared to when the lockdown restrictions were strictest. -8|Don't Know. -9|Don't want to answer	97c773b8-f89a-4190-bbaa-80742518217a	uk.closer	11607.0	Family and social networks (CV19)
urn:ddi:uk.cls.nextsteps:3032d053-47dd-471e-883e-346f09928d3f:1	Next_Steps_Age_30_COVID-19_Survey_-_Wave_2	urn:ddi:uk.cls.nextsteps:d3b702e9-f09e-48eb-ae9b-007584d9f51b:1	SCON3	qi_SCON3	In the last seven days, on how many days did you keep in contact with family or friends you do not live with by email or text or other electronic messaging?		cs_qSCON1	1|Every day. 2|4-6 days. 3|2-3 days. 4|1 day. 5|Never. -8|Don't Know. -9|Don't want to answer	97c773b8-f89a-4190-bbaa-80742518217a	uk.closer	11607.0	Family and social networks (CV19)
urn:ddi:uk.cls.nextsteps:83ab13bb-90e6-40fe-8741-16cf36400450:4	Next_Steps_Age_30_COVID-19_Survey_-_Wave_1	urn:ddi:uk.cls.nextsteps:da06a723-2a04-4435-a8f5-8ca57218de23:2	YCATSCW	qi_YCATSCW	Why is your child(ren) still attending day care or school?		cs_YCATSCW	1|I am a key worker. 2|My partner is a key worker. 3|My child has Special Education Needs (SEN) or Education and Healthcare plan (EHCP). 4|Other reason	81a75340-35f0-4d56-a9ef-01bcc8d7cc00	uk.closer	11607.0	Family and social networks (CV19)
urn:ddi:uk.cls.nextsteps:82b7a6c9-47ea-4ee5-98fb-4cd5958c4076:1	Next_Steps_Age_30_COVID-19_Survey_-_Wave_3	urn:ddi:uk.cls.nextsteps:de26afae-44e1-43c3-9e0e-2bde37eb089e:1	CAREHOURSAP	qi_CAREHOURSAP	In the last four weeks, how many hours of help did the person (or people) you live with usually get each week?		cs_qCAREHOURSA	1|Up to 4 hours. 2|5-9 hours. 3|10-19 hours. 4|20-34 hours. 5|35 hours or more. -8|Don't Know. -9|Don't want to answer	6a2d2f89-3187-48a3-9d1b-fd5fed6b38b9	uk.closer	11607.0	Family and social networks (CV19)
urn:ddi:uk.cls.nextsteps:82b7a6c9-47ea-4ee5-98fb-4cd5958c4076:1	Next_Steps_Age_30_COVID-19_Survey_-_Wave_3	urn:ddi:uk.cls.nextsteps:de79ac94-db28-43e5-8ae4-ef0a99f57ec2:1	HHNUMWH	qi_HHNUMWH	Who do you currently live with?	Please select all that apply. 	cs_qHHNUMWH	1|Husband/Wife/Cohabiting Partner. 2|Children (including adult children, step-children, adopted children, foster children or any other children you consider yourself parent to). 3|Parent or Parent-in-law (including step-parent or adoptive parent). 4|Grandparent. 5|Grandchild. 6|Sibling. 7|Other relative. 8|Friend / unrelated sharer. 9|Other. -8|Don't Know. -9|Don't want to answer	6a2d2f89-3187-48a3-9d1b-fd5fed6b38b9	uk.closer	11607.0	Family and social networks (CV19)
urn:ddi:uk.cls.nextsteps:3032d053-47dd-471e-883e-346f09928d3f:1	Next_Steps_Age_30_COVID-19_Survey_-_Wave_2	urn:ddi:uk.cls.nextsteps:e2a45908-5907-46e2-94e6-953aa8e5df32:1	SICK	qi_SICK	If you were sick in bed how much could you count on the people around you to help out?		cs_qSICK	1|Not at all. 2|A little. 3|Somewhat. 4|A great deal. -8|Don't Know. -9|Don't want to answer	97c773b8-f89a-4190-bbaa-80742518217a	uk.closer	11607.0	Family and social networks (CV19)
urn:ddi:uk.cls.nextsteps:3032d053-47dd-471e-883e-346f09928d3f:1	Next_Steps_Age_30_COVID-19_Survey_-_Wave_2	urn:ddi:uk.cls.nextsteps:e2a4b83f-8a96-4122-b52f-d743d5ab8622:1	SOCPROV b	qi_SOCPROV_b	In answering the following questions, think about your current relationships with friends, family members, community members, and so on. Please indicate to what extent each statement describes your current relationships with other people.There is someone I trust whom I would turn to for advice if I were having problems		cs_qSOCPROV_c	1|Very true. 2|Partly true. 3|Not true at all. -8|Don't Know. -9|Don't want to answer	97c773b8-f89a-4190-bbaa-80742518217a	uk.closer	11607.0	Family and social networks (CV19)
urn:ddi:uk.cls.nextsteps:82b7a6c9-47ea-4ee5-98fb-4cd5958c4076:1	Next_Steps_Age_30_COVID-19_Survey_-_Wave_3	urn:ddi:uk.cls.nextsteps:e53bcb4c-8387-472f-a45e-e49beadfc844:1	CAREWHOA	qi_CAREWHOA	In the last four weeks, who has provided you with the help you have needed?	Please select all that apply.	cs_qCAREWHOA	1|Nobody - needs were not met. 2|Husband/ wife/ partner. 3|Son or daughter or other family member (include even if not blood related). 4|Friend or neighbour. 5|Voluntary helper. 6|Paid/ professional help. 7|Other. -8|Don't Know. -9|Don't want to answer	6a2d2f89-3187-48a3-9d1b-fd5fed6b38b9	uk.closer	11607.0	Family and social networks (CV19)
urn:ddi:uk.cls.nextsteps:3032d053-47dd-471e-883e-346f09928d3f:1	Next_Steps_Age_30_COVID-19_Survey_-_Wave_2	urn:ddi:uk.cls.nextsteps:e54b6a7f-bd6e-4779-8691-fcc2528149c6:1	CARECHANP	qi_CARECHANP	Compared to before the Coronavirus outbreak, has the amount of help that the person you live with now needs changed?		cs_qCARECHAN	1|Amount of help needed has increased. 2|Amount of help needed has decreased. 3|Amount of help needed has stayed the same. -8|Don't Know. -9|Don't want to answer	97c773b8-f89a-4190-bbaa-80742518217a	uk.closer	11607.0	Family and social networks (CV19)
urn:ddi:uk.cls.nextsteps:3032d053-47dd-471e-883e-346f09928d3f:1	Next_Steps_Age_30_COVID-19_Survey_-_Wave_2	urn:ddi:uk.cls.nextsteps:e56b6420-cc76-49f0-ab27-534a2b5ec428:1	COVOTH	qi_COVOTH	Have any of the following occurred since the Coronavirus outbreak in March?	Please select all that apply.	cs_qCOVOTH	1|Someone other than a partner, parent (or in-law) or child has moved in to my home. 2|I have moved in to someone other than a partner, parent (or in-law) or child's home. 3|None of these. -8|Don't Know. -9|Don't want to answer	97c773b8-f89a-4190-bbaa-80742518217a	uk.closer	11607.0	Family and social networks (CV19)
urn:ddi:uk.cls.nextsteps:3032d053-47dd-471e-883e-346f09928d3f:1	Next_Steps_Age_30_COVID-19_Survey_-_Wave_2	urn:ddi:uk.cls.nextsteps:e64be10d-a825-4af5-b1f7-9a286d7b884f:1	COVPART	qi_COVPART	Have you started living with your partner since the Coronavirus outbreak in March?		cs_qCOVID_HOSPAD	1|Yes. 2|No. -8|Don't Know. -9|Don't want to answer	97c773b8-f89a-4190-bbaa-80742518217a	uk.closer	11607.0	Family and social networks (CV19)
urn:ddi:uk.cls.nextsteps:83ab13bb-90e6-40fe-8741-16cf36400450:4	Next_Steps_Age_30_COVID-19_Survey_-_Wave_1	urn:ddi:uk.cls.nextsteps:e704c8a7-c721-458c-9298-c475d5b89d2c:2	RELSAT	qi_RELSAT	On a scale from 1 to 7, where '1' means that you are 'very unhappy' and '7' means that you are 'very happy', how happy is your relationship with your partner at the moment, all things considered?		cs_RELSAT	1|Very unhappy 1. 2|2. 4|3. 5|4. 6|5. 7|6. 8|Very happy 7	81a75340-35f0-4d56-a9ef-01bcc8d7cc00	uk.closer	11607.0	Family and social networks (CV19)
urn:ddi:uk.cls.nextsteps:83ab13bb-90e6-40fe-8741-16cf36400450:4	Next_Steps_Age_30_COVID-19_Survey_-_Wave_1	urn:ddi:uk.cls.nextsteps:f17fdf6c-628a-4e0d-85a9-e8abc214af74:1	Timeuse1 8	qi_Timeuse1_8	How many hours have you been spending doing each of the following activities on a typical week day since the Coronavirus outbreak began? Other leisure activities and hobbies (e.g. TV, gaming, reading, news, listening to music, gardening, online shopping, mealtime, relaxing) ... Number of hours	Please round to the nearest hour.		Hours in day	81a75340-35f0-4d56-a9ef-01bcc8d7cc00	uk.closer	11607.0	Family and social networks (CV19)
urn:ddi:uk.cls.nextsteps:83ab13bb-90e6-40fe-8741-16cf36400450:4	Next_Steps_Age_30_COVID-19_Survey_-_Wave_1	urn:ddi:uk.cls.nextsteps:f37ae413-e38d-40aa-81e4-7a65958f56fe:2	CACHANWH	qi_CACHANWH	Which of these statements best describes the change in help needed or received?		cs_CACHANWH	1|Needs remain the same, but regular care reduced due to the Coronavirus outbreak. 2|New or more care needed but not received. 3|New or more care needed and received	81a75340-35f0-4d56-a9ef-01bcc8d7cc00	uk.closer	11607.0	Family and social networks (CV19)
urn:ddi:uk.cls.nextsteps:3032d053-47dd-471e-883e-346f09928d3f:1	Next_Steps_Age_30_COVID-19_Survey_-_Wave_2	urn:ddi:uk.cls.nextsteps:f4b52863-1ac7-4f05-8ace-00bcca154ab3:1	HHNUMWH	qi_HHNUMWH	Who do you currently live with?	Please select all that apply.	cs_qHHNUMWH	1|Husband/Wife/Cohabiting Partner. 2|Children (including adult children, step-children, adopted children, foster children or any other children you consider yourself parent to). 3|Parent or Parent-in-law (including step-parent or adoptive parent). 4|Grandparent. 5|Grandchild. 6|Sibling. 7|Other relative. 8|Friend / unrelated sharer. 9|Other. -8|Don't Know. -9|Don't want to answer	97c773b8-f89a-4190-bbaa-80742518217a	uk.closer	11607.0	Family and social networks (CV19)
urn:ddi:uk.cls.nextsteps:3032d053-47dd-471e-883e-346f09928d3f:1	Next_Steps_Age_30_COVID-19_Survey_-_Wave_2	urn:ddi:uk.cls.nextsteps:f8466240-3308-4ec7-b998-15e6156b31d0:1	CAREA	qi_CAREA	In the last four weeks, have you or someone you lived with needed help with personal tasks (washing, dressing), or domestic tasks (shopping, providing meals) because you (or they) could not manage them alone?	Please select all that apply.	cs_qCAREB	1|Yes - I needed help. 2|Yes - someone I lived with needed help. 3|No. -8|Don't Know. -9|Don't want to answer	97c773b8-f89a-4190-bbaa-80742518217a	uk.closer	11607.0	Family and social networks (CV19)
urn:ddi:uk.cls.nextsteps:83ab13bb-90e6-40fe-8741-16cf36400450:4	Next_Steps_Age_30_COVID-19_Survey_-_Wave_1	urn:ddi:uk.cls.nextsteps:f8e12b08-2127-4bb8-94d8-52b01494b841:2	HHNUMWH	qi_HHNUMWH	Who do you currently live with?	Please select all that apply.	cs_HHNUMWH	1|Husband/Wife/Cohabiting Partner. 2|Children (including step-children, adopted children, foster children or any other children you consider yourself parent to). 3|Parent or Parent-in-law (including step-parent or adoptive parent). 4|Grandparent. 5|Grandchild. 6|Sibling. 7|Other relative. 8|Friend / unrelated sharer. 9|Other	81a75340-35f0-4d56-a9ef-01bcc8d7cc00	uk.closer	11607.0	Family and social networks (CV19)
urn:ddi:uk.cls.nextsteps:3032d053-47dd-471e-883e-346f09928d3f:1	Next_Steps_Age_30_COVID-19_Survey_-_Wave_2	urn:ddi:uk.cls.nextsteps:fa49f2ea-b777-4e01-8fbf-acc96f4bb82d:1	SCON5	qi_SCON5	In the last seven days, on how many days did you give help to people outside of your household affected by Coronavirus or the current restrictions?		cs_qSCON1	1|Every day. 2|4-6 days. 3|2-3 days. 4|1 day. 5|Never. -8|Don't Know. -9|Don't want to answer	97c773b8-f89a-4190-bbaa-80742518217a	uk.closer	11607.0	Family and social networks (CV19)
urn:ddi:uk.cls.nextsteps:3032d053-47dd-471e-883e-346f09928d3f:1	Next_Steps_Age_30_COVID-19_Survey_-_Wave_2	urn:ddi:uk.cls.nextsteps:fac1f3c1-c450-4d69-978b-8628551fec5d:1	CAREHOURSB	qi_CAREHOURSB	In the month before the Coronavirus outbreak in March, how many hours of help did you usually get each week?		cs_qCAREHOURSB	1|Up to 4 hours. 2|5-9 hours. 3|10-19 hours. 4|20-34 hours. 5|35 hours or more. -8|Don't Know. -9|Don't want to answer	97c773b8-f89a-4190-bbaa-80742518217a	uk.closer	11607.0	Family and social networks (CV19)
urn:ddi:uk.cls.nextsteps:3032d053-47dd-471e-883e-346f09928d3f:1	Next_Steps_Age_30_COVID-19_Survey_-_Wave_2	urn:ddi:uk.cls.nextsteps:fae1a8f4-928e-42ca-801a-9f9519a1af6f:1	SOCPROV a	qi_SOCPROV_a	In answering the following questions, think about your current relationships with friends, family members, community members, and so on. Please indicate to what extent each statement describes your current relationships with other people. I have family and friends who help me feel safe, secure and happy		cs_qSOCPROV_c	1|Very true. 2|Partly true. 3|Not true at all. -8|Don't Know. -9|Don't want to answer	97c773b8-f89a-4190-bbaa-80742518217a	uk.closer	11607.0	Family and social networks (CV19)
urn:ddi:uk.cls.nextsteps:82b7a6c9-47ea-4ee5-98fb-4cd5958c4076:1	Next_Steps_Age_30_COVID-19_Survey_-_Wave_3	urn:ddi:uk.cls.nextsteps:fb0ec8af-6e61-428a-b33a-9319b62595b6:1	COVCHIL	qi_COVCHIL	Have any of the following occurred since the Coronavirus outbreak in March 2020? When thinking about your children please include adult children, step-children, adopted children, foster children or any other children you consider yourself parent to.	Please select all that apply.	cs_qCOVCHIL	1|At least one of my children has moved into my home. 2|At least one of my children has moved out of my home. 3|I have moved into one of my children's homes. 4|None of these. -8|Don't Know. -9|Don't want to answer	6a2d2f89-3187-48a3-9d1b-fd5fed6b38b9	uk.closer	11607.0	Family and social networks (CV19)
urn:ddi:uk.cls.nextsteps:3032d053-47dd-471e-883e-346f09928d3f:1	Next_Steps_Age_30_COVID-19_Survey_-_Wave_2	urn:ddi:uk.cls.nextsteps:0363d041-b947-4005-8015-931d55f21326:1	LEARNR	qi_LEARNR	Did they have any additional learning resources which were not provided by the school, such as online tutoring, educational apps, website subscriptions or exercise books during the summer term?	Please select all that apply.	cs_qLEARNR	1|Yes, they used freely available resources. 2|Yes, we paid for additional resources. 3|No. -8|Don't Know. -9|Don't want to answer	3be181c9-dc3a-49af-b122-7bd755134e57	uk.closer	11608.0	Education (CV19)
urn:ddi:uk.cls.nextsteps:3032d053-47dd-471e-883e-346f09928d3f:1	Next_Steps_Age_30_COVID-19_Survey_-_Wave_2	urn:ddi:uk.cls.nextsteps:0375d236-d0d2-463d-9161-e279800391ac:1	STUDYORGNAME NEW(2)	qi_STUDYORGNAME_NEW_2	In the boxes below please write the full name of the school, college, university or other organisation at which you were studying, and the town in which it is in: Town			Generic text	3be181c9-dc3a-49af-b122-7bd755134e57	uk.closer	11608.0	Education (CV19)
urn:ddi:uk.cls.nextsteps:3032d053-47dd-471e-883e-346f09928d3f:1	Next_Steps_Age_30_COVID-19_Survey_-_Wave_2	urn:ddi:uk.cls.nextsteps:073f5976-b41e-4222-ae39-3b6795c3777b:1	STUDYHRS	qi_STUDYHRS	Were you studying full or part time?		cs_qSTUDYHRS	1|Full-time. 2|Part time. -8|Don't Know. -9|Don't want to answer	3be181c9-dc3a-49af-b122-7bd755134e57	uk.closer	11608.0	Education (CV19)
urn:ddi:uk.cls.nextsteps:3032d053-47dd-471e-883e-346f09928d3f:1	Next_Steps_Age_30_COVID-19_Survey_-_Wave_2	urn:ddi:uk.cls.nextsteps:09ee6aad-1a98-41bd-a3ef-2928c12688cb:1	SCATT2AD	qi_SCATT2AD	How many days a week are they attending school or college in person?		cs_qSCATT2AD	1|1 day. 2|2 days. 3|3 days. 4|4 days. 5|5 days. -8|Don't Know. -9|Don't want to answer	3be181c9-dc3a-49af-b122-7bd755134e57	uk.closer	11608.0	Education (CV19)
urn:ddi:uk.cls.nextsteps:82b7a6c9-47ea-4ee5-98fb-4cd5958c4076:1	Next_Steps_Age_30_COVID-19_Survey_-_Wave_3	urn:ddi:uk.cls.nextsteps:0d5002ae-fbdc-4cb8-a9a8-f8f03ff73f2f:1	COURSLEVL	qi_COURSLEVL	What level of qualification are you studying for?	If you are studying more than one course please think about the course you spend most time studying for.	cs_qCOURSLEVL	1|University Higher Degree – Doctorate (PhD), Masters Degree (MA, MSc, Mphil). 2|University Degree (e.g. BA, BSc). 3|Foundation degree. 4|Other postgraduate or equivalent professional qualifications. 5|A Level/A2 Level (GCE Advanced Level)/ Advanced Highers. 6|AS Level (not complete A Level)/Highers. 7|GCSE/Standard Grade or equivalent. 8|Other academic qualification. 9|BTEC. 10|GNVQ/NVQ/HNC/or equivalent. 11|SQA. 12|Modern apprenticeship/trade apprenticeship. 13|City and Guilds Certificate. 14|Vocational driving licence e.g. HGV. 15|Other qualification. -8|Don't Know. -9|Don't want to answer	47c40ed6-3bc5-4880-a2ed-2a64f7659f2d	uk.closer	11608.0	Education (CV19)
urn:ddi:uk.cls.nextsteps:3032d053-47dd-471e-883e-346f09928d3f:1	Next_Steps_Age_30_COVID-19_Survey_-_Wave_2	urn:ddi:uk.cls.nextsteps:0e3abac2-7ab6-473f-88bf-efbd0e70aa24:1	SCTYPE2A	qi_SCTYPE2A	What type of school will they be going to?		cs_qSCTYPE2	1|A state school, including local authority maintained, academy or free school. 2|An independent or private school (fee-paying). 3|Other. -8|Don't Know. -9|Don't want to answer	3be181c9-dc3a-49af-b122-7bd755134e57	uk.closer	11608.0	Education (CV19)
urn:ddi:uk.cls.nextsteps:82b7a6c9-47ea-4ee5-98fb-4cd5958c4076:1	Next_Steps_Age_30_COVID-19_Survey_-_Wave_3	urn:ddi:uk.cls.nextsteps:0f24d8fd-f141-4a73-be1a-ef169b8b7c3b:1	LEARNR	qi_LEARNR	Since the start of the current term in January, did they have any additional learning resources which were not provided by the school, such as online tutoring, educational apps, website subscriptions or exercise books?	Please select all that apply.	cs_qLEARNR	1|Yes, they used freely available resources. 2|Yes, we paid for additional resources. 3|No. -8|Don't Know. -9|Don't want to answer	47c40ed6-3bc5-4880-a2ed-2a64f7659f2d	uk.closer	11608.0	Education (CV19)
urn:ddi:uk.cls.nextsteps:83ab13bb-90e6-40fe-8741-16cf36400450:4	Next_Steps_Age_30_COVID-19_Survey_-_Wave_1	urn:ddi:uk.cls.nextsteps:1b2f5c33-70bc-4ee3-9054-2189f89d77ed:2	STUDYORG	qi_STUDYORG	Where were you studying or doing your apprenticeship?		cs_STUDYORG	1|School. 2|College. 3|University. 4|Other	b131f302-b173-484e-b562-65c159cac95a	uk.closer	11608.0	Education (CV19)
urn:ddi:uk.cls.nextsteps:83ab13bb-90e6-40fe-8741-16cf36400450:4	Next_Steps_Age_30_COVID-19_Survey_-_Wave_1	urn:ddi:uk.cls.nextsteps:2639b03b-8fb0-4baa-8479-2efad7fa6aed:1	COURSENAME	qi_COURSENAME	What is the name of the course you were studying?	Please write the name of the course in the box below.		Generic text	b131f302-b173-484e-b562-65c159cac95a	uk.closer	11608.0	Education (CV19)
urn:ddi:uk.cls.nextsteps:83ab13bb-90e6-40fe-8741-16cf36400450:4	Next_Steps_Age_30_COVID-19_Survey_-_Wave_1	urn:ddi:uk.cls.nextsteps:30657d66-3d44-4c68-a84d-f0f8cd0e3619:2	STUDYAPPRENT	qi_STUDYAPPRENT	Did it involve periods of study at a college or training centre?		cs_STUDYAPPRENT	1|Yes. 2|No	b131f302-b173-484e-b562-65c159cac95a	uk.closer	11608.0	Education (CV19)
urn:ddi:uk.cls.nextsteps:3032d053-47dd-471e-883e-346f09928d3f:1	Next_Steps_Age_30_COVID-19_Survey_-_Wave_2	urn:ddi:uk.cls.nextsteps:37cdf0c9-3dd7-4fe6-80b9-17d3d390a325:1	LEARNSATISFACTION a	qi_LEARNSATISFACTION_a	Using a scale of 0 to 10, where 0 means 'completely disagree' and 10 means 'completely agree', please indicate the extent to which you agree or disagree with each of the statements below. I was satisfied with the learning resources provided by my learning establishment during the Summer term		cs_qLEARNSATISFACTION	1|0: Completely disagree. 2|1. 3|2. 4|3. 5|4. 6|5. 7|6. 8|7. 9|8. 10|9. 11|10: Completely agree. -8|Don't Know. -9|Don't want to answer	3be181c9-dc3a-49af-b122-7bd755134e57	uk.closer	11608.0	Education (CV19)
urn:ddi:uk.cls.nextsteps:3032d053-47dd-471e-883e-346f09928d3f:1	Next_Steps_Age_30_COVID-19_Survey_-_Wave_2	urn:ddi:uk.cls.nextsteps:3bd3957d-540e-47d7-b648-4d750c866492:1	SCAUTT	qi_SCAUTT	Has the Autumn term started in your child's school or college?		cs_qCOVID_HOSPAD	1|Yes. 2|No. -8|Don't Know. -9|Don't want to answer	3be181c9-dc3a-49af-b122-7bd755134e57	uk.closer	11608.0	Education (CV19)
urn:ddi:uk.cls.nextsteps:83ab13bb-90e6-40fe-8741-16cf36400450:4	Next_Steps_Age_30_COVID-19_Survey_-_Wave_1	urn:ddi:uk.cls.nextsteps:3c364915-2572-48f2-a3a5-23f5a5b7a9aa:2	FTCOURSEAPPRENT	qi_FTCOURSEAPPRENT	Was this apprenticeship a full time course at a college or training centre?		cs_FTCOURSEAPPRENT	1|Yes. 2|No	b131f302-b173-484e-b562-65c159cac95a	uk.closer	11608.0	Education (CV19)
urn:ddi:uk.cls.nextsteps:3032d053-47dd-471e-883e-346f09928d3f:1	Next_Steps_Age_30_COVID-19_Survey_-_Wave_2	urn:ddi:uk.cls.nextsteps:3d165189-c9b8-4604-94b3-afdcfab8725f:1	SAMSCH	qi_SAMSCH	Is this the same school or college they were enrolled in last year in the summer term?		cs_qCOVID_HOSPAD	1|Yes. 2|No. -8|Don't Know. -9|Don't want to answer	3be181c9-dc3a-49af-b122-7bd755134e57	uk.closer	11608.0	Education (CV19)
urn:ddi:uk.cls.nextsteps:3032d053-47dd-471e-883e-346f09928d3f:1	Next_Steps_Age_30_COVID-19_Survey_-_Wave_2	urn:ddi:uk.cls.nextsteps:44511446-61ab-471e-8d13-f923c2d21f64:1	SCTYPE	qi_SCTYPE	Still thinking about the summer term, what type of school or college were they attending?		cs_qSCTYPE	1|A state school, including local authority maintained school or 6th form college, academy or free school. 2|A state grammar school. 3|An independent or private school or 6th form college (fee-paying). 4|Other. -8|Don't Know. -9|Don't want to answer	3be181c9-dc3a-49af-b122-7bd755134e57	uk.closer	11608.0	Education (CV19)
urn:ddi:uk.cls.nextsteps:83ab13bb-90e6-40fe-8741-16cf36400450:4	Next_Steps_Age_30_COVID-19_Survey_-_Wave_1	urn:ddi:uk.cls.nextsteps:474c946d-83a5-4637-9149-893844383062:2	LEARNSATISFACTION 6	qi_LEARNSATISFACTION_6	Using a scale of 0 to 10, where 0 means 'completely disagree' and 10 means 'completely agree', please indicate the extent to which you agree or disagree with each of the statements below. I have been able to continue my studies effectively whilst being at home		qc_LEARNSATISFACTION	14|Completely disagree 0. 25|1. 26|2. 15|3. 16|4. 17|5. 18|6. 19|7. 20|8. 21|9. 28|Completely agree 10	b131f302-b173-484e-b562-65c159cac95a	uk.closer	11608.0	Education (CV19)
urn:ddi:uk.cls.nextsteps:3032d053-47dd-471e-883e-346f09928d3f:1	Next_Steps_Age_30_COVID-19_Survey_-_Wave_2	urn:ddi:uk.cls.nextsteps:4b263d52-6c10-4d66-94d4-80b715d0bf05:1	STUDYORG	qi_STUDYORG	Where were you studying at that time?		cs_qSTUDYORG	1|School (including school 6th Form). 2|College (including 6th Form College). 3|University. 4|Other. -8|Don't Know. -9|Don't want to answer	3be181c9-dc3a-49af-b122-7bd755134e57	uk.closer	11608.0	Education (CV19)
urn:ddi:uk.cls.nextsteps:83ab13bb-90e6-40fe-8741-16cf36400450:4	Next_Steps_Age_30_COVID-19_Survey_-_Wave_1	urn:ddi:uk.cls.nextsteps:4d42b632-24dc-4d8a-8df9-9f3db82f9d20:2	STUDYYEAR	qi_STUDYYEAR	Which course year or year in the apprenticeship are you currently in?				b131f302-b173-484e-b562-65c159cac95a	uk.closer	11608.0	Education (CV19)
urn:ddi:uk.cls.nextsteps:82b7a6c9-47ea-4ee5-98fb-4cd5958c4076:1	Next_Steps_Age_30_COVID-19_Survey_-_Wave_3	urn:ddi:uk.cls.nextsteps:4f4ffb24-4300-49ff-9fbc-93102a3386a6:1	AMTNOSCHL	qi_AMTNOSCHL	During the autumn term, for how much time in total was your child unable to attend school or college in person?		cs_qAMTNOSCHL	1|Less than 1 week. 2|More than 1 week, less than 2 weeks. 3|More than 2 weeks, less than 3 weeks. 4|More than 3 weeks, less than 4 weeks. 5|More than 4 weeks, less than 6 weeks. 6|More than 6 weeks. -8|Don't know. -9|Don't want to answer	47c40ed6-3bc5-4880-a2ed-2a64f7659f2d	uk.closer	11608.0	Education (CV19)
urn:ddi:uk.cls.nextsteps:3032d053-47dd-471e-883e-346f09928d3f:1	Next_Steps_Age_30_COVID-19_Survey_-_Wave_2	urn:ddi:uk.cls.nextsteps:538f46b3-b57f-4a4b-a205-14ca44eca254:1	SCATT2BD	qi_SCATT2BD	How many days a week will they be attending school or college in person?		cs_qSCATT2AD	1|1 day. 2|2 days. 3|3 days. 4|4 days. 5|5 days. -8|Don't Know. -9|Don't want to answer	3be181c9-dc3a-49af-b122-7bd755134e57	uk.closer	11608.0	Education (CV19)
urn:ddi:uk.cls.nextsteps:3032d053-47dd-471e-883e-346f09928d3f:1	Next_Steps_Age_30_COVID-19_Survey_-_Wave_2	urn:ddi:uk.cls.nextsteps:594af032-5518-4806-a2ad-8ca454468015:1	ACAPER	qi_ACAPER	Do you think their overall academic progress has been affected by the closure of schools?		cs_qACAPER	1|Their progress has suffered a lot. 2|Their progress has suffered a little. 3|Their progress has remained the same as it would have done if schools had remained fully open. 4|Their progress has improved a bit. 5|Their progress has improved a lot. -8|Don't Know. -9|Don't want to answer	3be181c9-dc3a-49af-b122-7bd755134e57	uk.closer	11608.0	Education (CV19)
urn:ddi:uk.cls.nextsteps:83ab13bb-90e6-40fe-8741-16cf36400450:4	Next_Steps_Age_30_COVID-19_Survey_-_Wave_1	urn:ddi:uk.cls.nextsteps:5a79f0e7-1fa2-47a5-8432-1caa0f91e5e5:2	COURSEDUR	qi_COURSEDUR	What is the duration of the course or apprenticeship?				b131f302-b173-484e-b562-65c159cac95a	uk.closer	11608.0	Education (CV19)
urn:ddi:uk.cls.nextsteps:3032d053-47dd-471e-883e-346f09928d3f:1	Next_Steps_Age_30_COVID-19_Survey_-_Wave_2	urn:ddi:uk.cls.nextsteps:5ca90568-6730-4a33-b572-69b1cd555ab9:1	SCYEARSCO	qi_SCYEARSCO	What year were they in during the summer term?		cs_qSCYEARSCO	1|P1. 2|P2. 3|P3. 4|P4. 5|P5. 6|P6. 7|P7. 8|S1. 9|S2. 10|S3. 11|S4. 12|S5. 13|S6. -8|Don't Know. -9|Don't want to answer	3be181c9-dc3a-49af-b122-7bd755134e57	uk.closer	11608.0	Education (CV19)
urn:ddi:uk.cls.nextsteps:3032d053-47dd-471e-883e-346f09928d3f:1	Next_Steps_Age_30_COVID-19_Survey_-_Wave_2	urn:ddi:uk.cls.nextsteps:60fe287a-aed6-44ab-8c38-7d2fc1db5d7d:1	SCENROL	qi_SCENROL	Thinking about the summer term, that is between the end of the Easter holiday and the start of the summer holiday. Were they enrolled in school or college?		cs_qCOVID_HOSPAD	1|Yes. 2|No. -8|Don't Know. -9|Don't want to answer	3be181c9-dc3a-49af-b122-7bd755134e57	uk.closer	11608.0	Education (CV19)
urn:ddi:uk.cls.nextsteps:83ab13bb-90e6-40fe-8741-16cf36400450:4	Next_Steps_Age_30_COVID-19_Survey_-_Wave_1	urn:ddi:uk.cls.nextsteps:6596f7cf-40eb-48ac-af37-d263709923f4:2	POSC19AC	qi_POSC19AC	Which of the following now applies to your child(ren) aged 4 or under?		cs_POSC19AC	1|My child(ren) aged 4 or under are at home all the time. 2|My child(ren) aged 4 or under attend day care or school. 3|Some of my children aged 4 and under are at home all the time and some attend day care or school	b131f302-b173-484e-b562-65c159cac95a	uk.closer	11608.0	Education (CV19)
urn:ddi:uk.cls.nextsteps:3032d053-47dd-471e-883e-346f09928d3f:1	Next_Steps_Age_30_COVID-19_Survey_-_Wave_2	urn:ddi:uk.cls.nextsteps:6ac02e3f-2846-4db9-84dd-2dd9c45baf5c:1	SCATT	qi_SCATT	During the summer term, that is between the Easter holiday and the start of the summer holiday, how many days in total did your child attend school or college in person?		cs_qSCATT	1|They did not attend school in person at all during the summer term. 2|1-5 days. 3|6-10 days. 4|11-20 days. 5|21-30 days. 6|More than 30 days but not the whole summer term. 7|They went to school in person for the whole of the summer term. -8|Don't Know. -9|Don't want to answer	3be181c9-dc3a-49af-b122-7bd755134e57	uk.closer	11608.0	Education (CV19)
urn:ddi:uk.cls.nextsteps:83ab13bb-90e6-40fe-8741-16cf36400450:4	Next_Steps_Age_30_COVID-19_Survey_-_Wave_1	urn:ddi:uk.cls.nextsteps:6ad97fae-f760-4c75-9cb5-e2e8ba8885b6:1	Timeuse1 6	qi_Timeuse1_6	How many hours have you been spending doing each of the following activities on a typical week day since the Coronavirus outbreak began? Formal learning as part of a course ... Number of hours	Please round to the nearest hour.		Hours in day	b131f302-b173-484e-b562-65c159cac95a	uk.closer	11608.0	Education (CV19)
urn:ddi:uk.cls.nextsteps:3032d053-47dd-471e-883e-346f09928d3f:1	Next_Steps_Age_30_COVID-19_Survey_-_Wave_2	urn:ddi:uk.cls.nextsteps:6bcc084e-6447-4245-a345-b7f84c45f0e6:1	STUONL	qi_STUONL	And on a typical day in the summer term (when they were not attending school in person), how many hours on average did they spend having live online lessons or meetings that the school provided for them?			Hours in day I	3be181c9-dc3a-49af-b122-7bd755134e57	uk.closer	11608.0	Education (CV19)
urn:ddi:uk.cls.nextsteps:3032d053-47dd-471e-883e-346f09928d3f:1	Next_Steps_Age_30_COVID-19_Survey_-_Wave_2	urn:ddi:uk.cls.nextsteps:6d3875a0-5dee-420d-a450-8ed8f3bf32b4:1	STUHEL	qi_STUHEL	On a typical day in the summer term (when they were not attending school in person), how many hours on average did you spend helping them with their school work or studies?			Hours in day I	3be181c9-dc3a-49af-b122-7bd755134e57	uk.closer	11608.0	Education (CV19)
urn:ddi:uk.cls.nextsteps:3032d053-47dd-471e-883e-346f09928d3f:1	Next_Steps_Age_30_COVID-19_Survey_-_Wave_2	urn:ddi:uk.cls.nextsteps:6fb19baa-4d01-4d56-a8d6-b633f351a6ae:1	STUDYYEAR TEXT	qi_STUDYYEAR_TEXT	Current year of study - Other (please sepcify)- Text			Other	3be181c9-dc3a-49af-b122-7bd755134e57	uk.closer	11608.0	Education (CV19)
urn:ddi:uk.cls.nextsteps:3032d053-47dd-471e-883e-346f09928d3f:1	Next_Steps_Age_30_COVID-19_Survey_-_Wave_2	urn:ddi:uk.cls.nextsteps:7b4e99ae-c755-4ecd-bf8b-f189e2a798ac:1	SCATT2A	qi_SCATT2A	Which of the following currently applies to your child?		cs_qSCATT2A	1|They will be going to school or college in person full-time. 2|They will be going to school or college in person part-time. 3|They will not be attending school or college in person at all. -8|Don't Know. -9|Don't want to answer	3be181c9-dc3a-49af-b122-7bd755134e57	uk.closer	11608.0	Education (CV19)
urn:ddi:uk.cls.nextsteps:3032d053-47dd-471e-883e-346f09928d3f:1	Next_Steps_Age_30_COVID-19_Survey_-_Wave_2	urn:ddi:uk.cls.nextsteps:7bfd511d-92d1-4789-afb6-3c219d6ff49b:1	LEARNSATISFACTION b	qi_LEARNSATISFACTION_b	Using a scale of 0 to 10, where 0 means 'completely disagree' and 10 means 'completely agree', please indicate the extent to which you agree or disagree with each of the statements below. I was able to continue my studies effectively whilst being at home during the Summer term		cs_qLEARNSATISFACTION	1|0: Completely disagree. 2|1. 3|2. 4|3. 5|4. 6|5. 7|6. 8|7. 9|8. 10|9. 11|10: Completely agree. -8|Don't Know. -9|Don't want to answer	3be181c9-dc3a-49af-b122-7bd755134e57	uk.closer	11608.0	Education (CV19)
urn:ddi:uk.cls.nextsteps:83ab13bb-90e6-40fe-8741-16cf36400450:4	Next_Steps_Age_30_COVID-19_Survey_-_Wave_1	urn:ddi:uk.cls.nextsteps:7e86cde1-e087-4a17-b4ed-19b3182b6a38:2	LEARNACTIVITYCHNG	qi_LEARNACTIVITYCHNG	Has your learning activity changed in any of the following ways since the Coronavirus outbreak?				b131f302-b173-484e-b562-65c159cac95a	uk.closer	11608.0	Education (CV19)
urn:ddi:uk.cls.nextsteps:3032d053-47dd-471e-883e-346f09928d3f:1	Next_Steps_Age_30_COVID-19_Survey_-_Wave_2	urn:ddi:uk.cls.nextsteps:8a3045f6-7bb7-49c2-9431-22f94ae3dfcf:1	SCTYPE2B	qi_SCTYPE2B	What type of school or college will they be going to?		cs_qSCTYPE	1|A state school, including local authority maintained school or 6th form college, academy or free school. 2|A state grammar school. 3|An independent or private school or 6th form college (fee-paying). 4|Other. -8|Don't Know. -9|Don't want to answer	3be181c9-dc3a-49af-b122-7bd755134e57	uk.closer	11608.0	Education (CV19)
urn:ddi:uk.cls.nextsteps:82b7a6c9-47ea-4ee5-98fb-4cd5958c4076:1	Next_Steps_Age_30_COVID-19_Survey_-_Wave_3	urn:ddi:uk.cls.nextsteps:90bd60c4-d67c-45d5-a26d-1ab8512c94ad:1	COURSEDURN	qi_COURSEDURN	What is the duration of the course?	If you are studying more than one course please think about the course you spend most time studying for.	cs_qCOURSEDURN	1|One year. 2|Two years. 3|Three years. 4|Four years. 5|Other (please specify). -8|Don't Know. -9|Don't want to answer	47c40ed6-3bc5-4880-a2ed-2a64f7659f2d	uk.closer	11608.0	Education (CV19)
urn:ddi:uk.cls.nextsteps:3032d053-47dd-471e-883e-346f09928d3f:1	Next_Steps_Age_30_COVID-19_Survey_-_Wave_2	urn:ddi:uk.cls.nextsteps:9658c52d-43b9-4d1c-a4e4-5317a89744ee:1	STUDYORGNAME NEW(1)	qi_STUDYORGNAME_NEW_1	In the boxes below please write the full name of the school, college, university or other organisation at which you were studying, and the town in which it is in: Name			Generic text	3be181c9-dc3a-49af-b122-7bd755134e57	uk.closer	11608.0	Education (CV19)
urn:ddi:uk.cls.nextsteps:3032d053-47dd-471e-883e-346f09928d3f:1	Next_Steps_Age_30_COVID-19_Survey_-_Wave_2	urn:ddi:uk.cls.nextsteps:a3a6b4df-b3c7-4720-b897-1b228b8bbff1:1	LEARNACTIVITYCHNG	qi_LEARNACTIVITYCHNG	Which of the following applied to your learning activity during the Summer term?		cs_qLEARNACTIVITYCHNG	1|There was no interruption to learning activities. 2|I took a break from learning activities. 3|I was studying at home with online resources provided by my learning establishment. 4|I was studying at home with no online resources provided by my learning establishment. 5|My course finished earlier than planned. 6|I dropped out from learning activities. 7|Other (please specify). -8|Don't Know. -9|Don't want to answer	3be181c9-dc3a-49af-b122-7bd755134e57	uk.closer	11608.0	Education (CV19)
urn:ddi:uk.cls.nextsteps:83ab13bb-90e6-40fe-8741-16cf36400450:4	Next_Steps_Age_30_COVID-19_Survey_-_Wave_1	urn:ddi:uk.cls.nextsteps:a55f578f-1469-440c-b9f8-a0dd52ed01bb:2	STUDYHRS	qi_STUDYHRS	Were you studying or doing your apprenticeship full or part time?		cs_STUDYHRS	1|Full-time. 2|Part time	b131f302-b173-484e-b562-65c159cac95a	uk.closer	11608.0	Education (CV19)
urn:ddi:uk.cls.nextsteps:3032d053-47dd-471e-883e-346f09928d3f:1	Next_Steps_Age_30_COVID-19_Survey_-_Wave_2	urn:ddi:uk.cls.nextsteps:a66c4a4e-a00a-4956-9088-1eab9011d8c3:1	COURSEDUR	qi_COURSEDUR	What was the duration of the course?		cs_qCOURSEDUR	1|One year. 2|Two years. 3|Three years. 4|Four years. 5|Other (please specify). -8|Don't Know. -9|Don't want to answer	3be181c9-dc3a-49af-b122-7bd755134e57	uk.closer	11608.0	Education (CV19)
urn:ddi:uk.cls.nextsteps:3032d053-47dd-471e-883e-346f09928d3f:1	Next_Steps_Age_30_COVID-19_Survey_-_Wave_2	urn:ddi:uk.cls.nextsteps:b1c05bef-48aa-4b4b-83ba-98465c585277:1	COURSEDUR 5(TEXT)	qi_COURSEDUR_5_TEXT	Course duration - Other (please specify) - Text			Other	3be181c9-dc3a-49af-b122-7bd755134e57	uk.closer	11608.0	Education (CV19)
urn:ddi:uk.cls.nextsteps:3032d053-47dd-471e-883e-346f09928d3f:1	Next_Steps_Age_30_COVID-19_Survey_-_Wave_2	urn:ddi:uk.cls.nextsteps:b5775a5a-94cd-4fd8-8ef7-66f421dbdba9:1	STUHRS	qi_STUHRS	On a typical day in the summer term (when they were not attending school in person), how many hours on average did they spend doing schoolwork/studying?			Hours in day I	3be181c9-dc3a-49af-b122-7bd755134e57	uk.closer	11608.0	Education (CV19)
urn:ddi:uk.cls.nextsteps:3032d053-47dd-471e-883e-346f09928d3f:1	Next_Steps_Age_30_COVID-19_Survey_-_Wave_2	urn:ddi:uk.cls.nextsteps:b72514de-cdca-454c-9856-12e605e5e71a:1	SCATT2B	qi_SCATT2B	Which of the following will apply to your child when the Autumn term starts?		cs_qSCATT2A	1|They will be going to school or college in person full-time. 2|They will be going to school or college in person part-time. 3|They will not be attending school or college in person at all. -8|Don't Know. -9|Don't want to answer	3be181c9-dc3a-49af-b122-7bd755134e57	uk.closer	11608.0	Education (CV19)
urn:ddi:uk.cls.nextsteps:3032d053-47dd-471e-883e-346f09928d3f:1	Next_Steps_Age_30_COVID-19_Survey_-_Wave_2	urn:ddi:uk.cls.nextsteps:bada63c0-7e19-4d66-91d7-17239c8b3e9f:1	COURSERET	qi_COURSERET	Have you returned (or will you be returning) to your course in the autumn term?		cs_qCOURSERET	1|Yes. 2|No - I have completed the course. 3|No - I will be returning to the course at a later point. 4|No - I have dropped out from the course. -8|Don't Know. -9|Don't want to answer	3be181c9-dc3a-49af-b122-7bd755134e57	uk.closer	11608.0	Education (CV19)
urn:ddi:uk.cls.nextsteps:3032d053-47dd-471e-883e-346f09928d3f:1	Next_Steps_Age_30_COVID-19_Survey_-_Wave_2	urn:ddi:uk.cls.nextsteps:bf745344-138b-4d6a-93b4-50054d3b9a69:1	SCTYPE2	qi_SCTYPE2	Still thinking about the summer term, what type of school or college was this?		cs_qSCTYPE2	1|A state school, including local authority maintained, academy or free school. 2|An independent or private school (fee-paying). 3|Other. -8|Don't Know. -9|Don't want to answer	3be181c9-dc3a-49af-b122-7bd755134e57	uk.closer	11608.0	Education (CV19)
urn:ddi:uk.cls.nextsteps:3032d053-47dd-471e-883e-346f09928d3f:1	Next_Steps_Age_30_COVID-19_Survey_-_Wave_2	urn:ddi:uk.cls.nextsteps:c5083cb3-4827-48f3-8549-dad0756b7a95:1	STUHELP	qi_STUHELP	On a typical day in the summer term (when they were not attending school in person), how many hours on average did your partner spend helping them with their school work or studies?			Hours in day I	3be181c9-dc3a-49af-b122-7bd755134e57	uk.closer	11608.0	Education (CV19)
urn:ddi:uk.cls.nextsteps:83ab13bb-90e6-40fe-8741-16cf36400450:4	Next_Steps_Age_30_COVID-19_Survey_-_Wave_1	urn:ddi:uk.cls.nextsteps:c722447c-2b8f-4b50-8b05-91d095583959:2	LEARNSATISFACTION 5	qi_LEARNSATISFACTION_5	Using a scale of 0 to 10, where 0 means 'completely disagree' and 10 means 'completely agree', please indicate the extent to which you agree or disagree with each of the statements below. I am satisfied with the learning resources provided by my learning establishment		qc_LEARNSATISFACTION	14|Completely disagree 0. 25|1. 26|2. 15|3. 16|4. 17|5. 18|6. 19|7. 20|8. 21|9. 28|Completely agree 10	b131f302-b173-484e-b562-65c159cac95a	uk.closer	11608.0	Education (CV19)
urn:ddi:uk.cls.nextsteps:83ab13bb-90e6-40fe-8741-16cf36400450:4	Next_Steps_Age_30_COVID-19_Survey_-_Wave_1	urn:ddi:uk.cls.nextsteps:cc1cf786-081b-4ac9-a13c-086c09906404:1	STUDYORGNAME	qi_STUDYORGNAME	In the boxes below please write the full name of the school, college, university or other organisation at which you were studying or doing your apprenticeship, and the town in which it is in: Name: ... Town:			Generic text	b131f302-b173-484e-b562-65c159cac95a	uk.closer	11608.0	Education (CV19)
urn:ddi:uk.cls.nextsteps:3032d053-47dd-471e-883e-346f09928d3f:1	Next_Steps_Age_30_COVID-19_Survey_-_Wave_2	urn:ddi:uk.cls.nextsteps:d5037cf1-dda9-4235-8cfa-c37b1528a1c4:1	STUDYYEAR	qi_STUDYYEAR	Which year of the course were you in during the Summer term, that is between the end of the Easter holiday and the start of the summer holiday?		cs_qSTUDYYEAR	1|First year. 2|Second year. 3|Third year. 4|Fourth year. 5|Other. -8|Don't Know. -9|Don't want to answer	3be181c9-dc3a-49af-b122-7bd755134e57	uk.closer	11608.0	Education (CV19)
urn:ddi:uk.cls.nextsteps:3032d053-47dd-471e-883e-346f09928d3f:1	Next_Steps_Age_30_COVID-19_Survey_-_Wave_2	urn:ddi:uk.cls.nextsteps:d85a1451-72ce-4431-a14a-3ab12994b72e:1	STUSPA	qi_STUSPA	Which of the following did they have available to them to study or do schoolwork?	Please select all that apply.	cs_qSTUSPA	1|Exclusive use of a PC/Laptop/Tablet. 2|Shared PC/Laptop/Tablet. 3|Desk/table in bedroom. 4|Desk/table in communal area of home (e.g. dining room or kitchen). 5|None of these. -8|Don't Know. -9|Don't want to answer	3be181c9-dc3a-49af-b122-7bd755134e57	uk.closer	11608.0	Education (CV19)
urn:ddi:uk.cls.nextsteps:3032d053-47dd-471e-883e-346f09928d3f:1	Next_Steps_Age_30_COVID-19_Survey_-_Wave_2	urn:ddi:uk.cls.nextsteps:dd4bc3a7-021d-401c-8246-6a55f5dfbe1a:1	COURSLEVL	qi_COURSLEVL	Still thinking about the education you were doing just before the Coronavirus outbreak in March, what level of qualification were you studying for at that time?		cs_qCOURSLEVL	1|University Higher Degree - Doctorate (PhD), Masters Degree (MA, MSc, Mphil). 2|University Degree (e.g. BA, BSc). 3|Foundation degree. 4|Other postgraduate or equivalent professional qualifications. 5|A Level/A2 Level (GCE Advanced Level)/ Advanced Highers. 6|AS Level (not complete A Level)/Highers. 7|GCSE/Standard Grade or equvialent. 8|Other academic qualification. 9|BTEC. 10|GNVQ/NVQ/HNC/or equivalent. 11|SQA. 12|Modern apprenticeship/trade apprenticeship. 13|City and Guilds Certificate. 14|Vocational driving licence e.g. HGV. 15|Other qualification. -8|Don't Know. -9|Don't want to answer	3be181c9-dc3a-49af-b122-7bd755134e57	uk.closer	11608.0	Education (CV19)
urn:ddi:uk.cls.nextsteps:3032d053-47dd-471e-883e-346f09928d3f:1	Next_Steps_Age_30_COVID-19_Survey_-_Wave_2	urn:ddi:uk.cls.nextsteps:e0f84b5e-77ed-4498-aab2-57ebfc8b04b0:1	SCENROL2	qi_SCENROL2	Are they enrolled in a school or college for the autumn term, that is the term beginning in September?		cs_qCOVID_HOSPAD	1|Yes. 2|No. -8|Don't Know. -9|Don't want to answer	3be181c9-dc3a-49af-b122-7bd755134e57	uk.closer	11608.0	Education (CV19)
urn:ddi:uk.cls.nextsteps:3032d053-47dd-471e-883e-346f09928d3f:1	Next_Steps_Age_30_COVID-19_Survey_-_Wave_2	urn:ddi:uk.cls.nextsteps:e2db7029-24c5-418a-b733-a1f55cde7b93:1	SCYEARNI	qi_SCYEARNI	What year were they in during the summer term?		cs_qSCYEARNI	1|P1. 2|P2. 3|P3. 4|P4. 5|P5. 6|P6. 7|P7. 8|Year 8. 9|Year 9. 10|Year 10. 11|Year 11. 12|Year 12. 13|Year 13. 14|Year 14. -8|Don't Know. -9|Don't want to answer	3be181c9-dc3a-49af-b122-7bd755134e57	uk.closer	11608.0	Education (CV19)
urn:ddi:uk.cls.nextsteps:83ab13bb-90e6-40fe-8741-16cf36400450:4	Next_Steps_Age_30_COVID-19_Survey_-_Wave_1	urn:ddi:uk.cls.nextsteps:e735980f-34e2-40c2-8625-090a93ee9dce:1	Timeuse1 3	qi_Timeuse1_3	How many hours have you been spending doing each of the following activities on a typical week day since the Coronavirus outbreak began? Home schooling your children (if you have any) ... Number of hours	Please round to the nearest hour.		Hours in day	b131f302-b173-484e-b562-65c159cac95a	uk.closer	11608.0	Education (CV19)
urn:ddi:uk.cls.nextsteps:3032d053-47dd-471e-883e-346f09928d3f:1	Next_Steps_Age_30_COVID-19_Survey_-_Wave_2	urn:ddi:uk.cls.nextsteps:eaa5847e-b98d-4943-8ee4-cd310ab5f912:1	SCYEAREW	qi_SCYEAREW	What year were they in during the summer term?		cs_qSCYEAREW	1|Reception. 2|Year 1. 3|Year 2. 4|Year 3. 5|Year 4. 6|Year 5. 7|Year 6. 8|Year 7. 9|Year 8. 10|Year 9. 11|Year 10. 12|Year 11. 13|Year 12. 14|Year 13. -8|Don't Know. -9|Don't want to answer	3be181c9-dc3a-49af-b122-7bd755134e57	uk.closer	11608.0	Education (CV19)
urn:ddi:uk.cls.nextsteps:82b7a6c9-47ea-4ee5-98fb-4cd5958c4076:1	Next_Steps_Age_30_COVID-19_Survey_-_Wave_3	urn:ddi:uk.cls.nextsteps:fb1b2fc0-cb99-4fbe-aca0-03c16309bad3:1	ACAPER	qi_ACAPER	Do you think their overall academic progress has been affected by the Coronavirus outbreak?		cs_qACAPER	1|Their progress has suffered a lot. 2|Their progress has suffered a little. 3|Their progress has remained the same. 4|Their progress has improved a bit. 5|Their progress has improved a lot. -8|Don't Know. -9|Don't want to answer	47c40ed6-3bc5-4880-a2ed-2a64f7659f2d	uk.closer	11608.0	Education (CV19)
urn:ddi:uk.cls.nextsteps:83ab13bb-90e6-40fe-8741-16cf36400450:4	Next_Steps_Age_30_COVID-19_Survey_-_Wave_1	urn:ddi:uk.cls.nextsteps:fe7884d1-4e39-4aed-874a-4c5cbd2f310a:2	PREC19CA	qi_PREC19CA	Before the Coronavirus outbreak, which of the following applied to your child(ren) aged 4 or under?		cs_PREC19CA	1|My child(ren) aged 4 or under were home all the time. 2|My child(ren) aged 4 or under did attend day care or school. 4|Some of my children aged 4 or under were at home all the time and some attend day care or school	b131f302-b173-484e-b562-65c159cac95a	uk.closer	11608.0	Education (CV19)
urn:ddi:uk.cls.nextsteps:82b7a6c9-47ea-4ee5-98fb-4cd5958c4076:1	Next_Steps_Age_30_COVID-19_Survey_-_Wave_3	urn:ddi:uk.cls.nextsteps:00a82383-b25c-4a6c-9db8-326306a697b8:1	HHINCM2	qi_HHINCM2	Was your { if HHNUMWH=1: and your partner's} take-home income from earnings, benefits and any other source of regular income, after tax and deductions at the time of the Coronavirus outbreak in March 2020?		cs_qHHINCM	1|Less than £800 per month. 2|£800 or more per month, less than £1400 per month. 3|£1400 or more per month, less than £2000 per month. 4|£2000 or more per month, less than £3000 per month. 5|£3000 or more per month, less than £4000 per month. 6|More than £4000 per month. -8|Don't Know. -9|Don't want to answer	a33900e2-646c-4253-b055-86c3bb7649f9	uk.closer	11609.0	Employment and income (CV19)
urn:ddi:uk.cls.nextsteps:83ab13bb-90e6-40fe-8741-16cf36400450:4	Next_Steps_Age_30_COVID-19_Survey_-_Wave_1	urn:ddi:uk.cls.nextsteps:048c0494-7e2d-4e4c-a974-e299b7fdf3ab:2	WRKLOCATIOND	qi_WRKLOCATIOND	Which of the following best describes your work location since the Coronavirus outbreak?		cs_WRKLOCATIOND	1|Work from your own home. 2|Work at employer's premises. 3|Other	34043abc-f9fc-4bbf-8642-977a809fd2f7	uk.closer	11609.0	Employment and income (CV19)
urn:ddi:uk.cls.nextsteps:3032d053-47dd-471e-883e-346f09928d3f:1	Next_Steps_Age_30_COVID-19_Survey_-_Wave_2	urn:ddi:uk.cls.nextsteps:05512167-4c3f-4517-8dd2-dc38b0c1b1aa:1	WRKHOURSBCHK	qi_WRKHOURSBCHK	You have said you worked for 100 or more hours a week. If this is correct, select 'Continue'. Otherwise please go back and amend your answer.		cs_qCON	1|Continue	d8091a5c-50db-4a52-919d-c9a529c1f7a7	uk.closer	11609.0	Employment and income (CV19)
urn:ddi:uk.cls.nextsteps:3032d053-47dd-471e-883e-346f09928d3f:1	Next_Steps_Age_30_COVID-19_Survey_-_Wave_2	urn:ddi:uk.cls.nextsteps:0597c693-ac28-47b0-803d-beb36d81547f:1	TIMEUSE NEW(6)	qi_TIMEUSE_NEW_6	We would like to know about how you have been spending your time recently. How many hours have you been spending doing each of the following activities on a typical week day in the last two weeks? Housework (e.g. cleaning, laundry, cooking, DIY)	You can enter whole hours (e.g. 1) or half hours (e.g. 1.5). Please round to the nearest half an hour. If you are not sure of the exact amount of time, please give your best estimate. If you have not typically spent any time doing an activity, or you have typically spent less than half an hour doing an activity please enter 0.		Hours in day F	d8091a5c-50db-4a52-919d-c9a529c1f7a7	uk.closer	11609.0	Employment and income (CV19)
urn:ddi:uk.cls.nextsteps:82b7a6c9-47ea-4ee5-98fb-4cd5958c4076:1	Next_Steps_Age_30_COVID-19_Survey_-_Wave_3	urn:ddi:uk.cls.nextsteps:07236de3-3154-495c-8352-84e636d61cb2:1	GROAB2	qi_GROAB2	At the time of the outbreak of the Coronavirus in March 2020, how much was your GROSS pay, that is before any deductions for tax, national insurance, pension, union dues and so on? You can give an hourly, weekly, fortnightly, monthly or yearly amount. Please include in your gross pay any overtime, bonuses, commissions, tips or tax refunds. If you don't know the precise amount it would be very helpful if you could provide your best estimate. AMOUNT			Range: 0-1000000	a33900e2-646c-4253-b055-86c3bb7649f9	uk.closer	11609.0	Employment and income (CV19)
urn:ddi:uk.cls.nextsteps:3032d053-47dd-471e-883e-346f09928d3f:1	Next_Steps_Age_30_COVID-19_Survey_-_Wave_2	urn:ddi:uk.cls.nextsteps:0796de9b-104d-4d89-aca8-2594bf9a1c2f:1	TIMEUSE NEW(12)	qi_TIMEUSE_NEW_12	We would like to know about how you have been spending your time recently. How many hours have you been spending doing each of the following activities on a typical week day in the last two weeks? Travelling for work	You can enter whole hours (e.g. 1) or half hours (e.g. 1.5). Please round to the nearest half an hour. If you are not sure of the exact amount of time, please give your best estimate. If you have not typically spent any time doing an activity, or you have typically spent less than half an hour doing an activity please enter 0.		Hours in day F	d8091a5c-50db-4a52-919d-c9a529c1f7a7	uk.closer	11609.0	Employment and income (CV19)
urn:ddi:uk.cls.nextsteps:82b7a6c9-47ea-4ee5-98fb-4cd5958c4076:1	Next_Steps_Age_30_COVID-19_Survey_-_Wave_3	urn:ddi:uk.cls.nextsteps:0b144e2f-9f15-4f10-8453-1c28e88289b6:1	GROBAND	qi_GROBAND	Over which period would you most easily be able to tell us about your gross pay from your main job – that is before any deductions for tax, national insurance, pension, union dues and so on?		cs_qGROBAND	1|Hourly. 2|Weekly. 3|Monthly. 4|Annually. -8|Don't Know. -9|Don't want to answer	a33900e2-646c-4253-b055-86c3bb7649f9	uk.closer	11609.0	Employment and income (CV19)
urn:ddi:uk.cls.nextsteps:83ab13bb-90e6-40fe-8741-16cf36400450:4	Next_Steps_Age_30_COVID-19_Survey_-_Wave_1	urn:ddi:uk.cls.nextsteps:0b1a9959-5136-44cd-93ad-b76e81783f7f:1	PWRKHOURSD	qi_PWRKHOURSD	And how many hours per week does your partner usually work now, not including meal breaks but including overtime?			Hours in week	34043abc-f9fc-4bbf-8642-977a809fd2f7	uk.closer	11609.0	Employment and income (CV19)
urn:ddi:uk.cls.nextsteps:3032d053-47dd-471e-883e-346f09928d3f:1	Next_Steps_Age_30_COVID-19_Survey_-_Wave_2	urn:ddi:uk.cls.nextsteps:15255172-8294-4816-9ef9-76b9229b16fa:1	WRKHOURSDCHK	qi_WRKHOURSDCHK	You have said that you work for 100 or more hours a week. If this is correct, please select 'Continue'. Otherwise please go back and amend your answer.		cs_Continue	1|Continue	d8091a5c-50db-4a52-919d-c9a529c1f7a7	uk.closer	11609.0	Employment and income (CV19)
urn:ddi:uk.cls.nextsteps:82b7a6c9-47ea-4ee5-98fb-4cd5958c4076:1	Next_Steps_Age_30_COVID-19_Survey_-_Wave_3	urn:ddi:uk.cls.nextsteps:15cc018a-918d-4249-9dfc-1250ec1f8a36:1	GROAWB2	qi_GROAWB2	"At the time of the outbreak of the Coronavirus in March 2020 was your weekly gross pay from your main job – that is before any deductions for tax, National Insurance, pension, union dues and so on...
"		cs_qGROAWB2	1|Less than £300 per week. 2|£300 or more per week, less than £450 per week. 3|£450 or more per week, less than £600 per week. 4|£600 or more per week, less than £850 per week. 5|£850 or more per week, less than £1150 per week. 6|More than £1150 per week. -8|Don't Know. -9|Don't want to answer	a33900e2-646c-4253-b055-86c3bb7649f9	uk.closer	11609.0	Employment and income (CV19)
urn:ddi:uk.cls.nextsteps:3032d053-47dd-471e-883e-346f09928d3f:1	Next_Steps_Age_30_COVID-19_Survey_-_Wave_2	urn:ddi:uk.cls.nextsteps:1759763a-dfca-4864-9f19-8e4f45cacb12:1	TIMEUSE NEW(10)	qi_TIMEUSE_NEW_10	We would like to know about how you have been spending your time recently. How many hours have you been spending doing each of the following activities on a typical week day in the last two weeks? Socialising with non-household members via telephone, video-calling or messaging	You can enter whole hours (e.g. 1) or half hours (e.g. 1.5). Please round to the nearest half an hour. If you are not sure of the exact amount of time, please give your best estimate. If you have not typically spent any time doing an activity, or you have typically spent less than half an hour doing an activity please enter 0.		Hours in day F	d8091a5c-50db-4a52-919d-c9a529c1f7a7	uk.closer	11609.0	Employment and income (CV19)
urn:ddi:uk.cls.nextsteps:3032d053-47dd-471e-883e-346f09928d3f:1	Next_Steps_Age_30_COVID-19_Survey_-_Wave_2	urn:ddi:uk.cls.nextsteps:17b70cc2-42da-4e52-9b11-8a700c11a149:1	PKEYWORKER	qi_PKEYWORKER	Is your partner a Key worker, or has their work been classified as critical to the Covid-19 response?		cs_qCOVID_HOSPAD	1|Yes. 2|No. -8|Don't Know. -9|Don't want to answer	d8091a5c-50db-4a52-919d-c9a529c1f7a7	uk.closer	11609.0	Employment and income (CV19)
urn:ddi:uk.cls.nextsteps:83ab13bb-90e6-40fe-8741-16cf36400450:4	Next_Steps_Age_30_COVID-19_Survey_-_Wave_1	urn:ddi:uk.cls.nextsteps:18db7d93-07d1-4a74-97b7-a1b7c8b55869:2	BENEFITD	qi_BENEFITD	Now thinking about the time since the Coronavirus outbreak, have you (or your partner if you have one) made any new claims for the following? 	Please select all that apply.	cs_BENEFITD	1|Free school meals. 2|Universal credit. 4|Employment and Support Allowance. 5|Statutory sick pay. 6|Council tax support or reduction. 9|Carers allowance or Personal independence payments. 7|New government financial support for self employed people. 8|No - none of these	34043abc-f9fc-4bbf-8642-977a809fd2f7	uk.closer	11609.0	Employment and income (CV19)
urn:ddi:uk.cls.nextsteps:82b7a6c9-47ea-4ee5-98fb-4cd5958c4076:1	Next_Steps_Age_30_COVID-19_Survey_-_Wave_3	urn:ddi:uk.cls.nextsteps:205c557a-5436-45ad-be63-75fed7e0405c:1	HHINCW	qi_HHINCW	Is your { if HHNUMWH=1: and your partner's} take-home income from earnings, benefits and any other source of regular income, after tax and deductions?		cs_qHHINCW	1|Less than £200 per week. 2|£200 or more per week, less than £350 per week. 3|£350 or more per week, less than £500 per week. 4|£500 or more per week, less than £750 per week. 5|£750 or more per week, less than £1000 per week. 6|More than £1000 per week. -8|Don't Know. -9|Don't want to answer	a33900e2-646c-4253-b055-86c3bb7649f9	uk.closer	11609.0	Employment and income (CV19)
urn:ddi:uk.cls.nextsteps:3032d053-47dd-471e-883e-346f09928d3f:1	Next_Steps_Age_30_COVID-19_Survey_-_Wave_2	urn:ddi:uk.cls.nextsteps:20880633-66e8-44c0-b313-6f91313f3bab:1	ECONACTIVITYD	qi_ECONACTIVITYD	Which of these would you say best describes your situation now?		cs_qECONACTIVITYD	1|Employed and currently working (or on annual leave/holiday). 2|Employed but on paid leave (including furlough). 3|Employed and on unpaid leave. 4|Apprenticeship. 5|In unpaid/voluntary work. 6|Self-employed and currently working (or on holiday). 7|Self-employed but not currently working. 8|Unemployed. 9|Permanently sick or disabled. 10|Looking after home or family. 11|In education at school/college/university. 12|Retired. 13|Doing something else. -8|Don't Know. -9|Don't want to answer	d8091a5c-50db-4a52-919d-c9a529c1f7a7	uk.closer	11609.0	Employment and income (CV19)
urn:ddi:uk.cls.nextsteps:82b7a6c9-47ea-4ee5-98fb-4cd5958c4076:1	Next_Steps_Age_30_COVID-19_Survey_-_Wave_3	urn:ddi:uk.cls.nextsteps:20d1862e-82e3-461a-a5e5-7dff821a3e93:1	HWRKSAT N	qi_HWRKSAT_N	On a scale of 0 to 10, where 0 means 'completely disagree' and 10 means 'completely agree', how much would you say you agree or disagree with the statement below. I am able to work effectively whilst being at home		cs_qHWRKSAT_N	1|0 Completely disagree. 2|1. 3|2. 4|3. 5|4. 6|5. 7|6. 8|7. 9|8. 10|9. 11|10 Completely agree. -8|Don't Know. -9|Don't want to answer	a33900e2-646c-4253-b055-86c3bb7649f9	uk.closer	11609.0	Employment and income (CV19)
urn:ddi:uk.cls.nextsteps:3032d053-47dd-471e-883e-346f09928d3f:1	Next_Steps_Age_30_COVID-19_Survey_-_Wave_2	urn:ddi:uk.cls.nextsteps:2150bd51-394e-4cfd-bee0-585279ba45f2:1	FINANCIALMANB	qi_FINANCIALMANB	In the 3 months before the Coronavirus outbreak in March, how well would you say you personally were managing financially?		cs_qFINANCIALMANB	1|Living comfortably. 2|Doing all right. 3|Just about getting by. 4|Finding it quite difficult. 5|Finding it very difficult. -8|Don't Know. -9|Don't want to answer	d8091a5c-50db-4a52-919d-c9a529c1f7a7	uk.closer	11609.0	Employment and income (CV19)
urn:ddi:uk.cls.nextsteps:3032d053-47dd-471e-883e-346f09928d3f:1	Next_Steps_Age_30_COVID-19_Survey_-_Wave_2	urn:ddi:uk.cls.nextsteps:24d7cd07-2169-49f5-978b-d7544e505a76:1	PECONACTIVITYB	qi_PECONACTIVITYB	Which of these best describes what your partner was doing just before the Coronavirus outbreak in March? If they were doing more than one activity, please choose the activity that they spent most time doing.		cs_qECONACTIVITYB	1|Employed. 2|Self-employed. 3|In unpaid/ voluntary work. 4|Apprenticeship. 5|Unemployed. 6|Permanently sick or disabled. 7|Looking after home or family. 8|In education at school/college/university. 9|Retired. 10|Doing something else. -8|Don't Know. -9|Don't want to answer	d8091a5c-50db-4a52-919d-c9a529c1f7a7	uk.closer	11609.0	Employment and income (CV19)
urn:ddi:uk.cls.nextsteps:83ab13bb-90e6-40fe-8741-16cf36400450:4	Next_Steps_Age_30_COVID-19_Survey_-_Wave_1	urn:ddi:uk.cls.nextsteps:27210b48-cae6-47f9-a8d8-73c00ec75cfe:1	WRKHOURSB	qi_WRKHOURSB	How many hours per week did you usually work, not including meal breaks but including overtime?			Hours in week	34043abc-f9fc-4bbf-8642-977a809fd2f7	uk.closer	11609.0	Employment and income (CV19)
urn:ddi:uk.cls.nextsteps:82b7a6c9-47ea-4ee5-98fb-4cd5958c4076:1	Next_Steps_Age_30_COVID-19_Survey_-_Wave_3	urn:ddi:uk.cls.nextsteps:28ab21ed-f0b2-4001-ac04-eb55abdddd46:1	GROAYB	qi_GROAYB	At the time of the outbreak of the Coronavirus in March 2020 was your annual gross pay from your main job – that is before any deductions for tax, National Insurance, pension, union dues and so on...		cs_qGROAY	1|Less than £16,000 per year. 2|£16,000 or more per year, less than £23,000 per year. 3|£23,000 or more per year, less than £31,000 per year. 4|£31,000 or more per year, less than £44,000 per year. 5|£44,000 or more per year, less than £60,000 per year. 6|More than £60,000 per year. -8|Don't Know. -9|Don't want to answer	a33900e2-646c-4253-b055-86c3bb7649f9	uk.closer	11609.0	Employment and income (CV19)
urn:ddi:uk.cls.nextsteps:83ab13bb-90e6-40fe-8741-16cf36400450:4	Next_Steps_Age_30_COVID-19_Survey_-_Wave_1	urn:ddi:uk.cls.nextsteps:2c76217c-caf5-40ca-ae19-090040c3b24d:1	WRKHOURSDEDU	qi_WRKHOURSDEDU	And how many hours per week do you usually work now, not including meal breaks but including overtime?			Hours in week	34043abc-f9fc-4bbf-8642-977a809fd2f7	uk.closer	11609.0	Employment and income (CV19)
urn:ddi:uk.cls.nextsteps:3032d053-47dd-471e-883e-346f09928d3f:1	Next_Steps_Age_30_COVID-19_Survey_-_Wave_2	urn:ddi:uk.cls.nextsteps:2e52fc2d-e2ce-4a6d-b149-ad223e31772c:1	JTITLEB	qi_JTITLEB	What was your job title at that time?			Generic text	d8091a5c-50db-4a52-919d-c9a529c1f7a7	uk.closer	11609.0	Employment and income (CV19)
urn:ddi:uk.cls.nextsteps:83ab13bb-90e6-40fe-8741-16cf36400450:4	Next_Steps_Age_30_COVID-19_Survey_-_Wave_1	urn:ddi:uk.cls.nextsteps:2efdf286-937f-4eed-adff-c746624beb1c:2	FOODBANK	qi_FOODBANK	How often has your household used a food bank, or similar service, since the Coronavirus outbreak began?		cs_FOODBANK	1|Never. 2|Less than four times. 3|Four times or more	34043abc-f9fc-4bbf-8642-977a809fd2f7	uk.closer	11609.0	Employment and income (CV19)
urn:ddi:uk.cls.nextsteps:3032d053-47dd-471e-883e-346f09928d3f:1	Next_Steps_Age_30_COVID-19_Survey_-_Wave_2	urn:ddi:uk.cls.nextsteps:2fb6a880-5600-44eb-b9e5-4d46fb4ed937:1	BENEFITB	qi_BENEFITB	In the three months before the Coronavirus outbreak in March, did you (or your partner if you have one) receive any of the following?	Please select all that apply.	cs_qBENEFITB	1|Free school meals for children. 2|Universal credit. 3|Pension credit. 4|Income support or Job Seeker's Allowance. 5|Working Tax Credit or Child Tax credit. 6|Employment and Support Allowance. 7|Statutory sick pay. 8|Housing benefit. 9|Council tax support or reduction. 11|Carers allowance, Personal independence payments, or Disability Living Allowance. 12|No - none of these. -8|Don't Know. -9|Don't want to answer	d8091a5c-50db-4a52-919d-c9a529c1f7a7	uk.closer	11609.0	Employment and income (CV19)
urn:ddi:uk.cls.nextsteps:3032d053-47dd-471e-883e-346f09928d3f:1	Next_Steps_Age_30_COVID-19_Survey_-_Wave_2	urn:ddi:uk.cls.nextsteps:306e2da5-6e88-4a1d-8bdf-cb7d0b266aa5:1	TIMEUSE NEW(15)	qi_TIMEUSE_NEW_15	We would like to know about how you have been spending your time recently. How many hours have you been spending doing each of the following activities on a typical week day in the last two weeks? Ill in bed	You can enter whole hours (e.g. 1) or half hours (e.g. 1.5). Please round to the nearest half an hour. If you are not sure of the exact amount of time, please give your best estimate. If you have not typically spent any time doing an activity, or you have typically spent less than half an hour doing an activity please enter 0.		Hours in day F	d8091a5c-50db-4a52-919d-c9a529c1f7a7	uk.closer	11609.0	Employment and income (CV19)
urn:ddi:uk.cls.nextsteps:3032d053-47dd-471e-883e-346f09928d3f:1	Next_Steps_Age_30_COVID-19_Survey_-_Wave_2	urn:ddi:uk.cls.nextsteps:30b59908-a364-414d-9dbd-3de4b759436c:1	PJTITLEB	qi_PJTITLEB	What was your partner's job title?			Generic text	d8091a5c-50db-4a52-919d-c9a529c1f7a7	uk.closer	11609.0	Employment and income (CV19)
urn:ddi:uk.cls.nextsteps:3032d053-47dd-471e-883e-346f09928d3f:1	Next_Steps_Age_30_COVID-19_Survey_-_Wave_2	urn:ddi:uk.cls.nextsteps:3147474f-ae9d-4273-9845-5924e388d2cc:1	FINGIVD	qi_FINGIVD	Since the Coronavirus outbreak in March, have you given financial help, in the form of money or by paying for goods (for example groceries, medicines) to any of the following?	Please select all that apply.	cs_qFINGIVB	1|Adult children, including in-laws. 2|Parents or grandparents, including in-laws. 3|Siblings. 4|Former spouse or partner. 5|Friends or Neighbours. 6|Someone else. 7|No - did not give financial help to anyone. -8|Don't Know. -9|Don't want to answer	d8091a5c-50db-4a52-919d-c9a529c1f7a7	uk.closer	11609.0	Employment and income (CV19)
urn:ddi:uk.cls.nextsteps:83ab13bb-90e6-40fe-8741-16cf36400450:4	Next_Steps_Age_30_COVID-19_Survey_-_Wave_1	urn:ddi:uk.cls.nextsteps:31a50e77-440e-4d9e-8665-419b1c282bde:2	ECONACTIVITYD	qi_ECONACTIVITYD	And which of these would you say best describes your situation now - that is since the Coronavirus outbreak?		cs_ECONACTIVITYD	1|Employed and currently working. 2|Employed but on paid leave (including furlough). 3|Employed and on unpaid leave. 4|Apprenticeship. 5|In unpaid/voluntary work. 6|Self-employed and currently working. 7|Self-employed but not currently working. 8|Unemployed. 9|Permanently sick or disabled. 10|Looking after home or family. 11|In education at school/college/university. 12|Retired. 13|Doing something else	34043abc-f9fc-4bbf-8642-977a809fd2f7	uk.closer	11609.0	Employment and income (CV19)
urn:ddi:uk.cls.nextsteps:3032d053-47dd-471e-883e-346f09928d3f:1	Next_Steps_Age_30_COVID-19_Survey_-_Wave_2	urn:ddi:uk.cls.nextsteps:3205dec1-12cc-4afc-bfd2-a83f859f41a6:1	TIMEUSE NEW(14)	qi_TIMEUSE_NEW_14	We would like to know about how you have been spending your time recently. How many hours have you been spending doing each of the following activities on a typical week day in the last two weeks? Personal care (e.g. taking a shower/bath, grooming, getting dressed etc.)	You can enter whole hours (e.g. 1) or half hours (e.g. 1.5). Please round to the nearest half an hour. If you are not sure of the exact amount of time, please give your best estimate. If you have not typically spent any time doing an activity, or you have typically spent less than half an hour doing an activity please enter 0.		Hours in day F	d8091a5c-50db-4a52-919d-c9a529c1f7a7	uk.closer	11609.0	Employment and income (CV19)
urn:ddi:uk.cls.nextsteps:82b7a6c9-47ea-4ee5-98fb-4cd5958c4076:1	Next_Steps_Age_30_COVID-19_Survey_-_Wave_3	urn:ddi:uk.cls.nextsteps:35043eee-1a90-4120-89ba-d2370ecb912b:1	FINAMTRCCHAN	qi_FINAMTRCCHAN	Is the amount of financial help you have received from your adult children, including in-laws, since the Coronavirus outbreak in March 2020 different to the amount you would have received if the Coronavirus outbreak had not happened?		cs_qFINAMTRCCHAN	1|Yes – I received more financial help because of the Coronavirus outbreak. 2|Yes – I received less financial help because of the Coronavirus outbreak. 3|No – I would have received the same amount of financial help if the Coronavirus outbreak had not happened.. -8|Don't know. -9|Don't want to answer	a33900e2-646c-4253-b055-86c3bb7649f9	uk.closer	11609.0	Employment and income (CV19)
urn:ddi:uk.cls.nextsteps:82b7a6c9-47ea-4ee5-98fb-4cd5958c4076:1	Next_Steps_Age_30_COVID-19_Survey_-_Wave_3	urn:ddi:uk.cls.nextsteps:35305131-0182-4fcc-b346-6d408a0e81c3:1	GROAMB2	qi_GROAMB2	"At the time of the outbreak of the Coronavirus in March 2020 was your monthly gross pay from your main job – that is before any deductions for tax, National Insurance, pension, union dues and so on...
"		cs_qGROAMB2	1|Less than £1200 per month. 2|£1200 or more per month, less than £1800 per month. 3|£1800 or more per month, less than £2400 per month. 4|£2400 or more per month, less than £3400 per month. 5|£3400 or more per month, less than £4600 per month. 6|More than £4600 per month. -8|Don't Know. -9|Don't want to answer	a33900e2-646c-4253-b055-86c3bb7649f9	uk.closer	11609.0	Employment and income (CV19)
urn:ddi:uk.cls.nextsteps:82b7a6c9-47ea-4ee5-98fb-4cd5958c4076:1	Next_Steps_Age_30_COVID-19_Survey_-_Wave_3	urn:ddi:uk.cls.nextsteps:37680b39-cbaa-4cdd-8de0-2a2d5e1372a1:1	FINANCIALMANB	qi_FINANCIALMANB	In the 3 months before the Coronavirus outbreak in March 2020, how well would you say you personally were managing financially?		cs_qFINANCIALMANB	1|Living comfortably. 2|Doing all right. 3|Just about getting by. 4|Finding it quite difficult. 5|Finding it very difficult. -8|Don't Know. -9|Don't want to answer	a33900e2-646c-4253-b055-86c3bb7649f9	uk.closer	11609.0	Employment and income (CV19)
urn:ddi:uk.cls.nextsteps:3032d053-47dd-471e-883e-346f09928d3f:1	Next_Steps_Age_30_COVID-19_Survey_-_Wave_2	urn:ddi:uk.cls.nextsteps:38a60782-652d-4c5b-b2bb-709010ba24bf:1	JMAKEBCHK	qi_JMAKEBCHK	The answer you've given is quite short. Before continuing, please go back and check your answer to make sure you have fully described the firm or organisation you worked for.		cs_Continue	1|Continue	d8091a5c-50db-4a52-919d-c9a529c1f7a7	uk.closer	11609.0	Employment and income (CV19)
urn:ddi:uk.cls.nextsteps:3032d053-47dd-471e-883e-346f09928d3f:1	Next_Steps_Age_30_COVID-19_Survey_-_Wave_2	urn:ddi:uk.cls.nextsteps:3c0d3687-14cf-47ed-b96c-6facb7d6ca7d:1	PZEROHB	qi_PZEROHB	In this job, did your partner have a zero hours contract?		cs_qCOVID_HOSPAD	1|Yes. 2|No. -8|Don't Know. -9|Don't want to answer	d8091a5c-50db-4a52-919d-c9a529c1f7a7	uk.closer	11609.0	Employment and income (CV19)
urn:ddi:uk.cls.nextsteps:83ab13bb-90e6-40fe-8741-16cf36400450:4	Next_Steps_Age_30_COVID-19_Survey_-_Wave_1	urn:ddi:uk.cls.nextsteps:3d17790d-7d37-4ce1-95ee-c8b2e0e3e447:1	PJDOB	qi_PJDOB	Please describe in your own words what your partner mainly did in this job. 	Please describe in detail (for example job title and the type of work).		Long text	34043abc-f9fc-4bbf-8642-977a809fd2f7	uk.closer	11609.0	Employment and income (CV19)
urn:ddi:uk.cls.nextsteps:83ab13bb-90e6-40fe-8741-16cf36400450:4	Next_Steps_Age_30_COVID-19_Survey_-_Wave_1	urn:ddi:uk.cls.nextsteps:3d49be0e-140a-4c98-9f02-196756396dba:2	ECONACTIVITYDEDU	qi_ECONACTIVITYDEDU	And which of these best describes what you are doing now - that is since the Coronavirus outbreak?	If you are doing more than one activity, please choose the activity that you spend most time doing.	cs_ECONACTIVITYDEDU	1|Employed. 2|Self-employed. 3|In unpaid/ voluntary work. 4|Apprenticeship. 5|Unemployed. 6|Permanently sick or disabled. 7|Looking after home or family. 8|In education at school/college/university. 9|Retired. 10|Doing something else	34043abc-f9fc-4bbf-8642-977a809fd2f7	uk.closer	11609.0	Employment and income (CV19)
urn:ddi:uk.cls.nextsteps:83ab13bb-90e6-40fe-8741-16cf36400450:4	Next_Steps_Age_30_COVID-19_Survey_-_Wave_1	urn:ddi:uk.cls.nextsteps:410c2442-e7e0-42eb-9415-5ba6c73e32a5:2	WRKLOCATIONDEDU	qi_WRKLOCATIONDEDU	Which of the following best describes your work location since the Coronavirus outbreak?		cs_WRKLOCATIONDEDU	1|Work from your own home. 2|Work at employer's premises. 3|Other	34043abc-f9fc-4bbf-8642-977a809fd2f7	uk.closer	11609.0	Employment and income (CV19)
urn:ddi:uk.cls.nextsteps:83ab13bb-90e6-40fe-8741-16cf36400450:4	Next_Steps_Age_30_COVID-19_Survey_-_Wave_1	urn:ddi:uk.cls.nextsteps:41fd5505-8e4f-4b89-baf7-be22708053b1:2	PECONACTIVITYD	qi_PECONACTIVITYD	And which of these would you say best describes your partner's situation now - that is since the Coronavirus outbreak?		cs_PECONACTIVITYD	1|Employed and currently working. 2|Employed but on paid leave (including furlough). 3|Employed and on unpaid leave. 4|Apprenticeship. 5|In unpaid/voluntary work. 6|Self-employed and currently working. 7|Self-employed but not currently working. 8|Unemployed. 9|Permanently sick or disabled. 10|Looking after home or family. 11|In education at school/college/university. 12|Retired. 13|Doing something else	34043abc-f9fc-4bbf-8642-977a809fd2f7	uk.closer	11609.0	Employment and income (CV19)
urn:ddi:uk.cls.nextsteps:82b7a6c9-47ea-4ee5-98fb-4cd5958c4076:1	Next_Steps_Age_30_COVID-19_Survey_-_Wave_3	urn:ddi:uk.cls.nextsteps:44d77798-7f10-4a21-8aab-4d3b33b8a2ef:1	GROA	qi_GROA	In your main job how much is your GROSS pay, that is before any deductions for tax, national insurance, pension, union dues and so on? You can give an hourly, weekly, fortnightly, monthly or yearly amount. Please include in your gross pay any overtime, bonuses, commissions, tips or tax refunds. If you don't know the precise amount it would be very helpful if you could provide your best estimate AMOUNT £			Range: 0-1000000	a33900e2-646c-4253-b055-86c3bb7649f9	uk.closer	11609.0	Employment and income (CV19)
urn:ddi:uk.cls.nextsteps:3032d053-47dd-471e-883e-346f09928d3f:1	Next_Steps_Age_30_COVID-19_Survey_-_Wave_2	urn:ddi:uk.cls.nextsteps:465b2bd1-d7e5-4a3e-9521-5dfeabd652dc:1	FINRECD	qi_FINRECD	Since the Coronavirus outbreak in March, have you received financial help, in the form of money or by paying for goods (for example groceries, medicines) from any of the following?	Please select all that apply.	cs_qFINRECB	1|Adult children, including in-laws. 2|Parents or grandparents, including in-laws. 3|Siblings. 4|Former spouse or partner. 5|Friends or Neighbours. 6|Someone else. 7|No - did not receive help from anyone. -8|Don't Know. -9|Don't want to answer	d8091a5c-50db-4a52-919d-c9a529c1f7a7	uk.closer	11609.0	Employment and income (CV19)
urn:ddi:uk.cls.nextsteps:3032d053-47dd-471e-883e-346f09928d3f:1	Next_Steps_Age_30_COVID-19_Survey_-_Wave_2	urn:ddi:uk.cls.nextsteps:47661052-4118-4c0b-98fc-43caed7be929:1	TIMEUSE NEW(16)	qi_TIMEUSE_NEW_16	We would like to know about how you have been spending your time recently. How many hours have you been spending doing each of the following activities on a typical week day in the last two weeks? Other	You can enter whole hours (e.g. 1) or half hours (e.g. 1.5). Please round to the nearest half an hour. If you are not sure of the exact amount of time, please give your best estimate. If you have not typically spent any time doing an activity, or you have typically spent less than half an hour doing an activity please enter 0.		Hours in day F	d8091a5c-50db-4a52-919d-c9a529c1f7a7	uk.closer	11609.0	Employment and income (CV19)
urn:ddi:uk.cls.nextsteps:82b7a6c9-47ea-4ee5-98fb-4cd5958c4076:1	Next_Steps_Age_30_COVID-19_Survey_-_Wave_3	urn:ddi:uk.cls.nextsteps:4a5785e3-daac-4c77-88a9-b64be6660981:1	HHINCBAND2	qi_HHINCBAND2	Over which period would you most easily be able to tell us about your { if HHNUMWH=1: and your partner's} take-home income from earnings, benefits and any other source of regular income, after tax and deductions at the time of the Coronavirus outbreak in March 2020?		cs_qHHINCBAND2	1|Weekly. 2|Monthly. 3|Annually. -8|Don't Know. -9|Don't want to answer	a33900e2-646c-4253-b055-86c3bb7649f9	uk.closer	11609.0	Employment and income (CV19)
urn:ddi:uk.cls.nextsteps:82b7a6c9-47ea-4ee5-98fb-4cd5958c4076:1	Next_Steps_Age_30_COVID-19_Survey_-_Wave_3	urn:ddi:uk.cls.nextsteps:4ad7694e-178f-4f23-87a4-de5389a6a65a:1	FINAMTGCCHAN	qi_FINAMTGCCHAN	Is the amount of financial help you have given to your adult children, including in-laws since the Coronavirus outbreak in March 2020 different to the amount you would have given if the Coronavirus outbreak had not happened?		cs_qFINAMTGCCHAN	1|Yes – I have given more financial help because of the Coronavirus outbreak. 2|Yes - I have given less financial help because of the Coronavirus outbreak. 3|No – I would have given the same amount of financial help if the Coronavirus outbreak had not happened.. -8|Don't know. -9|Don't want to answer	a33900e2-646c-4253-b055-86c3bb7649f9	uk.closer	11609.0	Employment and income (CV19)
urn:ddi:uk.cls.nextsteps:82b7a6c9-47ea-4ee5-98fb-4cd5958c4076:1	Next_Steps_Age_30_COVID-19_Survey_-_Wave_3	urn:ddi:uk.cls.nextsteps:4b96b80d-2c74-4225-bcf9-bbbf707bbb55:1	BENEFITOTH	qi_BENEFITOTH	Since the Coronavirus outbreak in March 2020, have you used any of the following?	Please select all that apply.	cs_qBENEFITOTH	1|Mortgage or rent payment holidays. 2|Council tax payment holiday. 3|Other debt repayment or interest payment holidays. 4|No - none of these. -8|Don't Know. -9|Don't want to answer	a33900e2-646c-4253-b055-86c3bb7649f9	uk.closer	11609.0	Employment and income (CV19)
urn:ddi:uk.cls.nextsteps:3032d053-47dd-471e-883e-346f09928d3f:1	Next_Steps_Age_30_COVID-19_Survey_-_Wave_2	urn:ddi:uk.cls.nextsteps:4c3699f5-77e4-4e9b-bdbb-86a3c277b9bc:1	WRKLOCATIOND	qi_WRKLOCATIOND	Which of the following best describes your work location?		cs_qWRKLOCATIOND	1|Work from your own home. 2|Work at employer's premises. 3|Work some days at home and some days at employer's premises. 4|Other. -8|Don't Know. -9|Don't want to answer	d8091a5c-50db-4a52-919d-c9a529c1f7a7	uk.closer	11609.0	Employment and income (CV19)
urn:ddi:uk.cls.nextsteps:82b7a6c9-47ea-4ee5-98fb-4cd5958c4076:1	Next_Steps_Age_30_COVID-19_Survey_-_Wave_3	urn:ddi:uk.cls.nextsteps:4d9459f3-45c1-4974-ae95-249a20ca27ad:1	FINAMTRC	qi_FINAMTRC	In total, how much financial help have you received from your adult children, including in-laws since the Coronavirus outbreak in March 2020? £	If you don't know the precise amount it would be very helpful if you could provide your best estimate.		Range: 0-1000000	a33900e2-646c-4253-b055-86c3bb7649f9	uk.closer	11609.0	Employment and income (CV19)
urn:ddi:uk.cls.nextsteps:82b7a6c9-47ea-4ee5-98fb-4cd5958c4076:1	Next_Steps_Age_30_COVID-19_Survey_-_Wave_3	urn:ddi:uk.cls.nextsteps:4fc78f07-3193-49e2-bc4f-2e845428153e:1	GROAM	qi_GROAM	Is your monthly gross pay from your main job – that is before any deductions for tax, National Insurance, pension, union dues and so on...		cs_qGROAM	1|Less than £1200 per month. 2|£1200 or more per month, less than £1800 per month. 3|£1800 or more per month, less than £2400 per month. 4|£2400 or more per month, less than £3400 per month. 5|£3400 or more per month, less than £4600 per month. 6|More than £4600 per month. -8|Don't Know. -9|Don't want to answer	a33900e2-646c-4253-b055-86c3bb7649f9	uk.closer	11609.0	Employment and income (CV19)
urn:ddi:uk.cls.nextsteps:83ab13bb-90e6-40fe-8741-16cf36400450:4	Next_Steps_Age_30_COVID-19_Survey_-_Wave_1	urn:ddi:uk.cls.nextsteps:502c11ba-d87a-4a55-b73c-babaf1ca3b4f:1	PJTITLEB	qi_PJTITLEB	What was your partner's job title?			Generic text	34043abc-f9fc-4bbf-8642-977a809fd2f7	uk.closer	11609.0	Employment and income (CV19)
urn:ddi:uk.cls.nextsteps:82b7a6c9-47ea-4ee5-98fb-4cd5958c4076:1	Next_Steps_Age_30_COVID-19_Survey_-_Wave_3	urn:ddi:uk.cls.nextsteps:51a40f1e-d0a7-4ac6-a141-9cae940bd911:1	HHINCY2	qi_HHINCY2	Was your { if HHNUMWH=1: and your partner's} take-home income from earnings, benefits and any other source of regular income, after tax and deductions at the time of the Coronavirus outbreak in March 2020?		cs_qHHINCY	1|Less than £10,000 per year. 2|£10,000 or more per year, less than £18,000 per year. 3|£18,000 or more per year, less than £26,000 per year. 4|£26,000 or more per year, less than £39,000 per year. 5|£39,000 or more per year, less than £52,000 per year. 6|More than £52,000 per year. -8|Don't Know. -9|Don't want to answer	a33900e2-646c-4253-b055-86c3bb7649f9	uk.closer	11609.0	Employment and income (CV19)
urn:ddi:uk.cls.nextsteps:3032d053-47dd-471e-883e-346f09928d3f:1	Next_Steps_Age_30_COVID-19_Survey_-_Wave_2	urn:ddi:uk.cls.nextsteps:51a5d4ec-a2c8-4bf7-a28f-ea375e9bfb0d:1	FINANCIALMAND	qi_FINANCIALMAND	Overall, how do you feel your current financial situation compares to before the Coronavirus outbreak?		cs_qFINANCIALMAND	1|I'm much worse off. 2|I'm a little worse off. 3|I'm about the same. 4|I'm a little better off. 5|I'm much better off. -8|Don't Know. -9|Don't want to answer	d8091a5c-50db-4a52-919d-c9a529c1f7a7	uk.closer	11609.0	Employment and income (CV19)
urn:ddi:uk.cls.nextsteps:82b7a6c9-47ea-4ee5-98fb-4cd5958c4076:1	Next_Steps_Age_30_COVID-19_Survey_-_Wave_3	urn:ddi:uk.cls.nextsteps:51e87a1e-809c-410a-bebc-f77bbd6a4f82:1	GROAYB2	qi_GROAYB2	"At the time of the outbreak of the Coronavirus in March 2020 was your annual gross pay from your main job – that is before any deductions for tax, National Insurance, pension, union dues and so on...
"		cs_qGROAYB2	1|Less than £16,000 per year. 2|£16,000 or more per year, less than £23,000 per year. 3|£23,000 or more per year, less than £31,000 per year. 4|£31,000 or more per year, less than £44,000 per year. 5|£44,000 or more per year, less than £60,000 per year. 6|More than £60,000 per year. -8|Don't Know. -9|Don't want to answer	a33900e2-646c-4253-b055-86c3bb7649f9	uk.closer	11609.0	Employment and income (CV19)
urn:ddi:uk.cls.nextsteps:3032d053-47dd-471e-883e-346f09928d3f:1	Next_Steps_Age_30_COVID-19_Survey_-_Wave_2	urn:ddi:uk.cls.nextsteps:522bbf3d-66f6-4f0d-8a0b-ea48561c8380:1	TIMEUSE NEW(1)	qi_TIMEUSE_NEW_1	We would like to know about how you have been spending your time recently. How many hours have you been spending doing each of the following activities on a typical week day in the last two weeks? Paid work	You can enter whole hours (e.g. 1) or half hours (e.g. 1.5). Please round to the nearest half an hour. If you are not sure of the exact amount of time, please give your best estimate. If you have not typically spent any time doing an activity, or you have typically spent less than half an hour doing an activity please enter 0.		Hours in day F	d8091a5c-50db-4a52-919d-c9a529c1f7a7	uk.closer	11609.0	Employment and income (CV19)
urn:ddi:uk.cls.nextsteps:3032d053-47dd-471e-883e-346f09928d3f:1	Next_Steps_Age_30_COVID-19_Survey_-_Wave_2	urn:ddi:uk.cls.nextsteps:52e912b9-58de-4235-a6a5-886455684079:1	PJMAKESEBCHK	qi_PJMAKESEBCHK	The answer you've given is quite short. Before continuing, please go back and check your answer to make sure you have fully described your partner's firm or organisation.		cs_qCON	1|Continue	d8091a5c-50db-4a52-919d-c9a529c1f7a7	uk.closer	11609.0	Employment and income (CV19)
urn:ddi:uk.cls.nextsteps:3032d053-47dd-471e-883e-346f09928d3f:1	Next_Steps_Age_30_COVID-19_Survey_-_Wave_2	urn:ddi:uk.cls.nextsteps:52e93665-5aac-4003-adcb-a457611227cf:1	JDOB	qi_JDOB	Please describe in your own words what you mainly did in this job.	Please describe in detail (for example job title and the type of work).		Long text	d8091a5c-50db-4a52-919d-c9a529c1f7a7	uk.closer	11609.0	Employment and income (CV19)
urn:ddi:uk.cls.nextsteps:82b7a6c9-47ea-4ee5-98fb-4cd5958c4076:1	Next_Steps_Age_30_COVID-19_Survey_-_Wave_3	urn:ddi:uk.cls.nextsteps:56a64e6e-03ee-4789-ab35-7ec2272d7a04:1	GROBANDB	qi_GROBANDB	Over which period would you most easily be able to tell us about your gross pay from your main job – that is before any deductions for tax, national insurance, pension union dues and so on at the time of the outbreak of the Coronavirus in March 2020?		cs_qGROBAND	1|Hourly. 2|Weekly. 3|Monthly. 4|Annually. -8|Don't Know. -9|Don't want to answer	a33900e2-646c-4253-b055-86c3bb7649f9	uk.closer	11609.0	Employment and income (CV19)
urn:ddi:uk.cls.nextsteps:82b7a6c9-47ea-4ee5-98fb-4cd5958c4076:1	Next_Steps_Age_30_COVID-19_Survey_-_Wave_3	urn:ddi:uk.cls.nextsteps:584abe9e-0e6c-4336-b75e-a0647b33b6f3:1	HHINCBAND	qi_HHINCBAND	Over which period would you most easily be able to tell us about your { if HHNUMWH=1: and  your partner's} take-home income from earnings, benefits and any other source of regular  income, after tax and deductions?		cs_qHHINCBAND	1|Weekly. 2|Monthly. 3|Annually. -8|Don't Know. -9|Don't want to answer	a33900e2-646c-4253-b055-86c3bb7649f9	uk.closer	11609.0	Employment and income (CV19)
urn:ddi:uk.cls.nextsteps:3032d053-47dd-471e-883e-346f09928d3f:1	Next_Steps_Age_30_COVID-19_Survey_-_Wave_2	urn:ddi:uk.cls.nextsteps:587bfb0f-866b-42a4-8f53-012b11021d1e:1	WRKHOURSD	qi_WRKHOURSD	And how many hours per week do you usually work now, not including meal breaks but including overtime?			Hours in week	d8091a5c-50db-4a52-919d-c9a529c1f7a7	uk.closer	11609.0	Employment and income (CV19)
urn:ddi:uk.cls.nextsteps:3032d053-47dd-471e-883e-346f09928d3f:1	Next_Steps_Age_30_COVID-19_Survey_-_Wave_2	urn:ddi:uk.cls.nextsteps:5ac4bc38-8ef4-4432-92e8-d8a17da7571a:1	TIMEUSE CHK	qi_TIMEUSE_CHK	At the previous question, the total amount of time you've entered is more than 16 hours. If this is correct, please select 'Continue'. Otherwise, please go back and review your responses.		cs_Continue	1|Continue	d8091a5c-50db-4a52-919d-c9a529c1f7a7	uk.closer	11609.0	Employment and income (CV19)
urn:ddi:uk.cls.nextsteps:3032d053-47dd-471e-883e-346f09928d3f:1	Next_Steps_Age_30_COVID-19_Survey_-_Wave_2	urn:ddi:uk.cls.nextsteps:5b32f0c6-ff8e-413f-af90-bc09edc4c5d8:1	JMAKESEB	qi_JMAKESEB	What did your firm or organisation mainly make or do?			Long text	d8091a5c-50db-4a52-919d-c9a529c1f7a7	uk.closer	11609.0	Employment and income (CV19)
urn:ddi:uk.cls.nextsteps:82b7a6c9-47ea-4ee5-98fb-4cd5958c4076:1	Next_Steps_Age_30_COVID-19_Survey_-_Wave_3	urn:ddi:uk.cls.nextsteps:5d917d19-2acc-445a-a53f-e1b3de08f75a:1	HHINCW2	qi_HHINCW2	Was your { if HHNUMWH=1: and your partner's} take-home income from earnings, benefits and any other source of regular income, after tax and deductions at the time of the Coronavirus outbreak in March 2020?		cs_qHHINCW2	1|Less than £200 per week. 2|£200 or more per week, less than £350 per week. 3|£350 or more per week, less than £500 per week. 4|£500 or more per week, less than £750 per week. 5|£750 or more per week, less than £1000 per week. 6|More than £1000 per week. -8|Don't Know. -9|Don't want to answer	a33900e2-646c-4253-b055-86c3bb7649f9	uk.closer	11609.0	Employment and income (CV19)
urn:ddi:uk.cls.nextsteps:3032d053-47dd-471e-883e-346f09928d3f:1	Next_Steps_Age_30_COVID-19_Survey_-_Wave_2	urn:ddi:uk.cls.nextsteps:5f40ed89-be7d-4454-a958-49c7be47d4b3:1	TIMEUSE NEW(5)	qi_TIMEUSE_NEW_5	We would like to know about how you have been spending your time recently. How many hours have you been spending doing each of the following activities on a typical week day in the last two weeks? Caring for someone other than a child	You can enter whole hours (e.g. 1) or half hours (e.g. 1.5). Please round to the nearest half an hour. If you are not sure of the exact amount of time, please give your best estimate. If you have not typically spent any time doing an activity, or you have typically spent less than half an hour doing an activity please enter 0.		Hours in day F	d8091a5c-50db-4a52-919d-c9a529c1f7a7	uk.closer	11609.0	Employment and income (CV19)
urn:ddi:uk.cls.nextsteps:82b7a6c9-47ea-4ee5-98fb-4cd5958c4076:1	Next_Steps_Age_30_COVID-19_Survey_-_Wave_3	urn:ddi:uk.cls.nextsteps:600868c4-772b-49c6-9b4e-31d41e7f45b5:1	GROCHAN	qi_GROCHAN	Has your GROSS pay changed since the outbreak of the Coronavirus in March 2020?		cs_qGROCHAN	1|Yes. 2|No. -8|Don't Know. -9|Don't want to answer	a33900e2-646c-4253-b055-86c3bb7649f9	uk.closer	11609.0	Employment and income (CV19)
urn:ddi:uk.cls.nextsteps:82b7a6c9-47ea-4ee5-98fb-4cd5958c4076:1	Next_Steps_Age_30_COVID-19_Survey_-_Wave_3	urn:ddi:uk.cls.nextsteps:624ccd70-a55b-4835-8656-0a1889618de8:1	HHINCP	qi_HHINCP	How much is your { if HHNUMWH=1: and your partner's} take-home income from earnings, benefits and any other source of regular income, after tax and deductions? You can give a weekly, fortnightly, monthly or annual amount. Period:	When answering this question please remember to include: All income from paid work All benefits and tax credits Income from investments, including interest on savings Rent from boarders, lodgers or sub-tenants/rent from other property Pensions Any financial help you receive from relatives or friends Any regular sources of income If you don't know the precise amount it would be very helpful if you could provide your best estimate.	cs_qHHINCPB	1|Weekly. 2|Fortnightly. 3|Monthly. 4|Annually. -8|Don't Know. -9|Don't want to answer	a33900e2-646c-4253-b055-86c3bb7649f9	uk.closer	11609.0	Employment and income (CV19)
urn:ddi:uk.cls.nextsteps:82b7a6c9-47ea-4ee5-98fb-4cd5958c4076:1	Next_Steps_Age_30_COVID-19_Survey_-_Wave_3	urn:ddi:uk.cls.nextsteps:63626f73-414b-4ed9-8f79-4512cb004d9a:1	GROAW	qi_GROAW	Is your weekly gross pay from your main job – that is before any deductions for tax, National Insurance, pension, union dues and so on...		cs_qGROAW	1|Less than £300 per week. 2|£300 or more per week, less than £450 per week. 3|£450 or more per week, less than £600 per week. 4|£600 or more per week, less than £850 per week. 5|£850 or more per week, less than £1150 per week. 6|More than £1150 per week. -8|Don't Know. -9|Don't want to answer	a33900e2-646c-4253-b055-86c3bb7649f9	uk.closer	11609.0	Employment and income (CV19)
urn:ddi:uk.cls.nextsteps:3032d053-47dd-471e-883e-346f09928d3f:1	Next_Steps_Age_30_COVID-19_Survey_-_Wave_2	urn:ddi:uk.cls.nextsteps:64670d6a-6070-4270-8a0f-9a0bfde9ec69:1	PWRKHOURSD	qi_PWRKHOURSD	And how many hours per week does your partner usually work now, not including meal breaks?			Hours in week	d8091a5c-50db-4a52-919d-c9a529c1f7a7	uk.closer	11609.0	Employment and income (CV19)
urn:ddi:uk.cls.nextsteps:82b7a6c9-47ea-4ee5-98fb-4cd5958c4076:1	Next_Steps_Age_30_COVID-19_Survey_-_Wave_3	urn:ddi:uk.cls.nextsteps:64cfb465-9c89-4459-84b3-53d18b694fd9:1	FINRECD	qi_FINRECD	Since the Coronavirus outbreak in March 2020, have you received financial help, in the form of money or by paying for goods (for example groceries, medicines) from any of the following?	Please select all that apply.	cs_qFINRECD	1|Adult children, including in-laws. 2|Parents or grandparents, including in-laws. 3|Siblings. 4|Former spouse or partner. 5|Friends or Neighbours. 6|Someone else. 7|No - did not receive financial help from anyone. -8|Don't Know. -9|Don't want to answer	a33900e2-646c-4253-b055-86c3bb7649f9	uk.closer	11609.0	Employment and income (CV19)
urn:ddi:uk.cls.nextsteps:82b7a6c9-47ea-4ee5-98fb-4cd5958c4076:1	Next_Steps_Age_30_COVID-19_Survey_-_Wave_3	urn:ddi:uk.cls.nextsteps:655a00e3-949a-4a14-9937-52d0647c4fd3:1	GROPB	qi_GROPB	At the time of the outbreak of the Coronavirus in March 2020, how much was your GROSS pay, that is before any deductions for tax, national insurance, pension, union dues and so on? You can give an hourly, weekly, fortnightly, monthly or yearly amount. Please include in your gross pay any overtime, bonuses, commissions, tips or tax refunds. If you don't know the precise amount it would be very helpful if you could provide your best estimate. PERIOD		cs_qGROP	1|Hourly. 2|Weekly. 3|Fortnightly. 4|Monthly. 5|Annually. -8|Don't Know. -9|Don't want to answer	a33900e2-646c-4253-b055-86c3bb7649f9	uk.closer	11609.0	Employment and income (CV19)
urn:ddi:uk.cls.nextsteps:83ab13bb-90e6-40fe-8741-16cf36400450:4	Next_Steps_Age_30_COVID-19_Survey_-_Wave_1	urn:ddi:uk.cls.nextsteps:65c13c76-5368-4683-be1d-3cb1355301fe:1	JTITLEB	qi_JTITLEB	What was your job title?			Generic text	34043abc-f9fc-4bbf-8642-977a809fd2f7	uk.closer	11609.0	Employment and income (CV19)
urn:ddi:uk.cls.nextsteps:82b7a6c9-47ea-4ee5-98fb-4cd5958c4076:1	Next_Steps_Age_30_COVID-19_Survey_-_Wave_3	urn:ddi:uk.cls.nextsteps:665a1bcb-ba2e-4a33-a63e-52b9dc15bd8f:1	FINANCIALMAND	qi_FINANCIALMAND	Overall, how do you feel your current financial situation compares to before the Coronavirus outbreak in March 2020?		cs_qFINANCIALMAND	1|I'm much worse off. 2|I'm a little worse off. 3|I'm about the same. 4|I'm a little better off. 5|I'm much better off. -8|Don't Know. -9|Don't want to answer	a33900e2-646c-4253-b055-86c3bb7649f9	uk.closer	11609.0	Employment and income (CV19)
urn:ddi:uk.cls.nextsteps:82b7a6c9-47ea-4ee5-98fb-4cd5958c4076:1	Next_Steps_Age_30_COVID-19_Survey_-_Wave_3	urn:ddi:uk.cls.nextsteps:66891f71-4e70-401b-9dfe-eba2a76c0307:1	FINAMTRP	qi_FINAMTRP	In total, how much financial help have you received from your parents or grandparents, including in-laws, since the Coronavirus outbreak in March 2020? £	If you don't know the precise amount it would be very helpful if you could provide your best estimate.		Range: 0-1000000	a33900e2-646c-4253-b055-86c3bb7649f9	uk.closer	11609.0	Employment and income (CV19)
urn:ddi:uk.cls.nextsteps:3032d053-47dd-471e-883e-346f09928d3f:1	Next_Steps_Age_30_COVID-19_Survey_-_Wave_2	urn:ddi:uk.cls.nextsteps:66978529-b401-44f6-9e94-a408cb6c9be3:1	ZEROHB	qi_ZEROHB	In this job, did you have a zero hours contract?		cs_qCOVID_HOSPAD	1|Yes. 2|No. -8|Don't Know. -9|Don't want to answer	d8091a5c-50db-4a52-919d-c9a529c1f7a7	uk.closer	11609.0	Employment and income (CV19)
urn:ddi:uk.cls.nextsteps:83ab13bb-90e6-40fe-8741-16cf36400450:4	Next_Steps_Age_30_COVID-19_Survey_-_Wave_1	urn:ddi:uk.cls.nextsteps:66cde055-3b2f-404d-b757-5fd6bd8da2ca:2	PZEROHB	qi_PZEROHB	In this job, did your partner have a zero hours contract?		cs_PZEROHB	1|Yes. 2|No	34043abc-f9fc-4bbf-8642-977a809fd2f7	uk.closer	11609.0	Employment and income (CV19)
urn:ddi:uk.cls.nextsteps:82b7a6c9-47ea-4ee5-98fb-4cd5958c4076:1	Next_Steps_Age_30_COVID-19_Survey_-_Wave_3	urn:ddi:uk.cls.nextsteps:66fdfc6d-67c2-4152-83b9-6201f28f9c54:1	FINAMTRPCHAN	qi_FINAMTRPCHAN	Is the amount of financial help you have received from your parents or grandparents, including in-laws, since the Coronavirus outbreak in March 2020 different to the amount you would have received if the Coronavirus outbreak had not happened?		cs_qFINAMTRPCHAN	1|Yes – I received more financial help because of the Coronavirus outbreak. 2|Yes – I received less financial help because of the Coronavirus outbreak. 3|No – I would have received the same amount of financial help if the Coronavirus outbreak had not happened.. -8|Don't know. -9|Don't want to answer	a33900e2-646c-4253-b055-86c3bb7649f9	uk.closer	11609.0	Employment and income (CV19)
urn:ddi:uk.cls.nextsteps:3032d053-47dd-471e-883e-346f09928d3f:1	Next_Steps_Age_30_COVID-19_Survey_-_Wave_2	urn:ddi:uk.cls.nextsteps:6800ec52-2193-4eae-bfc5-94e13a1de1fd:1	JMAKEB	qi_JMAKEB	What did the firm or organisation you worked for mainly make or do?			Long text	d8091a5c-50db-4a52-919d-c9a529c1f7a7	uk.closer	11609.0	Employment and income (CV19)
urn:ddi:uk.cls.nextsteps:83ab13bb-90e6-40fe-8741-16cf36400450:4	Next_Steps_Age_30_COVID-19_Survey_-_Wave_1	urn:ddi:uk.cls.nextsteps:695195fb-553e-4869-878d-58f4e850ccc5:2	ZEROHB	qi_ZEROHB	In this job, did you have a zero hours contract?		cs_ZEROHB	1|Yes. 2|No	34043abc-f9fc-4bbf-8642-977a809fd2f7	uk.closer	11609.0	Employment and income (CV19)
urn:ddi:uk.cls.nextsteps:82b7a6c9-47ea-4ee5-98fb-4cd5958c4076:1	Next_Steps_Age_30_COVID-19_Survey_-_Wave_3	urn:ddi:uk.cls.nextsteps:6a9b7a4c-3f7a-42d2-95e9-8fdcf5107066:1	FINGIVD	qi_FINGIVD	Since the Coronavirus outbreak in March 2020, have you given financial help, in the form of money or by paying for goods (for example groceries, medicines) to any of the following?	Please select all that apply.	cs_qFINGIVD	1|Adult children, including in-laws. 2|Parents or grandparents, including in-laws. 3|Siblings. 4|Former spouse or partner. 5|Friends or Neighbours. 6|Someone else. 7|No - did not give financial help to anyone. -8|Don't Know. -9|Don't want to answer	a33900e2-646c-4253-b055-86c3bb7649f9	uk.closer	11609.0	Employment and income (CV19)
urn:ddi:uk.cls.nextsteps:83ab13bb-90e6-40fe-8741-16cf36400450:4	Next_Steps_Age_30_COVID-19_Survey_-_Wave_1	urn:ddi:uk.cls.nextsteps:6ae55391-32a7-41aa-97ca-928ab9763b01:1	PWRKHOURSB	qi_PWRKHOURSB	How many hours per week did your partner usually work, not including meal breaks but including overtime?			Hours in week	34043abc-f9fc-4bbf-8642-977a809fd2f7	uk.closer	11609.0	Employment and income (CV19)
urn:ddi:uk.cls.nextsteps:82b7a6c9-47ea-4ee5-98fb-4cd5958c4076:1	Next_Steps_Age_30_COVID-19_Survey_-_Wave_3	urn:ddi:uk.cls.nextsteps:6b8debe6-9386-49f6-bb5e-c0b92b1565b6:1	ECONACTIVITYB2	qi_ECONACTIVITYB2	"We would also like to ask you about what you were doing before the Coronavirus outbreak in March 2020 so that we can see how things may have changed for you. Which of these best describes what you were doing just before the Coronavirus outbreak in March 2020?


"	If you were doing more than one activity, please choose the activity that you spent most time doing.	cs_qECONACTIVITYB2	1|Employed. 2|Self-employed. 3|In unpaid/ voluntary work. 4|Apprenticeship. 5|Unemployed. 6|Permanently sick or disabled. 7|Looking after home or family. 8|In education at school/college/university. 9|Retired. 10|Doing something else. -8|Don't Know. -9|Don't want to answer	a33900e2-646c-4253-b055-86c3bb7649f9	uk.closer	11609.0	Employment and income (CV19)
urn:ddi:uk.cls.nextsteps:3032d053-47dd-471e-883e-346f09928d3f:1	Next_Steps_Age_30_COVID-19_Survey_-_Wave_2	urn:ddi:uk.cls.nextsteps:6bbe7217-9c17-4e16-b2fb-5e7fb67cd324:1	PJMAKEBCHK	qi_PJMAKEBCHK	The answer you've given is quite short. Before continuing, please go back and check your answer to make sure you have fully described the firm or organisation your partner worked for.		cs_qCON	1|Continue	d8091a5c-50db-4a52-919d-c9a529c1f7a7	uk.closer	11609.0	Employment and income (CV19)
urn:ddi:uk.cls.nextsteps:82b7a6c9-47ea-4ee5-98fb-4cd5958c4076:1	Next_Steps_Age_30_COVID-19_Survey_-_Wave_3	urn:ddi:uk.cls.nextsteps:70d7c48c-acba-4ecb-8090-5dd8dfb21b5f:1	BENEFITB	qi_BENEFITB	In the three months before the Coronavirus outbreak in March 2020, did you {if living with a partner: or your partner} receive any of the following?	Please select all that apply.	cs_qBENEFITB	1|Free school meals for children. 2|Universal credit. 3|Pension credit. 4|Income support or Job Seeker's Allowance. 5|Working Tax Credit or Child Tax credit. 6|Employment and Support Allowance. 7|Statutory sick pay. 8|Housing benefit. 9|Council tax support or reduction. 11|Carers allowance, Personal independence payments, or Disability Living Allowance. 12|No - none of these. -8|Don't Know. -9|Don't want to answer	a33900e2-646c-4253-b055-86c3bb7649f9	uk.closer	11609.0	Employment and income (CV19)
urn:ddi:uk.cls.nextsteps:82b7a6c9-47ea-4ee5-98fb-4cd5958c4076:1	Next_Steps_Age_30_COVID-19_Survey_-_Wave_3	urn:ddi:uk.cls.nextsteps:72fa467f-9201-4c5a-b06e-09a7c7b91e47:1	FINAMTGP	qi_FINAMTGP	In total, how much financial help have you given to your parents or grandparents, including in-laws, since the Coronavirus outbreak in March 2020? £	If you don't know the precise amount it would be very helpful if you could provide your best estimate.		Range: 0-1000000	a33900e2-646c-4253-b055-86c3bb7649f9	uk.closer	11609.0	Employment and income (CV19)
urn:ddi:uk.cls.nextsteps:82b7a6c9-47ea-4ee5-98fb-4cd5958c4076:1	Next_Steps_Age_30_COVID-19_Survey_-_Wave_3	urn:ddi:uk.cls.nextsteps:75cdb41a-90ac-4ba2-905b-7364a3fc4cdf:1	HHINCCHAN	qi_HHINCCHAN	Has your {IF HHUMWH=1: and your partner's} take-home income from earnings, benefits and any other source of regular income, after tax and deductions changed since the outbreak of the Coronavirus in March 2020?		cs_qCOVNEWILL	1|Yes. 2|No. -8|Don't know. -9|Don't want to answer	a33900e2-646c-4253-b055-86c3bb7649f9	uk.closer	11609.0	Employment and income (CV19)
urn:ddi:uk.cls.nextsteps:82b7a6c9-47ea-4ee5-98fb-4cd5958c4076:1	Next_Steps_Age_30_COVID-19_Survey_-_Wave_3	urn:ddi:uk.cls.nextsteps:75f2422c-53e7-47b7-8cf4-58a1d25e2c82:1	FINHTY	qi_FINHTY	You said that you are worse off now compared to before the Coronavirus outbreak in March 2020. Have you {if living with a partner: or your partner} done any of the following as a result of this?	Pease select all that apply.	cs_qFINHTY	1|Reduced spending. 2|Used savings. 3|New borrowing from bank or credit card. 4|New borrowing from family and friends. 5|None of these. -8|Don't Know. -9|Don't want to answer	a33900e2-646c-4253-b055-86c3bb7649f9	uk.closer	11609.0	Employment and income (CV19)
urn:ddi:uk.cls.nextsteps:3032d053-47dd-471e-883e-346f09928d3f:1	Next_Steps_Age_30_COVID-19_Survey_-_Wave_2	urn:ddi:uk.cls.nextsteps:7a6b3ced-2b7f-4e54-a0ed-e00915fccda4:1	JMAKESEBCHK	qi_JMAKESEBCHK	The answer you've given is quite short. Before continuing, please go back and check your answer to make sure you have fully described your firm or organisation.		cs_Continue	1|Continue	d8091a5c-50db-4a52-919d-c9a529c1f7a7	uk.closer	11609.0	Employment and income (CV19)
urn:ddi:uk.cls.nextsteps:82b7a6c9-47ea-4ee5-98fb-4cd5958c4076:1	Next_Steps_Age_30_COVID-19_Survey_-_Wave_3	urn:ddi:uk.cls.nextsteps:7ba988e8-4b79-4c90-b565-23777d4d0da1:1	GROAHB2	qi_GROAHB2	"At the time of the outbreak of the Coronavirus in March 2020 was your hourly gross pay from your main job – that is before any deductions for tax, National Insurance, pension, union dues and so on...
"		cs_qGROAHB2	1|Less than £9 per hour. 2|£9 or more per hour, less than £12 per hour. 3|£12 or more per hour, less than £16 per hour. 4|£16 or more per hour, less than £23 per hour. 5|£23 or more per hour, less than £30 per hour. 6|More than £30 per hour. 21|-8. Don't Know. 22|-9. Don't want to answer	a33900e2-646c-4253-b055-86c3bb7649f9	uk.closer	11609.0	Employment and income (CV19)
urn:ddi:uk.cls.nextsteps:83ab13bb-90e6-40fe-8741-16cf36400450:4	Next_Steps_Age_30_COVID-19_Survey_-_Wave_1	urn:ddi:uk.cls.nextsteps:7f382355-47b1-4819-a2cc-b49940866989:1	PJMAKEB	qi_PJMAKEB	What did the firm or organisation your partner worked for mainly make or do? 	Please describe in detail (for example manufacturing, processing or distribution, goods produced, materials used, wholesale or retail.		Long text	34043abc-f9fc-4bbf-8642-977a809fd2f7	uk.closer	11609.0	Employment and income (CV19)
urn:ddi:uk.cls.nextsteps:3032d053-47dd-471e-883e-346f09928d3f:1	Next_Steps_Age_30_COVID-19_Survey_-_Wave_2	urn:ddi:uk.cls.nextsteps:7ff317b2-0e88-400e-b8cb-14bbfbaca56d:1	FINRCHAN	qi_FINRCHAN	Compared with before the Coronavirus outbreak in March, has the amount of financial help you have been receiving since then ....?		cs_qFINGIVCHAN	1|Increased. 2|Decreased. 3|Stayed the same. -8|Don't Know. -9|Don't want to answer	d8091a5c-50db-4a52-919d-c9a529c1f7a7	uk.closer	11609.0	Employment and income (CV19)
urn:ddi:uk.cls.nextsteps:3032d053-47dd-471e-883e-346f09928d3f:1	Next_Steps_Age_30_COVID-19_Survey_-_Wave_2	urn:ddi:uk.cls.nextsteps:85ed4d7e-c90c-4662-a9f4-460229b5a42a:1	TIMEUSE NEW(8)	qi_TIMEUSE_NEW_8	We would like to know about how you have been spending your time recently. How many hours have you been spending doing each of the following activities on a typical week day in the last two weeks? Physical activity / exercise	You can enter whole hours (e.g. 1) or half hours (e.g. 1.5). Please round to the nearest half an hour. If you are not sure of the exact amount of time, please give your best estimate. If you have not typically spent any time doing an activity, or you have typically spent less than half an hour doing an activity please enter 0.		Hours in day F	d8091a5c-50db-4a52-919d-c9a529c1f7a7	uk.closer	11609.0	Employment and income (CV19)
urn:ddi:uk.cls.nextsteps:82b7a6c9-47ea-4ee5-98fb-4cd5958c4076:1	Next_Steps_Age_30_COVID-19_Survey_-_Wave_3	urn:ddi:uk.cls.nextsteps:86c5b8c2-fa75-4e2f-8fa7-eed5a4362dfe:1	FINAMTGC	qi_FINAMTGC	In total, how much financial help have you given to your adult children, including in-laws since the Coronavirus outbreak in March 2020? £	If you don't know the precise amount it would be very helpful if you could provide your best estimate.		Range: 0-1000000	a33900e2-646c-4253-b055-86c3bb7649f9	uk.closer	11609.0	Employment and income (CV19)
urn:ddi:uk.cls.nextsteps:3032d053-47dd-471e-883e-346f09928d3f:1	Next_Steps_Age_30_COVID-19_Survey_-_Wave_2	urn:ddi:uk.cls.nextsteps:87af15ef-9ff9-4db1-9f60-75cc603de69d:1	TIMEUSE NEW(2)	qi_TIMEUSE_NEW_2	We would like to know about how you have been spending your time recently. How many hours have you been spending doing each of the following activities on a typical week day in the last two weeks? Volunteering / unpaid work (not for your household)	You can enter whole hours (e.g. 1) or half hours (e.g. 1.5). Please round to the nearest half an hour. If you are not sure of the exact amount of time, please give your best estimate. If you have not typically spent any time doing an activity, or you have typically spent less than half an hour doing an activity please enter 0.		Hours in day F	d8091a5c-50db-4a52-919d-c9a529c1f7a7	uk.closer	11609.0	Employment and income (CV19)
urn:ddi:uk.cls.nextsteps:82b7a6c9-47ea-4ee5-98fb-4cd5958c4076:1	Next_Steps_Age_30_COVID-19_Survey_-_Wave_3	urn:ddi:uk.cls.nextsteps:88402cce-6a4c-4e27-a070-def30afb3f22:1	HOURSCHAN	qi_HOURSCHAN	Has the number of hours you usually work per week changed since the outbreak of Coronavirus in March 2020?		cs_qCOVNEWILL	1|Yes. 2|No. -8|Don't know. -9|Don't want to answer	a33900e2-646c-4253-b055-86c3bb7649f9	uk.closer	11609.0	Employment and income (CV19)
urn:ddi:uk.cls.nextsteps:83ab13bb-90e6-40fe-8741-16cf36400450:4	Next_Steps_Age_30_COVID-19_Survey_-_Wave_1	urn:ddi:uk.cls.nextsteps:88ccbbeb-4639-4300-83eb-b2b2295b86b3:1	JDOB	qi_JDOB	Please describe in your own words what you mainly did in this job.	Please describe in detail (for example job title and the type of work).		Long text	34043abc-f9fc-4bbf-8642-977a809fd2f7	uk.closer	11609.0	Employment and income (CV19)
urn:ddi:uk.cls.nextsteps:3032d053-47dd-471e-883e-346f09928d3f:1	Next_Steps_Age_30_COVID-19_Survey_-_Wave_2	urn:ddi:uk.cls.nextsteps:89c677ea-4def-410b-9a06-551dbc640da5:1	PJMAKEB	qi_PJMAKEB	What did the firm or organisation your partner worked for mainly make or do? Please describe in detail (for example manufacturing, processing or distribution, goods produced, materials used, wholesale or retail.			Long text	d8091a5c-50db-4a52-919d-c9a529c1f7a7	uk.closer	11609.0	Employment and income (CV19)
urn:ddi:uk.cls.nextsteps:83ab13bb-90e6-40fe-8741-16cf36400450:4	Next_Steps_Age_30_COVID-19_Survey_-_Wave_1	urn:ddi:uk.cls.nextsteps:8b69b4b6-2197-40e6-9940-02cc90eeeeb5:2	PAPPRENTYPE	qi_PAPPRENTYPE	Was this apprenticeship part of..?		cs_PAPPRENTYPE	1|A full time job. 2|Or a part time job. 3|Not part of any job	34043abc-f9fc-4bbf-8642-977a809fd2f7	uk.closer	11609.0	Employment and income (CV19)
urn:ddi:uk.cls.nextsteps:82b7a6c9-47ea-4ee5-98fb-4cd5958c4076:1	Next_Steps_Age_30_COVID-19_Survey_-_Wave_3	urn:ddi:uk.cls.nextsteps:8c284c07-1637-4837-9f1e-f5b4fd723e60:1	ECONACTIVITYD	qi_ECONACTIVITYD	We would like to ask you about what you are currently doing.  Which of these would you say best describes your situation now?	If you are doing more than one activity, please choose the activity that you spend most time doing.	cs_qECONACTIVITYD	1|Employed and currently working (or on annual leave/holiday). 2|Employed but on paid leave (including furlough). 3|Employed and on unpaid leave. 4|Apprenticeship. 5|In unpaid/voluntary work. 6|Self-employed and currently working (or on holiday). 7|Self-employed but not currently working. 8|Unemployed. 9|Permanently sick or disabled. 10|Looking after home or family. 11|In education at school/college/university. 12|Retired. 13|Doing something else. -8|Don't Know. -9|Don't want to answer	a33900e2-646c-4253-b055-86c3bb7649f9	uk.closer	11609.0	Employment and income (CV19)
urn:ddi:uk.cls.nextsteps:83ab13bb-90e6-40fe-8741-16cf36400450:4	Next_Steps_Age_30_COVID-19_Survey_-_Wave_1	urn:ddi:uk.cls.nextsteps:9099750e-fe1b-4610-85b7-187b14269e91:1	PJMAKESEB	qi_PJMAKESEB	What did your partner's firm or organisation mainly make or do? 	Please describe in detail (for example manufacturing, processing or distribution, goods produced, materials used, wholesale or retail.		Long text	34043abc-f9fc-4bbf-8642-977a809fd2f7	uk.closer	11609.0	Employment and income (CV19)
urn:ddi:uk.cls.nextsteps:3032d053-47dd-471e-883e-346f09928d3f:1	Next_Steps_Age_30_COVID-19_Survey_-_Wave_2	urn:ddi:uk.cls.nextsteps:9189210d-28d5-4507-817e-60deb1f1d623:1	PWRKHOURSBCHK	qi_PWRKHOURSBCHK	You have said that your partner worked for 100 or more hours a week. If this is correct, please select 'Continue'. Otherwise please go back and amend your answer.		cs_qCON	1|Continue	d8091a5c-50db-4a52-919d-c9a529c1f7a7	uk.closer	11609.0	Employment and income (CV19)
urn:ddi:uk.cls.nextsteps:3032d053-47dd-471e-883e-346f09928d3f:1	Next_Steps_Age_30_COVID-19_Survey_-_Wave_2	urn:ddi:uk.cls.nextsteps:919ced92-87ab-417f-a044-07fc9b817538:1	TIMEUSE NEW(3)	qi_TIMEUSE_NEW_3	We would like to know about how you have been spending your time recently. How many hours have you been spending doing each of the following activities on a typical week day in the last two weeks? Home schooling your children (if you have any)	You can enter whole hours (e.g. 1) or half hours (e.g. 1.5). Please round to the nearest half an hour. If you are not sure of the exact amount of time, please give your best estimate. If you have not typically spent any time doing an activity, or you have typically spent less than half an hour doing an activity please enter 0.		Hours in day F	d8091a5c-50db-4a52-919d-c9a529c1f7a7	uk.closer	11609.0	Employment and income (CV19)
urn:ddi:uk.cls.nextsteps:82b7a6c9-47ea-4ee5-98fb-4cd5958c4076:1	Next_Steps_Age_30_COVID-19_Survey_-_Wave_3	urn:ddi:uk.cls.nextsteps:931b3cf0-9846-483e-8c97-e50fcb74dbc6:1	FINAMTGPCHAN	qi_FINAMTGPCHAN	Is the amount of financial help you have given to your parents or grandparents, including in-laws since the Coronavirus outbreak in March 2020 different to the amount you would have given if the Coronavirus outbreak had not happened?		cs_qFINAMTGPCHAN	1|Yes – I have given more financial help because of the Coronavirus outbreak. 2|Yes – I have given less financial help because of the Coronavirus outbreak. 3|No – I would have given the same amount of financial help if the Coronavirus outbreak had not happened.. -8|Don't know. -9|Don't want to answer	a33900e2-646c-4253-b055-86c3bb7649f9	uk.closer	11609.0	Employment and income (CV19)
urn:ddi:uk.cls.nextsteps:3032d053-47dd-471e-883e-346f09928d3f:1	Next_Steps_Age_30_COVID-19_Survey_-_Wave_2	urn:ddi:uk.cls.nextsteps:94859b18-cbdc-4799-8474-e6a9e3d00395:1	JOBSATIS	qi_JOBSATIS	All things considered, how satisfied or dissatisfied are you with your present job overall?		cs_qJOBSATIS	1|Very satisfied. 2|Somewhat satisfied. 3|Neither satisfied nor dissatisfied. 4|Dissatisfied. 5|Very dissatisfied. -8|Don't Know. -9|Don't want to answer	d8091a5c-50db-4a52-919d-c9a529c1f7a7	uk.closer	11609.0	Employment and income (CV19)
urn:ddi:uk.cls.nextsteps:83ab13bb-90e6-40fe-8741-16cf36400450:4	Next_Steps_Age_30_COVID-19_Survey_-_Wave_1	urn:ddi:uk.cls.nextsteps:9612e7dd-5f18-4636-a8a4-17fd21484055:2	BENEFITOTH	qi_BENEFITOTH	Since the Coronavirus outbreak, have you used any of the following?	Please select all that apply.	cs_BENEFITOTH	1|Mortgage or rent payment holidays. 5|Council tax payment holiday. 2|Other debt repayment or interest payment holidays. 4|No - none of these	34043abc-f9fc-4bbf-8642-977a809fd2f7	uk.closer	11609.0	Employment and income (CV19)
urn:ddi:uk.cls.nextsteps:83ab13bb-90e6-40fe-8741-16cf36400450:4	Next_Steps_Age_30_COVID-19_Survey_-_Wave_1	urn:ddi:uk.cls.nextsteps:970c4d04-bb96-4176-832d-2cda67d375ff:2	PKEYWORKER	qi_PKEYWORKER	Is your partner a Key worker, or has their work been classified as critical to the Covid-19 response?		cs_PKEYWORKER	1|Yes. 2|No	34043abc-f9fc-4bbf-8642-977a809fd2f7	uk.closer	11609.0	Employment and income (CV19)
urn:ddi:uk.cls.nextsteps:3032d053-47dd-471e-883e-346f09928d3f:1	Next_Steps_Age_30_COVID-19_Survey_-_Wave_2	urn:ddi:uk.cls.nextsteps:9772da35-db77-4920-a7ed-080c11ccfd63:1	HWRKSAT N	qi_HWRKSAT_N	Using a scale of 0 to 10, where 0 means 'completely disagree' and 10 means 'completely agree', please indicate the extent to which you agree or disagree with the statement below. I am able to work effectively whilst being at home		cs_qHWRKSAT_N	1|0 Completely disagree. 2|1. 3|2. 4|3. 5|4. 6|5. 7|6. 8|7. 9|8. 10|9. 11|10 Completely agree. -8|Don't Know. -9|Don't want to answer	d8091a5c-50db-4a52-919d-c9a529c1f7a7	uk.closer	11609.0	Employment and income (CV19)
urn:ddi:uk.cls.nextsteps:82b7a6c9-47ea-4ee5-98fb-4cd5958c4076:1	Next_Steps_Age_30_COVID-19_Survey_-_Wave_3	urn:ddi:uk.cls.nextsteps:979ccc79-da0a-4812-984d-51e7e0d938ad:1	HHINCAB	qi_HHINCAB	How much WAS your {IF HHNUMWH=1: and your partner's} take-home income from earnings, benefits and any other source of regular income, after tax and deductions at the time of the Coronavirus outbreak in March 2020? You can give a weekly, fortnightly, monthly or annual amount Amount: £	When answering this question please remember to include: All income from paid work All benefits and tax credits Income from investments, including interest on savings Rent from boarders, lodgers or sub-tenants/rent from other property Pensions Any financial help you receive from relatives or friends Any other regular sources of income If you don't know the precise amount it would be very helpful if you could provide your best estimate.		Range: 0-1000000	a33900e2-646c-4253-b055-86c3bb7649f9	uk.closer	11609.0	Employment and income (CV19)
urn:ddi:uk.cls.nextsteps:83ab13bb-90e6-40fe-8741-16cf36400450:4	Next_Steps_Age_30_COVID-19_Survey_-_Wave_1	urn:ddi:uk.cls.nextsteps:97e69fa1-ae3a-46eb-956d-bb940c7de5ef:2	FOODAFFORD	qi_FOODAFFORD	Which of the following statements best describes the food eaten in your household since the Coronavirus outbreak began?		cs_FOODAFFORD	1|You and other household members always have had enough of the kinds of foods you wanted to eat. 2|You and other household members have had enough to eat, but not always the kinds of foods you wanted. 3|Sometimes you and other household members did not have enough to eat. 4|Often you and other household members did not have enough to eat	34043abc-f9fc-4bbf-8642-977a809fd2f7	uk.closer	11609.0	Employment and income (CV19)
urn:ddi:uk.cls.nextsteps:83ab13bb-90e6-40fe-8741-16cf36400450:4	Next_Steps_Age_30_COVID-19_Survey_-_Wave_1	urn:ddi:uk.cls.nextsteps:986ec256-1be8-4d43-9d7c-9b950f5c20b6:2	KEYWORKERD	qi_KEYWORKERD	Are you a Key worker, or has your work been classified as critical to the Covid-19 response?		cs_KEYWORKERD	1|Yes. 2|No	34043abc-f9fc-4bbf-8642-977a809fd2f7	uk.closer	11609.0	Employment and income (CV19)
urn:ddi:uk.cls.nextsteps:3032d053-47dd-471e-883e-346f09928d3f:1	Next_Steps_Age_30_COVID-19_Survey_-_Wave_2	urn:ddi:uk.cls.nextsteps:9a5798f0-8803-4a6f-a78d-b4ba3fde7041:1	PJDOBCHK	qi_PJDOBCHK	The answer you've given is quite short. Before continuing, please go back and check your answer to make sure you have fully described what your partner did in this job.		cs_qCON	1|Continue	d8091a5c-50db-4a52-919d-c9a529c1f7a7	uk.closer	11609.0	Employment and income (CV19)
urn:ddi:uk.cls.nextsteps:3032d053-47dd-471e-883e-346f09928d3f:1	Next_Steps_Age_30_COVID-19_Survey_-_Wave_2	urn:ddi:uk.cls.nextsteps:a093cd52-e781-46ca-bb84-5bc2537f675e:1	ECONACTIVITYB	qi_ECONACTIVITYB	Which of these best describes what you were doing just before the Coronavirus outbreak in March?		cs_qECONACTIVITYB	1|Employed. 2|Self-employed. 3|In unpaid/ voluntary work. 4|Apprenticeship. 5|Unemployed. 6|Permanently sick or disabled. 7|Looking after home or family. 8|In education at school/college/university. 9|Retired. 10|Doing something else. -8|Don't Know. -9|Don't want to answer	d8091a5c-50db-4a52-919d-c9a529c1f7a7	uk.closer	11609.0	Employment and income (CV19)
urn:ddi:uk.cls.nextsteps:3032d053-47dd-471e-883e-346f09928d3f:1	Next_Steps_Age_30_COVID-19_Survey_-_Wave_2	urn:ddi:uk.cls.nextsteps:a8d261b8-386c-442f-85a3-425fd698087a:1	TIMEUSE NEW(9)	qi_TIMEUSE_NEW_9	We would like to know about how you have been spending your time recently. How many hours have you been spending doing each of the following activities on a typical week day in the last two weeks?  Other leisure activities and hobbies (e.g. TV, gaming, reading, news, listening to music, gardening, online shopping, mealtime, relaxing)	We would like to know about how you have been spending your time recently. How many hours have you been spending doing each of the following activities on a typical week day in the last two weeks? Paid work		Hours in day F	d8091a5c-50db-4a52-919d-c9a529c1f7a7	uk.closer	11609.0	Employment and income (CV19)
urn:ddi:uk.cls.nextsteps:82b7a6c9-47ea-4ee5-98fb-4cd5958c4076:1	Next_Steps_Age_30_COVID-19_Survey_-_Wave_3	urn:ddi:uk.cls.nextsteps:ab9226da-38c3-42c5-aa59-d09c5aea2adc:1	GROAMB	qi_GROAMB	At the time of the outbreak of the Coronavirus in March 2020 was your monthly gross pay from your main job – that is before any deductions for tax, National Insurance, pension, union dues and so on...		cs_qGROAM	1|Less than £1200 per month. 2|£1200 or more per month, less than £1800 per month. 3|£1800 or more per month, less than £2400 per month. 4|£2400 or more per month, less than £3400 per month. 5|£3400 or more per month, less than £4600 per month. 6|More than £4600 per month. -8|Don't Know. -9|Don't want to answer	a33900e2-646c-4253-b055-86c3bb7649f9	uk.closer	11609.0	Employment and income (CV19)
urn:ddi:uk.cls.nextsteps:83ab13bb-90e6-40fe-8741-16cf36400450:4	Next_Steps_Age_30_COVID-19_Survey_-_Wave_1	urn:ddi:uk.cls.nextsteps:aea6301e-b6fb-4a14-b013-979d0ef0b5ab:1	Timeuse1 1	qi_Timeuse1_1	How many hours have you been spending doing each of the following activities on a typical week day since the Coronavirus outbreak began? Paid work ... Number of hours	Please round to the nearest hour.		Hours in day	34043abc-f9fc-4bbf-8642-977a809fd2f7	uk.closer	11609.0	Employment and income (CV19)
urn:ddi:uk.cls.nextsteps:3032d053-47dd-471e-883e-346f09928d3f:1	Next_Steps_Age_30_COVID-19_Survey_-_Wave_2	urn:ddi:uk.cls.nextsteps:aed5c39d-eef6-496c-af0e-362e7d7fae71:1	PECONACTIVITYD	qi_PECONACTIVITYD	Which of these would you say best describes your partner's situation now?		cs_qECONACTIVITYD	1|Employed and currently working (or on annual leave/holiday). 2|Employed but on paid leave (including furlough). 3|Employed and on unpaid leave. 4|Apprenticeship. 5|In unpaid/voluntary work. 6|Self-employed and currently working (or on holiday). 7|Self-employed but not currently working. 8|Unemployed. 9|Permanently sick or disabled. 10|Looking after home or family. 11|In education at school/college/university. 12|Retired. 13|Doing something else. -8|Don't Know. -9|Don't want to answer	d8091a5c-50db-4a52-919d-c9a529c1f7a7	uk.closer	11609.0	Employment and income (CV19)
urn:ddi:uk.cls.nextsteps:83ab13bb-90e6-40fe-8741-16cf36400450:4	Next_Steps_Age_30_COVID-19_Survey_-_Wave_1	urn:ddi:uk.cls.nextsteps:b0a4d10a-5604-499d-9e58-c5ebfd40735c:2	FINANCIALMAND	qi_FINANCIALMAND	Overall, how do you feel your current financial situation compares to before the Coronavirus outbreak?		cs_FINANCIALMAND	1|I'm much worse off. 2|I'm a little worse off. 3|I'm about the same. 4|I'm a little better off. 5|I'm much better off	34043abc-f9fc-4bbf-8642-977a809fd2f7	uk.closer	11609.0	Employment and income (CV19)
urn:ddi:uk.cls.nextsteps:82b7a6c9-47ea-4ee5-98fb-4cd5958c4076:1	Next_Steps_Age_30_COVID-19_Survey_-_Wave_3	urn:ddi:uk.cls.nextsteps:b296500d-f597-464f-adcc-2e3b1459926e:1	FINEXP	qi_FINEXP	In 12 months' time, how do you expect your financial situation will compare to before the Coronavirus outbreak in March 2020?		cs_qFINEXP	1|I will be much worse off. 2|I will be a little worse off. 3|I will be about the same. 4|I will be a little better off. 5|I will be much better off. -8|Don't Know. -9|Don't want to answer	a33900e2-646c-4253-b055-86c3bb7649f9	uk.closer	11609.0	Employment and income (CV19)
urn:ddi:uk.cls.nextsteps:3032d053-47dd-471e-883e-346f09928d3f:1	Next_Steps_Age_30_COVID-19_Survey_-_Wave_2	urn:ddi:uk.cls.nextsteps:b35fcb81-b135-432a-a23d-4da9818e0115:1	BENEFITD	qi_BENEFITD	Since the Coronavirus outbreak in March, have you (or your partner if you have one) made any new claims for the following?	Please select all that apply.	cs_qBENEFITD	1|Free school meals for children. 2|Universal credit. 3|Employment and Support Allowance. 4|Statutory sick pay. 5|Council tax support or reduction. 6|Carers allowance, Personal independence payments, or Disability Living Allowance. 7|New government financial support for self employed people. 8|No - none of these. -8|Don't Know. -9|Don't want to answer	d8091a5c-50db-4a52-919d-c9a529c1f7a7	uk.closer	11609.0	Employment and income (CV19)
urn:ddi:uk.cls.nextsteps:83ab13bb-90e6-40fe-8741-16cf36400450:4	Next_Steps_Age_30_COVID-19_Survey_-_Wave_1	urn:ddi:uk.cls.nextsteps:b4006bf7-ac08-4aee-a936-12c5a91f8702:1	JMAKESEB	qi_JMAKESEB	What did your firm or organisation mainly make or do?	 Please describe in detail (for example manufacturing, processing or distribution, goods produced, materials used, wholesale or retail).		Long text	34043abc-f9fc-4bbf-8642-977a809fd2f7	uk.closer	11609.0	Employment and income (CV19)
urn:ddi:uk.cls.nextsteps:82b7a6c9-47ea-4ee5-98fb-4cd5958c4076:1	Next_Steps_Age_30_COVID-19_Survey_-_Wave_3	urn:ddi:uk.cls.nextsteps:b40a2d71-3151-4fad-a905-60b4cc64e6f9:1	GROBANDB2	qi_GROBANDB2	Over which period would you most easily be able to tell us about your gross pay from your main job – that is before any deductions for tax, national insurance, pension union dues and so on at the time of the outbreak of the Coronavirus in March 2020?		cs_qGROBAND	1|Hourly. 2|Weekly. 3|Monthly. 4|Annually. -8|Don't Know. -9|Don't want to answer	a33900e2-646c-4253-b055-86c3bb7649f9	uk.closer	11609.0	Employment and income (CV19)
urn:ddi:uk.cls.nextsteps:82b7a6c9-47ea-4ee5-98fb-4cd5958c4076:1	Next_Steps_Age_30_COVID-19_Survey_-_Wave_3	urn:ddi:uk.cls.nextsteps:b6aa3ef2-f43a-42f3-a40a-72b8eec9329d:1	KEYWORKERD	qi_KEYWORKERD	Are you a Key worker, or has your work been classified as critical to the Covid- 19 response?		cs_Yes_No_DK_Dwta_UC	1|Yes. 2|No. -8|Don't Know. -9|Don't want to answer	a33900e2-646c-4253-b055-86c3bb7649f9	uk.closer	11609.0	Employment and income (CV19)
urn:ddi:uk.cls.nextsteps:82b7a6c9-47ea-4ee5-98fb-4cd5958c4076:1	Next_Steps_Age_30_COVID-19_Survey_-_Wave_3	urn:ddi:uk.cls.nextsteps:b849c28c-8bec-4d4d-9d8d-e2e406eb9ce4:1	GROAHB	qi_GROAHB	At the time of the outbreak of the Coronavirus in March 2020 was your hourly gross pay from your main job – that is before any deductions for tax, National Insurance, pension, union dues and so on...		cs_qGROAH	1|Less than £9 per hour. 2|£9 or more per hour, less than £12 per hour. 3|£12 or more per hour, less than £16 per hour. 4|£16 or more per hour, less than £23 per hour. 5|£23 or more per hour, less than £30 per hour. 6|More than £30 per hour. -8|Don't Know. -9|Don't want to answer	a33900e2-646c-4253-b055-86c3bb7649f9	uk.closer	11609.0	Employment and income (CV19)
urn:ddi:uk.cls.nextsteps:3032d053-47dd-471e-883e-346f09928d3f:1	Next_Steps_Age_30_COVID-19_Survey_-_Wave_2	urn:ddi:uk.cls.nextsteps:b8ea206a-ee6a-45c9-952a-89d084b74cab:1	FINEXP	qi_FINEXP	In 12 months' time, how do you expect your financial situation will compare to before the Coronavirus outbreak?		cs_qFINEXP	1|I will be much worse off. 2|I will be a little worse off. 3|I will be about the same. 4|I will be a little better off. 5|I will be much better off. -8|Don't Know. -9|Don't want to answer	d8091a5c-50db-4a52-919d-c9a529c1f7a7	uk.closer	11609.0	Employment and income (CV19)
urn:ddi:uk.cls.nextsteps:82b7a6c9-47ea-4ee5-98fb-4cd5958c4076:1	Next_Steps_Age_30_COVID-19_Survey_-_Wave_3	urn:ddi:uk.cls.nextsteps:be36c380-a4f8-49dd-8523-00e2d89b808a:1	HHINCY	qi_HHINCY	Is your { if HHNUMWH=1: and your partner's} take-home income from earnings, benefits and any other source of regular income, after tax and deductions?		cs_qHHINCY	1|Less than £10,000 per year. 2|£10,000 or more per year, less than £18,000 per year. 3|£18,000 or more per year, less than £26,000 per year. 4|£26,000 or more per year, less than £39,000 per year. 5|£39,000 or more per year, less than £52,000 per year. 6|More than £52,000 per year. -8|Don't Know. -9|Don't want to answer	a33900e2-646c-4253-b055-86c3bb7649f9	uk.closer	11609.0	Employment and income (CV19)
urn:ddi:uk.cls.nextsteps:83ab13bb-90e6-40fe-8741-16cf36400450:4	Next_Steps_Age_30_COVID-19_Survey_-_Wave_1	urn:ddi:uk.cls.nextsteps:c0ac37fe-3ad3-49be-853b-9e7add37cfae:1	WRKHOURSD	qi_WRKHOURSD	And how many hours per week do you usually work now, not including meal breaks but including overtime?			Hours in week	34043abc-f9fc-4bbf-8642-977a809fd2f7	uk.closer	11609.0	Employment and income (CV19)
urn:ddi:uk.cls.nextsteps:83ab13bb-90e6-40fe-8741-16cf36400450:4	Next_Steps_Age_30_COVID-19_Survey_-_Wave_1	urn:ddi:uk.cls.nextsteps:c2dad959-fb3b-4ed8-9442-6ac18a560581:1	JMAKEB	qi_JMAKEB	What did the firm or organisation you worked for mainly make or do?	Please describe in detail (for example manufacturing, processing or distribution, goods produced, materials used, wholesale or retail).		Long text	34043abc-f9fc-4bbf-8642-977a809fd2f7	uk.closer	11609.0	Employment and income (CV19)
urn:ddi:uk.cls.nextsteps:82b7a6c9-47ea-4ee5-98fb-4cd5958c4076:1	Next_Steps_Age_30_COVID-19_Survey_-_Wave_3	urn:ddi:uk.cls.nextsteps:c6b89409-2d51-4e9d-a1ef-077828417bde:1	GROPB2	qi_GROPB2	At the time of the outbreak of the Coronavirus in March 2020, how much was your GROSS pay, that is before any deductions for tax, national insurance, pension, union dues and so on? You can give an hourly, weekly, fortnightly, monthly or yearly amount. Please include in your gross pay any overtime, bonuses, commissions, tips or tax refunds. If you don't know the precise amount it would be very helpful if you could provide your best estimate. PERIOD		cs_qGROP	1|Hourly. 2|Weekly. 3|Fortnightly. 4|Monthly. 5|Annually. -8|Don't Know. -9|Don't want to answer	a33900e2-646c-4253-b055-86c3bb7649f9	uk.closer	11609.0	Employment and income (CV19)
urn:ddi:uk.cls.nextsteps:3032d053-47dd-471e-883e-346f09928d3f:1	Next_Steps_Age_30_COVID-19_Survey_-_Wave_2	urn:ddi:uk.cls.nextsteps:c8142ab7-6fcd-4b09-a481-f6cb668dfb69:1	FINHTY	qi_FINHTY	You said that you are worse off now compared to before the Coronavirus outbreak. Have you {if living with a partner: or your partner} done any of the following as a result of this?	Please select all that apply.	cs_qFINHTY	1|Reduced spending. 2|Used savings. 3|New borrowing from bank or credit card. 4|New borrowing from family and friends. 5|None of these. -8|Don't Know. -9|Don't want to answer	d8091a5c-50db-4a52-919d-c9a529c1f7a7	uk.closer	11609.0	Employment and income (CV19)
urn:ddi:uk.cls.nextsteps:82b7a6c9-47ea-4ee5-98fb-4cd5958c4076:1	Next_Steps_Age_30_COVID-19_Survey_-_Wave_3	urn:ddi:uk.cls.nextsteps:c8178001-652b-4157-8a60-f8ec72dff3bf:1	GROP	qi_GROP	In your main job how much is your GROSS pay, that is before any deductions for tax, national insurance, pension, union dues and so on? You can give an hourly, weekly, fortnightly, monthly or yearly amount. Please include in your gross pay any overtime, bonuses, commissions, tips or tax refunds. If you don't know the precise amount it would be very helpful if you could provide your best estimate PERIOD		cs_qGROP	1|Hourly. 2|Weekly. 3|Fortnightly. 4|Monthly. 5|Annually. -8|Don't Know. -9|Don't want to answer	a33900e2-646c-4253-b055-86c3bb7649f9	uk.closer	11609.0	Employment and income (CV19)
urn:ddi:uk.cls.nextsteps:3032d053-47dd-471e-883e-346f09928d3f:1	Next_Steps_Age_30_COVID-19_Survey_-_Wave_2	urn:ddi:uk.cls.nextsteps:cc4dd3f1-403c-44fc-8532-80ec91382a50:1	BENEFITOTH	qi_BENEFITOTH	Since the Coronavirus outbreak in March, have you used any of the following?	Please select all that apply.	cs_qBENEFITOTH	1|Mortgage or rent payment holidays. 2|Council tax payment holiday. 3|Other debt repayment or interest payment holidays. 4|No - none of these. -8|Don't Know. -9|Don't want to answer	d8091a5c-50db-4a52-919d-c9a529c1f7a7	uk.closer	11609.0	Employment and income (CV19)
urn:ddi:uk.cls.nextsteps:83ab13bb-90e6-40fe-8741-16cf36400450:4	Next_Steps_Age_30_COVID-19_Survey_-_Wave_1	urn:ddi:uk.cls.nextsteps:d07d048a-3d6e-4632-8a6f-1ac56c6b3222:2	KEYWORKEREDU	qi_KEYWORKEREDU	Are you a Key worker, or has your work been classified as critical to the Covid-19 response?		cs_KEYWORKEREDU	1|Yes. 2|No	34043abc-f9fc-4bbf-8642-977a809fd2f7	uk.closer	11609.0	Employment and income (CV19)
urn:ddi:uk.cls.nextsteps:83ab13bb-90e6-40fe-8741-16cf36400450:4	Next_Steps_Age_30_COVID-19_Survey_-_Wave_1	urn:ddi:uk.cls.nextsteps:d7e97a1f-244d-4565-ad47-cfd777a00997:2	ECONACTIVITYB	qi_ECONACTIVITYB	Which of these best describes what you were doing just before the Coronavirus outbreak? If you were doing more than one activity, please choose the activity that you spent most time doing.		cs_ECONACTIVITYB	1|Employed. 2|Self-employed. 3|In unpaid/ voluntary work. 4|Apprenticeship. 5|Unemployed. 6|Permanently sick or disabled. 7|Looking after home or family. 8|In education at school/college/university. 9|Retired. 10|Doing something else	34043abc-f9fc-4bbf-8642-977a809fd2f7	uk.closer	11609.0	Employment and income (CV19)
urn:ddi:uk.cls.nextsteps:3032d053-47dd-471e-883e-346f09928d3f:1	Next_Steps_Age_30_COVID-19_Survey_-_Wave_2	urn:ddi:uk.cls.nextsteps:d9888012-3425-4a58-a030-59da111d8fd5:1	TIMEUSE NEW(13)	qi_TIMEUSE_NEW_13	We would like to know about how you have been spending your time recently. How many hours have you been spending doing each of the following activities on a typical week day in the last two weeks? Shopping or essential appointments	You can enter whole hours (e.g. 1) or half hours (e.g. 1.5). Please round to the nearest half an hour. If you are not sure of the exact amount of time, please give your best estimate. If you have not typically spent any time doing an activity, or you have typically spent less than half an hour doing an activity please enter 0.		Hours in day F	d8091a5c-50db-4a52-919d-c9a529c1f7a7	uk.closer	11609.0	Employment and income (CV19)
urn:ddi:uk.cls.nextsteps:3032d053-47dd-471e-883e-346f09928d3f:1	Next_Steps_Age_30_COVID-19_Survey_-_Wave_2	urn:ddi:uk.cls.nextsteps:db83417c-90df-4ac0-9929-c6a41a9a98fe:1	JDOBCHK	qi_JDOBCHK	The answer you've given is quite short. Before continuing, please go back and check your answer to make sure you have fully described what you did in this job.		cs_Continue	1|Continue	d8091a5c-50db-4a52-919d-c9a529c1f7a7	uk.closer	11609.0	Employment and income (CV19)
urn:ddi:uk.cls.nextsteps:83ab13bb-90e6-40fe-8741-16cf36400450:4	Next_Steps_Age_30_COVID-19_Survey_-_Wave_1	urn:ddi:uk.cls.nextsteps:dcfa379b-7315-4a3b-aa70-b0fe53f9a7f6:2	FINANCIALMANB	qi_FINANCIALMANB	In the 3 months before the Coronavirus outbreak, how well would you say you personally were managing financially?		cs_FINANCIALMANB	1|Living comfortably. 2|Doing all right. 3|Just about getting by. 4|Finding it quite difficult. 5|Finding it very difficult	34043abc-f9fc-4bbf-8642-977a809fd2f7	uk.closer	11609.0	Employment and income (CV19)
urn:ddi:uk.cls.nextsteps:3032d053-47dd-471e-883e-346f09928d3f:1	Next_Steps_Age_30_COVID-19_Survey_-_Wave_2	urn:ddi:uk.cls.nextsteps:e163c386-0cc5-41f9-a013-9797fe8060d7:1	KEYWORKERD	qi_KEYWORKERD	Are you a Key worker, or has your work been classified as critical to the Covid-19 response?		cs_qCOVID_HOSPAD	1|Yes. 2|No. -8|Don't Know. -9|Don't want to answer	d8091a5c-50db-4a52-919d-c9a529c1f7a7	uk.closer	11609.0	Employment and income (CV19)
urn:ddi:uk.cls.nextsteps:3032d053-47dd-471e-883e-346f09928d3f:1	Next_Steps_Age_30_COVID-19_Survey_-_Wave_2	urn:ddi:uk.cls.nextsteps:e225d300-be75-4dec-8bac-ef68e564c2ae:1	PJDOB	qi_PJDOB	Please describe in your own words what your partner mainly did in this job. Please describe in detail (for example job title and the type of work).			Long text	d8091a5c-50db-4a52-919d-c9a529c1f7a7	uk.closer	11609.0	Employment and income (CV19)
urn:ddi:uk.cls.nextsteps:3032d053-47dd-471e-883e-346f09928d3f:1	Next_Steps_Age_30_COVID-19_Survey_-_Wave_2	urn:ddi:uk.cls.nextsteps:e2551bcf-343d-481b-9f2a-fc6f0de5fd1e:1	FINGIVB	qi_FINGIVB	Between March 2019 and March 2020, did you give financial help, in the form of money or by paying for goods (for example groceries, medicines) to any of the following?	Please select all that apply.	cs_qFINGIVB	1|Adult children, including in-laws. 2|Parents or grandparents, including in-laws. 3|Siblings. 4|Former spouse or partner. 5|Friends or Neighbours. 6|Someone else. 7|No - did not give financial help to anyone. -8|Don't Know. -9|Don't want to answer	d8091a5c-50db-4a52-919d-c9a529c1f7a7	uk.closer	11609.0	Employment and income (CV19)
urn:ddi:uk.cls.nextsteps:83ab13bb-90e6-40fe-8741-16cf36400450:4	Next_Steps_Age_30_COVID-19_Survey_-_Wave_1	urn:ddi:uk.cls.nextsteps:e2a819ae-1020-4d02-ad2b-18cef8de5a55:2	PECONACTIVITYB	qi_PECONACTIVITYB	Which of these best describes what your partner was doing just before the Coronavirus outbreak?	 If they were doing more than one activity, please choose the activity that they spent most time doing.	cs_PECONACTIVITYB	1|Employed. 2|Self-employed. 3|In unpaid/ voluntary work. 4|Apprenticeship. 5|Unemployed. 6|Permanently sick or disabled. 7|Looking after home or family. 8|In education at school/college/university. 9|Retired. 10|Doing something else	34043abc-f9fc-4bbf-8642-977a809fd2f7	uk.closer	11609.0	Employment and income (CV19)
urn:ddi:uk.cls.nextsteps:82b7a6c9-47ea-4ee5-98fb-4cd5958c4076:1	Next_Steps_Age_30_COVID-19_Survey_-_Wave_3	urn:ddi:uk.cls.nextsteps:e3b48187-5e76-44b4-a64a-e626865beee3:1	GROAB	qi_GROAB	At the time of the outbreak of the Coronavirus in March 2020, how much was your GROSS pay, that is before any deductions for tax, national insurance, pension, union dues and so on? You can give an hourly, weekly, fortnightly, monthly or yearly amount. Please include in your gross pay any overtime, bonuses, commissions, tips or tax refunds. If you don't know the precise amount it would be very helpful if you could provide your best estimate. AMOUNT £			Range: 0-1000000	a33900e2-646c-4253-b055-86c3bb7649f9	uk.closer	11609.0	Employment and income (CV19)
urn:ddi:uk.cls.nextsteps:3032d053-47dd-471e-883e-346f09928d3f:1	Next_Steps_Age_30_COVID-19_Survey_-_Wave_2	urn:ddi:uk.cls.nextsteps:e63b070a-7bcf-4317-bb4e-a8a1baa58c35:1	FINRECB	qi_FINRECB	Between March 2019 and March 2020, did you receive financial help, in the form of money or by paying for goods (for example groceries, medicines) from any of the following?	Please select all that apply.	cs_qFINRECB	1|Adult children, including in-laws. 2|Parents or grandparents, including in-laws. 3|Siblings. 4|Former spouse or partner. 5|Friends or Neighbours. 6|Someone else. 7|No - did not receive help from anyone. -8|Don't Know. -9|Don't want to answer	d8091a5c-50db-4a52-919d-c9a529c1f7a7	uk.closer	11609.0	Employment and income (CV19)
urn:ddi:uk.cls.nextsteps:82b7a6c9-47ea-4ee5-98fb-4cd5958c4076:1	Next_Steps_Age_30_COVID-19_Survey_-_Wave_3	urn:ddi:uk.cls.nextsteps:e643dd0a-3d1e-4097-9a02-229af3e4225f:1	HHINCM	qi_HHINCM	Is your { if HHNUMWH=1: and your partner's} take-home income from earnings, benefits and any other source of regular income, after tax and deductions?		cs_qHHINCM	1|Less than £800 per month. 2|£800 or more per month, less than £1400 per month. 3|£1400 or more per month, less than £2000 per month. 4|£2000 or more per month, less than £3000 per month. 5|£3000 or more per month, less than £4000 per month. 6|More than £4000 per month. -8|Don't Know. -9|Don't want to answer	a33900e2-646c-4253-b055-86c3bb7649f9	uk.closer	11609.0	Employment and income (CV19)
urn:ddi:uk.cls.nextsteps:82b7a6c9-47ea-4ee5-98fb-4cd5958c4076:1	Next_Steps_Age_30_COVID-19_Survey_-_Wave_3	urn:ddi:uk.cls.nextsteps:e97a1bb1-11c6-426f-8dfe-357200c9e3bb:1	HHINCPB	qi_HHINCPB	How much WAS your {IF HHNUMWH=1: and your partner's} take-home income from earnings, benefits and any other source of regular income, after tax and deductions at the time of the Coronavirus outbreak in March 2020? You can give a weekly, fortnightly, monthly or annual amount Period:	When answering this question please remember to include: All income from paid work All benefits and tax credits Income from investments, including interest on savings Rent from boarders, lodgers or sub-tenants/rent from other property Pensions Any financial help you receive from relatives or friends Any other regular sources of income If you don't know the precise amount it would be very helpful if you could provide your best estimate.	cs_qHHINCPB	1|Weekly. 2|Fortnightly. 3|Monthly. 4|Annually. -8|Don't Know. -9|Don't want to answer	a33900e2-646c-4253-b055-86c3bb7649f9	uk.closer	11609.0	Employment and income (CV19)
urn:ddi:uk.cls.nextsteps:83ab13bb-90e6-40fe-8741-16cf36400450:4	Next_Steps_Age_30_COVID-19_Survey_-_Wave_1	urn:ddi:uk.cls.nextsteps:ea008b3d-093a-44db-b4d6-6d6e7f651257:2	APPRENTYPE	qi_APPRENTYPE	Was this apprenticeship part of..?		cs_APPRENTYPE	1|A full time job. 2|Or a part time job. 3|Not part of any job	34043abc-f9fc-4bbf-8642-977a809fd2f7	uk.closer	11609.0	Employment and income (CV19)
urn:ddi:uk.cls.nextsteps:3032d053-47dd-471e-883e-346f09928d3f:1	Next_Steps_Age_30_COVID-19_Survey_-_Wave_2	urn:ddi:uk.cls.nextsteps:ea054d4c-be9b-4d24-8b1b-0c6ce31776e3:1	FINGIVCHAN	qi_FINGIVCHAN	Compared with before the Coronavirus outbreak in March, has the amount of financial help you have been giving since then ....?		cs_qFINGIVCHAN	1|Increased. 2|Decreased. 3|Stayed the same. -8|Don't Know. -9|Don't want to answer	d8091a5c-50db-4a52-919d-c9a529c1f7a7	uk.closer	11609.0	Employment and income (CV19)
urn:ddi:uk.cls.nextsteps:3032d053-47dd-471e-883e-346f09928d3f:1	Next_Steps_Age_30_COVID-19_Survey_-_Wave_2	urn:ddi:uk.cls.nextsteps:eb596696-ca13-4f4b-b08d-7907b65fa0b2:1	TIMEUSE NEW(7)	qi_TIMEUSE_NEW_7	We would like to know about how you have been spending your time recently. How many hours have you been spending doing each of the following activities on a typical week day in the last two weeks? Studying	You can enter whole hours (e.g. 1) or half hours (e.g. 1.5). Please round to the nearest half an hour. If you are not sure of the exact amount of time, please give your best estimate. If you have not typically spent any time doing an activity, or you have typically spent less than half an hour doing an activity please enter 0.		Hours in day F	d8091a5c-50db-4a52-919d-c9a529c1f7a7	uk.closer	11609.0	Employment and income (CV19)
urn:ddi:uk.cls.nextsteps:82b7a6c9-47ea-4ee5-98fb-4cd5958c4076:1	Next_Steps_Age_30_COVID-19_Survey_-_Wave_3	urn:ddi:uk.cls.nextsteps:ef1e86f5-12cd-4d72-b801-76918bb7ecba:1	HHINCA	qi_HHINCA	How much is your { if HHNUMWH=1: and your partner's} take-home income from earnings, benefits and any other source of regular income, after tax and deductions? You can give a weekly, fortnightly, monthly or annual amount. Amount: £	When answering this question please remember to include: All income from paid work All benefits and tax credits Income from investments, including interest on savings  Rent from boarders, lodgers or sub-tenants/rent from other property Pensions Any financial help you receive from relatives or friends Any regular sources of income If you don't know the precise amount it would be very helpful if you could provide your best estimate.		Range: 0-1000000	a33900e2-646c-4253-b055-86c3bb7649f9	uk.closer	11609.0	Employment and income (CV19)
urn:ddi:uk.cls.nextsteps:82b7a6c9-47ea-4ee5-98fb-4cd5958c4076:1	Next_Steps_Age_30_COVID-19_Survey_-_Wave_3	urn:ddi:uk.cls.nextsteps:f04c19e6-3781-45de-b382-2ef929bda79b:1	GROAH	qi_GROAH	Is your hourly gross pay from your main job – that is before any deductions for tax, National Insurance, pension, union dues and so on...		cs_qGROAH	1|Less than £9 per hour. 2|£9 or more per hour, less than £12 per hour. 3|£12 or more per hour, less than £16 per hour. 4|£16 or more per hour, less than £23 per hour. 5|£23 or more per hour, less than £30 per hour. 6|More than £30 per hour. -8|Don't Know. -9|Don't want to answer	a33900e2-646c-4253-b055-86c3bb7649f9	uk.closer	11609.0	Employment and income (CV19)
urn:ddi:uk.cls.nextsteps:83ab13bb-90e6-40fe-8741-16cf36400450:4	Next_Steps_Age_30_COVID-19_Survey_-_Wave_1	urn:ddi:uk.cls.nextsteps:f07d37fa-9574-4a01-8f2e-c9283fe9c405:2	BENEFITB	qi_BENEFITB	In the three months before the Coronavirus outbreak, have you (or your partner if you have one) received any of the following? 	Please select all that apply.	cs_BENEFITB	1|Free school meals. 2|Universal credit. 3|Pension credit. 4|Income support or Job Seeker's Allowance. 5|Working Tax Credit or Child Tax credit. 6|Employment and Support Allowance. 8|Statutory sick pay. 14|Housing benefit. 9|Council tax support or reduction. 11|Pension credit. 12|Carers allowance, Personal independence payments, or Disability Living Allowance. 13|No - none of these	34043abc-f9fc-4bbf-8642-977a809fd2f7	uk.closer	11609.0	Employment and income (CV19)
urn:ddi:uk.cls.nextsteps:3032d053-47dd-471e-883e-346f09928d3f:1	Next_Steps_Age_30_COVID-19_Survey_-_Wave_2	urn:ddi:uk.cls.nextsteps:f0f9f535-e01f-4f90-8ada-bb0e6efcdfe5:1	TIMEUSE NEW(11)	qi_TIMEUSE_NEW_11	We would like to know about how you have been spending your time recently. How many hours have you been spending doing each of the following activities on a typical week day in the last two weeks? Socialising with non-household members in person	You can enter whole hours (e.g. 1) or half hours (e.g. 1.5). Please round to the nearest half an hour. If you are not sure of the exact amount of time, please give your best estimate. If you have not typically spent any time doing an activity, or you have typically spent less than half an hour doing an activity please enter 0.		Hours in day F	d8091a5c-50db-4a52-919d-c9a529c1f7a7	uk.closer	11609.0	Employment and income (CV19)
urn:ddi:uk.cls.nextsteps:3032d053-47dd-471e-883e-346f09928d3f:1	Next_Steps_Age_30_COVID-19_Survey_-_Wave_2	urn:ddi:uk.cls.nextsteps:f44d7334-d71d-4a05-a9e5-f9ba6ff0b353:1	PJMAKESEB	qi_PJMAKESEB	What did your partner's firm or organisation mainly make or do? Please describe in detail (for example manufacturing, processing or distribution, goods produced, materials used, wholesale or retail.			Long text	d8091a5c-50db-4a52-919d-c9a529c1f7a7	uk.closer	11609.0	Employment and income (CV19)
urn:ddi:uk.cls.nextsteps:3032d053-47dd-471e-883e-346f09928d3f:1	Next_Steps_Age_30_COVID-19_Survey_-_Wave_2	urn:ddi:uk.cls.nextsteps:f562e010-ca2e-4ddf-8699-0ed188d6a95d:1	PWRKHOURSB	qi_PWRKHOURSB	How many hours per week did your partner usually work, not including meal breaks but including overtime?			Hours in week	d8091a5c-50db-4a52-919d-c9a529c1f7a7	uk.closer	11609.0	Employment and income (CV19)
urn:ddi:uk.cls.nextsteps:82b7a6c9-47ea-4ee5-98fb-4cd5958c4076:1	Next_Steps_Age_30_COVID-19_Survey_-_Wave_3	urn:ddi:uk.cls.nextsteps:f792c316-e78e-4218-a113-c8318243ddc0:1	JOBSATIS	qi_JOBSATIS	All things considered, how satisfied or dissatisfied are you with your present job overall?		cs_qJOBSATIS	1|Very satisfied. 2|Somewhat satisfied. 3|Neither satisfied nor dissatisfied. 4|Dissatisfied. 5|Very dissatisfied. -8|Don't Know. -9|Don't want to answer	a33900e2-646c-4253-b055-86c3bb7649f9	uk.closer	11609.0	Employment and income (CV19)
urn:ddi:uk.cls.nextsteps:83ab13bb-90e6-40fe-8741-16cf36400450:4	Next_Steps_Age_30_COVID-19_Survey_-_Wave_1	urn:ddi:uk.cls.nextsteps:f8888012-813a-40e5-9fa9-c975a3c4a10a:1	Timeuse1 11	qi_Timeuse1_11	How many hours have you been spending doing each of the following activities on a typical week day since the Coronavirus outbreak began? Travelling for work ... Number of hours	Please round to the nearest hour.		Hours in day	34043abc-f9fc-4bbf-8642-977a809fd2f7	uk.closer	11609.0	Employment and income (CV19)
urn:ddi:uk.cls.nextsteps:82b7a6c9-47ea-4ee5-98fb-4cd5958c4076:1	Next_Steps_Age_30_COVID-19_Survey_-_Wave_3	urn:ddi:uk.cls.nextsteps:fa16cf02-38a7-494a-9f25-6831fe42173c:1	BENEFITD	qi_BENEFITD	Since the Coronavirus outbreak in March 2020, have you {if living with a partner: or your partner} made any new claims for the following?	Please select all that apply.	cs_qBENEFITD	1|Free school meals for children. 2|Universal credit. 3|Employment and Support Allowance. 4|Statutory sick pay. 5|Council tax support or reduction. 6|Carers allowance, Personal independence payments, or Disability Living Allowance. 7|Coronavirus Self-Employment Income Support Scheme. 9|Test and trace support payment for those instructed to self-isolate. 8|No - none of these. -8|Don't Know. -9|Don't want to answer	a33900e2-646c-4253-b055-86c3bb7649f9	uk.closer	11609.0	Employment and income (CV19)
urn:ddi:uk.cls.nextsteps:82b7a6c9-47ea-4ee5-98fb-4cd5958c4076:1	Next_Steps_Age_30_COVID-19_Survey_-_Wave_3	urn:ddi:uk.cls.nextsteps:fbbd6477-8cdd-4b50-8d15-9d4979822ecc:1	GROAY	qi_GROAY	Is your annual gross pay from your main job – that is before any deductions for tax, National Insurance, pension, union dues and so on...		cs_qGROAY	1|Less than £16,000 per year. 2|£16,000 or more per year, less than £23,000 per year. 3|£23,000 or more per year, less than £31,000 per year. 4|£31,000 or more per year, less than £44,000 per year. 5|£44,000 or more per year, less than £60,000 per year. 6|More than £60,000 per year. -8|Don't Know. -9|Don't want to answer	a33900e2-646c-4253-b055-86c3bb7649f9	uk.closer	11609.0	Employment and income (CV19)
urn:ddi:uk.cls.nextsteps:3032d053-47dd-471e-883e-346f09928d3f:1	Next_Steps_Age_30_COVID-19_Survey_-_Wave_2	urn:ddi:uk.cls.nextsteps:fbffeb17-6afc-4f47-a756-fc2eabf97675:1	TIMEUSE NEW(4)	qi_TIMEUSE_NEW_4	We would like to know about how you have been spending your time recently. How many hours have you been spending doing each of the following activities on a typical week day in the last two weeks? Other interactive activities with children (e.g. reading to them, playing games with them, painting/drawing with them, doing puzzles together).	You can enter whole hours (e.g. 1) or half hours (e.g. 1.5). Please round to the nearest half an hour. If you are not sure of the exact amount of time, please give your best estimate. If you have not typically spent any time doing an activity, or you have typically spent less than half an hour doing an activity please enter 0.		Hours in day F	d8091a5c-50db-4a52-919d-c9a529c1f7a7	uk.closer	11609.0	Employment and income (CV19)
urn:ddi:uk.cls.nextsteps:3032d053-47dd-471e-883e-346f09928d3f:1	Next_Steps_Age_30_COVID-19_Survey_-_Wave_2	urn:ddi:uk.cls.nextsteps:fcbe1c09-74c3-4bf0-aa63-e8d158d4e466:1	WRKHOURSB	qi_WRKHOURSB	Still thinking about the job you were doing just before the Coronavirus outbreak in March, how many hours per week did you usually work, not including meal breaks but including overtime?			Hours in week	d8091a5c-50db-4a52-919d-c9a529c1f7a7	uk.closer	11609.0	Employment and income (CV19)
urn:ddi:uk.cls.nextsteps:3032d053-47dd-471e-883e-346f09928d3f:1	Next_Steps_Age_30_COVID-19_Survey_-_Wave_2	urn:ddi:uk.cls.nextsteps:fedc53d9-fa3c-4d11-aac5-bcdffa213dbb:1	PWRKHOURSDCHK	qi_PWRKHOURSDCHK	You have said that your partner works for 100 or more hours a week. If this is correct, select 'Continue'. Otherwise, please go back and amend your answer.		cs_Continue	1|Continue	d8091a5c-50db-4a52-919d-c9a529c1f7a7	uk.closer	11609.0	Employment and income (CV19)
urn:ddi:uk.cls.nextsteps:82b7a6c9-47ea-4ee5-98fb-4cd5958c4076:1	Next_Steps_Age_30_COVID-19_Survey_-_Wave_3	urn:ddi:uk.cls.nextsteps:2705436f-fb40-42f7-ab16-675aa777520d:1	GOVPAN	qi_GOVPAN	On a scale from 0 to 10, where 0 means 'very badly' and 10 means 'very well', how well would you say the Government has been handling the Coronavirus crisis since the outbreak in March 2020?		cs_qGOVPAN	1|0: Very badly. 2|1. 3|2. 4|3. 5|4. 6|5. 7|6. 8|7. 9|8. 10|9. 11|10: Very well. -8|Don't know. -9|Don't want to answer	d36dfd58-bf66-4a1c-8298-2e8426f04002	uk.closer	11610.0	Expectation, attitudes and beliefs (CV19)
urn:ddi:uk.cls.nextsteps:83ab13bb-90e6-40fe-8741-16cf36400450:4	Next_Steps_Age_30_COVID-19_Survey_-_Wave_1	urn:ddi:uk.cls.nextsteps:51073fc9-5e85-4fbf-aac6-fb5868a293e5:2	TRUSTPOLP	qi_TRUSTPOLP	On a scale from 0-10 where 0 means you are 'not at all trusting' and 10 means you are 'extremely trusting', how trusting are you that British Governments, of any party, place the needs of the nation above the needs of their own political party?		cs_TRUSTPOLP	1|Not at all trusting 0. 2|1. 3|2. 4|3. 5|4. 6|5. 7|6. 8|7. 9|8. 10|9. 11|Extremely trusting 10	e110b7c2-30fc-436b-a146-f3d1bb70f1d1	uk.closer	11610.0	Expectation, attitudes and beliefs (CV19)
urn:ddi:uk.cls.nextsteps:3032d053-47dd-471e-883e-346f09928d3f:1	Next_Steps_Age_30_COVID-19_Survey_-_Wave_2	urn:ddi:uk.cls.nextsteps:6aa72b2f-b48c-405e-8533-f12385e2066b:1	OPTMSM1 3(c)	qi_OPTMSM1_3_c	How much do you agree or disagree with each of the following statements? Overall, I expect more good things to happen to me than bad		cs_qOPTMSM1_3	1|Strongly disagree. 2|Disagree. 3|Neutral. 4|Agree. 5|Strongly agree. -8|Don't Know. -9|Don't want to answer	20918ea4-778e-487b-906e-0c9b46a43d4b	uk.closer	11610.0	Expectation, attitudes and beliefs (CV19)
urn:ddi:uk.cls.nextsteps:83ab13bb-90e6-40fe-8741-16cf36400450:4	Next_Steps_Age_30_COVID-19_Survey_-_Wave_1	urn:ddi:uk.cls.nextsteps:787c20a1-e95d-4073-8926-5d31d0649213:2	CVDCHNG 2	qi_CVDCHNG_2	Since the Coronavirus outbreak please indicate how the following have changed. The amount of trust I have in the Government		cs_CVDCHNG	1|More than before. 2|Same - no change. 3|Less than before	e110b7c2-30fc-436b-a146-f3d1bb70f1d1	uk.closer	11610.0	Expectation, attitudes and beliefs (CV19)
urn:ddi:uk.cls.nextsteps:3032d053-47dd-471e-883e-346f09928d3f:1	Next_Steps_Age_30_COVID-19_Survey_-_Wave_2	urn:ddi:uk.cls.nextsteps:79a1a8d4-5483-4c24-aa78-0db13302e95b:1	TRUSTPOLP	qi_TRUSTPOLP	On a scale from 0-10 where 0 means you are 'not at all trusting' and 10 means you are 'extremely trusting', how trusting are you that British Governments, of any party, place the needs of the nation above the needs of their own political party?		cs_qTRUST	1|0: Not at all trusting. 2|1. 3|2. 4|3. 5|4. 6|5. 7|6. 8|7. 9|8. 10|9. 11|10: Extremely trusting. -8|Don't Know. -9|Don't want to answer	20918ea4-778e-487b-906e-0c9b46a43d4b	uk.closer	11610.0	Expectation, attitudes and beliefs (CV19)
urn:ddi:uk.cls.nextsteps:83ab13bb-90e6-40fe-8741-16cf36400450:4	Next_Steps_Age_30_COVID-19_Survey_-_Wave_1	urn:ddi:uk.cls.nextsteps:a602d846-49c4-4ca8-8c02-208d1bf33f02:2	CVDCHNG 3	qi_CVDCHNG_3	Since the Coronavirus outbreak please indicate how the following have changed. The amount of trust I have in people in my local area		cs_CVDCHNG	1|More than before. 2|Same - no change. 3|Less than before	e110b7c2-30fc-436b-a146-f3d1bb70f1d1	uk.closer	11610.0	Expectation, attitudes and beliefs (CV19)
urn:ddi:uk.cls.nextsteps:83ab13bb-90e6-40fe-8741-16cf36400450:4	Next_Steps_Age_30_COVID-19_Survey_-_Wave_1	urn:ddi:uk.cls.nextsteps:bb673872-998d-44b0-ba1a-c88bdb9f9a37:2	TRUST	qi_TRUST	On a scale from 0-10 where 0 means you are 'not at all trusting' of other people and 10 means you are 'extremely trusting' of other people, how trusting of other people would you say you are?		cs_TRUST	1|Not at all trusting 0. 2|1. 3|2. 4|3. 5|4. 6|5. 7|6. 8|7. 9|8. 10|9. 11|Extremely trusting 10	e110b7c2-30fc-436b-a146-f3d1bb70f1d1	uk.closer	11610.0	Expectation, attitudes and beliefs (CV19)
urn:ddi:uk.cls.nextsteps:3032d053-47dd-471e-883e-346f09928d3f:1	Next_Steps_Age_30_COVID-19_Survey_-_Wave_2	urn:ddi:uk.cls.nextsteps:caf33ac5-91c5-4a71-8c7d-347194db4505:1	TRUST	qi_TRUST	On a scale from 0-10 where 0 means you are 'not at all trusting' of other people and 10 means you are 'extremely trusting' of other people, how trusting of other people would you say you are?		cs_qTRUST	1|0: Not at all trusting. 2|1. 3|2. 4|3. 5|4. 6|5. 7|6. 8|7. 9|8. 10|9. 11|10: Extremely trusting. -8|Don't Know. -9|Don't want to answer	20918ea4-778e-487b-906e-0c9b46a43d4b	uk.closer	11610.0	Expectation, attitudes and beliefs (CV19)
urn:ddi:uk.cls.nextsteps:3032d053-47dd-471e-883e-346f09928d3f:1	Next_Steps_Age_30_COVID-19_Survey_-_Wave_2	urn:ddi:uk.cls.nextsteps:ccccf466-13d0-4cc9-9df7-8920eabda8b0:1	OPTMSM1 3(a)	qi_OPTMSM1_3_a	How much do you agree or disagree with each of the following statements? In uncertain times, I usually expect the best		cs_qOPTMSM1_3	1|Strongly disagree. 2|Disagree. 3|Neutral. 4|Agree. 5|Strongly agree. -8|Don't Know. -9|Don't want to answer	20918ea4-778e-487b-906e-0c9b46a43d4b	uk.closer	11610.0	Expectation, attitudes and beliefs (CV19)
urn:ddi:uk.cls.nextsteps:3032d053-47dd-471e-883e-346f09928d3f:1	Next_Steps_Age_30_COVID-19_Survey_-_Wave_2	urn:ddi:uk.cls.nextsteps:da437202-ca37-42d4-ac18-f1d6a2ad744e:1	PATIENCE	qi_PATIENCE	On a scale from 0-10, where 0 is 'never' and 10 is 'always', how patient would you say you are?		cs_qRISK	1|0: Never. 2|1. 3|2. 4|3. 5|4. 6|5. 7|6. 8|7. 9|8. 10|9. 11|10: Always. -8|Don't Know. -9|Don't want to answer	20918ea4-778e-487b-906e-0c9b46a43d4b	uk.closer	11610.0	Expectation, attitudes and beliefs (CV19)
urn:ddi:uk.cls.nextsteps:3032d053-47dd-471e-883e-346f09928d3f:1	Next_Steps_Age_30_COVID-19_Survey_-_Wave_2	urn:ddi:uk.cls.nextsteps:f7601098-6c7e-4bc7-91b8-5e4ac2d5dbf9:1	OPTMSM1 3(b)	qi_OPTMSM1_3_b	How much do you agree or disagree with each of the following statements? I'm always optimistic about my future		cs_qOPTMSM1_3	1|Strongly disagree. 2|Disagree. 3|Neutral. 4|Agree. 5|Strongly agree. -8|Don't Know. -9|Don't want to answer	20918ea4-778e-487b-906e-0c9b46a43d4b	uk.closer	11610.0	Expectation, attitudes and beliefs (CV19)
urn:ddi:uk.cls.nextsteps:82b7a6c9-47ea-4ee5-98fb-4cd5958c4076:1	Next_Steps_Age_30_COVID-19_Survey_-_Wave_3	urn:ddi:uk.cls.nextsteps:0da1a9e7-fb01-4138-aa0f-a50545b3b4f6:1	LIFEEVENTS2 g	qi_LIFEEVENTS2_g	Please read each item carefully and then indicate whether or not each event has happened to you {IF FFCOVIDW2 = 2: “in the 12 months prior to the Coronavirus outbreak i.e. between March 2019 and March 2020 or since the Coronavirus outbreak in March 2020”} {IF FFCOVIDW2 = 1: “since the Coronavirus outbreak in March 2020”}. Have you had any major financial difficulties (e.g. debts, difficulty paying bills)?	IF FFCOVIDW2 = 2 Please select all that apply.	cs_qLIFEEVENTS1	1|{IF FFCOVIDW2 = 2} Yes in the 12 months before Coronavirus outbreak. 2|Yes since the Coronavirus outbreak. 3|No. -8|Don't Know. -9|Don't want to answer	e027e322-300e-4c18-b754-d6dbbbf689a1	uk.closer	11612.0	Life events (CV19)
urn:ddi:uk.cls.nextsteps:82b7a6c9-47ea-4ee5-98fb-4cd5958c4076:1	Next_Steps_Age_30_COVID-19_Survey_-_Wave_3	urn:ddi:uk.cls.nextsteps:1a8507d8-d0f6-4553-bbab-8d3c8c4b7a15:1	LIFEEVENTS2 i	qi_LIFEEVENTS2_i	Please read each item carefully and then indicate whether or not each event has happened to you {IF FFCOVIDW2 = 2: “in the 12 months prior to the Coronavirus outbreak i.e. between March 2019 and March 2020 or since the Coronavirus outbreak in March 2020”} {IF FFCOVIDW2 = 1: “since the Coronavirus outbreak in March 2020”}. {IF COHORTID =3,4 } Have you or your partner suffered from a miscarriage or had a stillbirth?	IF FFCOVIDW2 = 2 Please select all that apply.	cs_qLIFEEVENTS1	1|{IF FFCOVIDW2 = 2} Yes in the 12 months before Coronavirus outbreak. 2|Yes since the Coronavirus outbreak. 3|No. -8|Don't Know. -9|Don't want to answer	e027e322-300e-4c18-b754-d6dbbbf689a1	uk.closer	11612.0	Life events (CV19)
urn:ddi:uk.cls.nextsteps:3032d053-47dd-471e-883e-346f09928d3f:1	Next_Steps_Age_30_COVID-19_Survey_-_Wave_2	urn:ddi:uk.cls.nextsteps:276abcbf-ab46-49b1-893f-2efc23c9019d:1	LIFEEVENTS1 c	qi_LIFEEVENTS1_c	Please read each item carefully and then indicate whether or not each event has happened to you in the 12 months prior to the Coronavirus outbreak - i.e. between March 2019 and March 2020 or since the Coronavirus outbreak. Have you separated from your partner (not including death)?	Please select all that apply.	cs_qLIFEEVENTS	1|Yes - in the 12 months before Coronavirus outbreak. 2|Yes - since the Coronavirus outbreak. 3|No. -8|Don't Know. -9|Don't want to answer	ad9ac033-125d-4b95-9ca9-455e3962bc3d	uk.closer	11612.0	Life events (CV19)
urn:ddi:uk.cls.nextsteps:82b7a6c9-47ea-4ee5-98fb-4cd5958c4076:1	Next_Steps_Age_30_COVID-19_Survey_-_Wave_3	urn:ddi:uk.cls.nextsteps:2e338abb-c860-46a6-913f-59db760e3a4a:1	LIFEEVENTS1 e	qi_LIFEEVENTS1_e	Please read each item carefully and then indicate whether or not each event has happened to you {IF FFCOVIDW2 = 2 :” in the 12 months prior to the Coronavirus outbreak i.e. between March 2019 and March 2020 or since the Coronavirus outbreak in March 2020”} {IF FFCOVIDW2 = 1: “since the Coronavirus outbreak in March 2020”}. Have you or your partner given birth?	IF FFCOVIDW2 = 2 Please select all that apply.	cs_qLIFEEVENTS1	1|{IF FFCOVIDW2 = 2} Yes in the 12 months before Coronavirus outbreak. 2|Yes since the Coronavirus outbreak. 3|No. -8|Don't Know. -9|Don't want to answer	e027e322-300e-4c18-b754-d6dbbbf689a1	uk.closer	11612.0	Life events (CV19)
urn:ddi:uk.cls.nextsteps:3032d053-47dd-471e-883e-346f09928d3f:1	Next_Steps_Age_30_COVID-19_Survey_-_Wave_2	urn:ddi:uk.cls.nextsteps:2f1a807d-5d9c-4495-b7fb-66f3bc99ef90:1	LIFEEVENTS2 e	qi_LIFEEVENTS2_e	Please read each item carefully and then indicate whether or not each event has happened to you in the 12 months prior to the Coronavirus outbreak - i.e. between March 2019 and March 2020 or since the Coronavirus outbreak. Have you, or an immediate family member been subject to any abuse, attack or threat for another reason?	Please select all that apply.	cs_qLIFEEVENTS	1|Yes - in the 12 months before Coronavirus outbreak. 2|Yes - since the Coronavirus outbreak. 3|No. -8|Don't Know. -9|Don't want to answer	ad9ac033-125d-4b95-9ca9-455e3962bc3d	uk.closer	11612.0	Life events (CV19)
urn:ddi:uk.cls.nextsteps:82b7a6c9-47ea-4ee5-98fb-4cd5958c4076:1	Next_Steps_Age_30_COVID-19_Survey_-_Wave_3	urn:ddi:uk.cls.nextsteps:46b50dc8-d536-4105-87b7-9dcf0d6846d5:1	LIFEEVENTS2 j	qi_LIFEEVENTS2_j	Please read each item carefully and then indicate whether or not each event has happened to you {IF FFCOVIDW2 = 2: “in the 12 months prior to the Coronavirus outbreak i.e. between March 2019 and March 2020 or since the Coronavirus outbreak in March 2020”} {IF FFCOVIDW2 = 1: “since the Coronavirus outbreak in March 2020”}. {IF COHORTID =3,4} Have you or your partner had a termination?	IF FFCOVIDW2 = 2 Please select all that apply.	cs_qLIFEEVENTS1	1|{IF FFCOVIDW2 = 2} Yes in the 12 months before Coronavirus outbreak. 2|Yes since the Coronavirus outbreak. 3|No. -8|Don't Know. -9|Don't want to answer	e027e322-300e-4c18-b754-d6dbbbf689a1	uk.closer	11612.0	Life events (CV19)
urn:ddi:uk.cls.nextsteps:3032d053-47dd-471e-883e-346f09928d3f:1	Next_Steps_Age_30_COVID-19_Survey_-_Wave_2	urn:ddi:uk.cls.nextsteps:4cb9064e-0dde-4bfb-87ae-28dd367dffb3:1	LIFEEVENTS2 c	qi_LIFEEVENTS2_c	Please read each item carefully and then indicate whether or not each event has happened to you in the 12 months prior to the Coronavirus outbreak - i.e. between March 2019 and March 2020 or since the Coronavirus outbreak. Have any of your close friends or other close relatives been seriously ill or injured?	Please select all that apply.	cs_qLIFEEVENTS	1|Yes - in the 12 months before Coronavirus outbreak. 2|Yes - since the Coronavirus outbreak. 3|No. -8|Don't Know. -9|Don't want to answer	ad9ac033-125d-4b95-9ca9-455e3962bc3d	uk.closer	11612.0	Life events (CV19)
urn:ddi:uk.cls.nextsteps:3032d053-47dd-471e-883e-346f09928d3f:1	Next_Steps_Age_30_COVID-19_Survey_-_Wave_2	urn:ddi:uk.cls.nextsteps:508e5109-4525-48d3-bd13-26021010f580:1	MAJIMP	qi_MAJIMP	Have you experienced any other events that have had a major impact on your life since the outbreak of the Coronavirus in March?		cs_qCOVID_HOSPAD	1|Yes. 2|No. -8|Don't Know. -9|Don't want to answer	ad9ac033-125d-4b95-9ca9-455e3962bc3d	uk.closer	11612.0	Life events (CV19)
urn:ddi:uk.cls.nextsteps:82b7a6c9-47ea-4ee5-98fb-4cd5958c4076:1	Next_Steps_Age_30_COVID-19_Survey_-_Wave_3	urn:ddi:uk.cls.nextsteps:65188bd0-529b-43e7-813e-0d1ebe9a91e5:1	LIFEEVENTS1 c	qi_LIFEEVENTS1_c	Please read each item carefully and then indicate whether or not each event has happened to you {IF FFCOVIDW2 = 2 :” in the 12 months prior to the Coronavirus outbreak i.e. between March 2019 and March 2020 or since the Coronavirus outbreak in March 2020”} {IF FFCOVIDW2 = 1: “since the Coronavirus outbreak in March 2020”}. Have you separated from your partner (not including death)?	IF FFCOVIDW2 = 2 Please select all that apply.	cs_qLIFEEVENTS1	1|{IF FFCOVIDW2 = 2} Yes in the 12 months before Coronavirus outbreak. 2|Yes since the Coronavirus outbreak. 3|No. -8|Don't Know. -9|Don't want to answer	e027e322-300e-4c18-b754-d6dbbbf689a1	uk.closer	11612.0	Life events (CV19)
urn:ddi:uk.cls.nextsteps:82b7a6c9-47ea-4ee5-98fb-4cd5958c4076:1	Next_Steps_Age_30_COVID-19_Survey_-_Wave_3	urn:ddi:uk.cls.nextsteps:67c1f075-d10f-4667-9b2e-03c50dbe911d:1	LIFEEVENTS2 a	qi_LIFEEVENTS2_a	Please read each item carefully and then indicate whether or not each event has happened to you {IF FFCOVIDW2 = 2: “in the 12 months prior to the Coronavirus outbreak i.e. between March 2019 and March 2020 or since the Coronavirus outbreak in March 2020”} {IF FFCOVIDW2 = 1: “since the Coronavirus outbreak in March 2020”}. Have you had a serious illness or been seriously injured?	IF FFCOVIDW2 = 2 Please select all that apply.	cs_qLIFEEVENTS1	1|{IF FFCOVIDW2 = 2} Yes in the 12 months before Coronavirus outbreak. 2|Yes since the Coronavirus outbreak. 3|No. -8|Don't Know. -9|Don't want to answer	e027e322-300e-4c18-b754-d6dbbbf689a1	uk.closer	11612.0	Life events (CV19)
urn:ddi:uk.cls.nextsteps:82b7a6c9-47ea-4ee5-98fb-4cd5958c4076:1	Next_Steps_Age_30_COVID-19_Survey_-_Wave_3	urn:ddi:uk.cls.nextsteps:722303b7-5d0f-42a1-bf59-6f7f9be46f51:1	LIFEEVENTS1 d	qi_LIFEEVENTS1_d	Please read each item carefully and then indicate whether or not each event has happened to you {IF FFCOVIDW2 = 2 :” in the 12 months prior to the Coronavirus outbreak i.e. between March 2019 and March 2020 or since the Coronavirus outbreak in March 2020”} {IF FFCOVIDW2 = 1: “since the Coronavirus outbreak in March 2020”}. Have you or your partner been sacked from your job or made redundant?	IF FFCOVIDW2 = 2 Please select all that apply.	cs_qLIFEEVENTS1	1|{IF FFCOVIDW2 = 2} Yes in the 12 months before Coronavirus outbreak. 2|Yes since the Coronavirus outbreak. 3|No. -8|Don't Know. -9|Don't want to answer	e027e322-300e-4c18-b754-d6dbbbf689a1	uk.closer	11612.0	Life events (CV19)
urn:ddi:uk.cls.nextsteps:82b7a6c9-47ea-4ee5-98fb-4cd5958c4076:1	Next_Steps_Age_30_COVID-19_Survey_-_Wave_3	urn:ddi:uk.cls.nextsteps:82d286d8-7f48-4ee3-abad-c1497df9d0cf:1	LIFEEVENTS2 b	qi_LIFEEVENTS2_b	Please read each item carefully and then indicate whether or not each event has happened to you {IF FFCOVIDW2 = 2: “in the 12 months prior to the Coronavirus outbreak i.e. between March 2019 and March 2020 or since the Coronavirus outbreak in March 2020”} {IF FFCOVIDW2 = 1: “since the Coronavirus outbreak in March 2020”}. Has one of your immediate family been seriously ill or injured?	IF FFCOVIDW2 = 2 Please select all that apply.	cs_qLIFEEVENTS1	1|{IF FFCOVIDW2 = 2} Yes in the 12 months before Coronavirus outbreak. 2|Yes since the Coronavirus outbreak. 3|No. -8|Don't Know. -9|Don't want to answer	e027e322-300e-4c18-b754-d6dbbbf689a1	uk.closer	11612.0	Life events (CV19)
urn:ddi:uk.cls.nextsteps:82b7a6c9-47ea-4ee5-98fb-4cd5958c4076:1	Next_Steps_Age_30_COVID-19_Survey_-_Wave_3	urn:ddi:uk.cls.nextsteps:86e49cab-1b87-49b0-8a84-6cf56dc51208:1	LIFEEVENTS2 e	qi_LIFEEVENTS2_e	Please read each item carefully and then indicate whether or not each event has happened to you {IF FFCOVIDW2 = 2: “in the 12 months prior to the Coronavirus outbreak i.e. between March 2019 and March 2020 or since the Coronavirus outbreak in March 2020”} {IF FFCOVIDW2 = 1: “since the Coronavirus outbreak in March 2020”}. Have you, or an immediate family member been subject to any abuse, attack or threat for another reason?	IF FFCOVIDW2 = 2 Please select all that apply.	cs_qLIFEEVENTS1	1|{IF FFCOVIDW2 = 2} Yes in the 12 months before Coronavirus outbreak. 2|Yes since the Coronavirus outbreak. 3|No. -8|Don't Know. -9|Don't want to answer	e027e322-300e-4c18-b754-d6dbbbf689a1	uk.closer	11612.0	Life events (CV19)
urn:ddi:uk.cls.nextsteps:82b7a6c9-47ea-4ee5-98fb-4cd5958c4076:1	Next_Steps_Age_30_COVID-19_Survey_-_Wave_3	urn:ddi:uk.cls.nextsteps:96610957-3b03-4c07-afdd-2f6141553cd5:1	LIFEEVENTS2 c	qi_LIFEEVENTS2_c	Please read each item carefully and then indicate whether or not each event has happened to you {IF FFCOVIDW2 = 2: “in the 12 months prior to the Coronavirus outbreak i.e. between March 2019 and March 2020 or since the Coronavirus outbreak in March 2020”} {IF FFCOVIDW2 = 1: “since the Coronavirus outbreak in March 2020”}. Have any of your close friends or other close relatives been seriously ill or injured?	IF FFCOVIDW2 = 2 Please select all that apply.	cs_qLIFEEVENTS1	1|{IF FFCOVIDW2 = 2} Yes in the 12 months before Coronavirus outbreak. 2|Yes since the Coronavirus outbreak. 3|No. -8|Don't Know. -9|Don't want to answer	e027e322-300e-4c18-b754-d6dbbbf689a1	uk.closer	11612.0	Life events (CV19)
urn:ddi:uk.cls.nextsteps:3032d053-47dd-471e-883e-346f09928d3f:1	Next_Steps_Age_30_COVID-19_Survey_-_Wave_2	urn:ddi:uk.cls.nextsteps:98755520-45b7-48f3-ba92-8bd2151bcafb:1	LIFEEVENTS1 b	qi_LIFEEVENTS1_b	Please read each item carefully and then indicate whether or not each event has happened to you in the 12 months prior to the Coronavirus outbreak - i.e. between March 2019 and March 2020 or since the Coronavirus outbreak. Have any of your other close relatives or close friends died?	Please select all that apply.	cs_qLIFEEVENTS	1|Yes - in the 12 months before Coronavirus outbreak. 2|Yes - since the Coronavirus outbreak. 3|No. -8|Don't Know. -9|Don't want to answer	ad9ac033-125d-4b95-9ca9-455e3962bc3d	uk.closer	11612.0	Life events (CV19)
urn:ddi:uk.cls.nextsteps:3032d053-47dd-471e-883e-346f09928d3f:1	Next_Steps_Age_30_COVID-19_Survey_-_Wave_2	urn:ddi:uk.cls.nextsteps:98878202-413a-4c8c-812b-9488675e0b5e:1	LIFEEVENTS1 e	qi_LIFEEVENTS1_e	Please read each item carefully and then indicate whether or not each event has happened to you in the 12 months prior to the Coronavirus outbreak - i.e. between March 2019 and March 2020 or since the Coronavirus outbreak. Have you or your partner given birth?	Please select all that apply.	cs_qLIFEEVENTS	1|Yes - in the 12 months before Coronavirus outbreak. 2|Yes - since the Coronavirus outbreak. 3|No. -8|Don't Know. -9|Don't want to answer	ad9ac033-125d-4b95-9ca9-455e3962bc3d	uk.closer	11612.0	Life events (CV19)
urn:ddi:uk.cls.nextsteps:82b7a6c9-47ea-4ee5-98fb-4cd5958c4076:1	Next_Steps_Age_30_COVID-19_Survey_-_Wave_3	urn:ddi:uk.cls.nextsteps:a0c136fc-0163-488f-807e-226a469378a0:1	LIFEEVENTS1 a	qi_LIFEEVENTS1_a	Please read each item carefully and then indicate whether or not each event has happened to you {IF FFCOVIDW2 = 2 :” in the 12 months prior to the Coronavirus outbreak i.e. between March 2019 and March 2020 or since the Coronavirus outbreak in March 2020”} {IF FFCOVIDW2 = 1: “since the Coronavirus outbreak in March 2020”}. Have any of your immediate family died?	IF FFCOVIDW2 = 2 Please select all that apply.	cs_qLIFEEVENTS1	1|{IF FFCOVIDW2 = 2} Yes in the 12 months before Coronavirus outbreak. 2|Yes since the Coronavirus outbreak. 3|No. -8|Don't Know. -9|Don't want to answer	e027e322-300e-4c18-b754-d6dbbbf689a1	uk.closer	11612.0	Life events (CV19)
urn:ddi:uk.cls.nextsteps:3032d053-47dd-471e-883e-346f09928d3f:1	Next_Steps_Age_30_COVID-19_Survey_-_Wave_2	urn:ddi:uk.cls.nextsteps:ab400d21-e8f7-4f1f-b912-f7baa8a9bbc7:1	LIFEEVENTS2 d	qi_LIFEEVENTS2_d	Please read each item carefully and then indicate whether or not each event has happened to you in the 12 months prior to the Coronavirus outbreak - i.e. between March 2019 and March 2020 or since the Coronavirus outbreak. Have you, or an immediate family member been subject to any abuse, attack or threat because of race?	Please select all that apply.	cs_qLIFEEVENTS	1|Yes - in the 12 months before Coronavirus outbreak. 2|Yes - since the Coronavirus outbreak. 3|No. -8|Don't Know. -9|Don't want to answer	ad9ac033-125d-4b95-9ca9-455e3962bc3d	uk.closer	11612.0	Life events (CV19)
urn:ddi:uk.cls.nextsteps:82b7a6c9-47ea-4ee5-98fb-4cd5958c4076:1	Next_Steps_Age_30_COVID-19_Survey_-_Wave_3	urn:ddi:uk.cls.nextsteps:aeedad70-0918-4fc0-b9b5-731769fde8c8:1	LIFEEVENTS1 b	qi_LIFEEVENTS1_b	Please read each item carefully and then indicate whether or not each event has happened to you {IF FFCOVIDW2 = 2 :” in the 12 months prior to the Coronavirus outbreak i.e. between March 2019 and March 2020 or since the Coronavirus outbreak in March 2020”} {IF FFCOVIDW2 = 1: “since the Coronavirus outbreak in March 2020”}. Have any of your other close relatives or close friends died?	IF FFCOVIDW2 = 2 Please select all that apply.	cs_qLIFEEVENTS1	1|{IF FFCOVIDW2 = 2} Yes in the 12 months before Coronavirus outbreak. 2|Yes since the Coronavirus outbreak. 3|No. -8|Don't Know. -9|Don't want to answer	e027e322-300e-4c18-b754-d6dbbbf689a1	uk.closer	11612.0	Life events (CV19)
urn:ddi:uk.cls.nextsteps:82b7a6c9-47ea-4ee5-98fb-4cd5958c4076:1	Next_Steps_Age_30_COVID-19_Survey_-_Wave_3	urn:ddi:uk.cls.nextsteps:b463d7e3-38d5-4f2b-bfd2-a6b91a1dcbff:1	LIFEEVENTS1 f	qi_LIFEEVENTS1_f	Please read each item carefully and then indicate whether or not each event has happened to you {IF FFCOVIDW2 = 2 :” in the 12 months prior to the Coronavirus outbreak i.e. between March 2019 and March 2020 or since the Coronavirus outbreak in March 2020”} {IF FFCOVIDW2 = 1: “since the Coronavirus outbreak in March 2020”}. Have you had any serious housing difficulties such as being evicted?	IF FFCOVIDW2 = 2 Please select all that apply.	cs_qLIFEEVENTS1	1|{IF FFCOVIDW2 = 2} Yes in the 12 months before Coronavirus outbreak. 2|Yes since the Coronavirus outbreak. 3|No. -8|Don't Know. -9|Don't want to answer	e027e322-300e-4c18-b754-d6dbbbf689a1	uk.closer	11612.0	Life events (CV19)
urn:ddi:uk.cls.nextsteps:3032d053-47dd-471e-883e-346f09928d3f:1	Next_Steps_Age_30_COVID-19_Survey_-_Wave_2	urn:ddi:uk.cls.nextsteps:b6feefce-7fbd-48c8-9b05-09e17e3c96df:1	LIFEEVENTS2 f	qi_LIFEEVENTS2_f	Please read each item carefully and then indicate whether or not each event has happened to you in the 12 months prior to the Coronavirus outbreak - i.e. between March 2019 and March 2020 or since the Coronavirus outbreak. Have you or your partner been unemployed or seeking work for more than one month?	Please select all that apply.	cs_qLIFEEVENTS	1|Yes - in the 12 months before Coronavirus outbreak. 2|Yes - since the Coronavirus outbreak. 3|No. -8|Don't Know. -9|Don't want to answer	ad9ac033-125d-4b95-9ca9-455e3962bc3d	uk.closer	11612.0	Life events (CV19)
urn:ddi:uk.cls.nextsteps:3032d053-47dd-471e-883e-346f09928d3f:1	Next_Steps_Age_30_COVID-19_Survey_-_Wave_2	urn:ddi:uk.cls.nextsteps:c948d5bb-c5b2-417c-883c-c376f9e5501d:1	LIFEEVENTS2 a	qi_LIFEEVENTS2_a	Please read each item carefully and then indicate whether or not each event has happened to you in the 12 months prior to the Coronavirus outbreak - i.e. between March 2019 and March 2020 or since the Coronavirus outbreak. Have you had a serious illness or been seriously injured?	Please select all that apply.	cs_qLIFEEVENTS	1|Yes - in the 12 months before Coronavirus outbreak. 2|Yes - since the Coronavirus outbreak. 3|No. -8|Don't Know. -9|Don't want to answer	ad9ac033-125d-4b95-9ca9-455e3962bc3d	uk.closer	11612.0	Life events (CV19)
urn:ddi:uk.cls.nextsteps:3032d053-47dd-471e-883e-346f09928d3f:1	Next_Steps_Age_30_COVID-19_Survey_-_Wave_2	urn:ddi:uk.cls.nextsteps:cc506e32-1c41-4639-9153-0eec8084fcd3:1	LIFEEVENTS2 b	qi_LIFEEVENTS2_b	Please read each item carefully and then indicate whether or not each event has happened to you in the 12 months prior to the Coronavirus outbreak - i.e. between March 2019 and March 2020 or since the Coronavirus outbreak. Has one of your immediate family been seriously ill or injured?	Please select all that apply.	cs_qLIFEEVENTS	1|Yes - in the 12 months before Coronavirus outbreak. 2|Yes - since the Coronavirus outbreak. 3|No. -8|Don't Know. -9|Don't want to answer	ad9ac033-125d-4b95-9ca9-455e3962bc3d	uk.closer	11612.0	Life events (CV19)
urn:ddi:uk.cls.nextsteps:3032d053-47dd-471e-883e-346f09928d3f:1	Next_Steps_Age_30_COVID-19_Survey_-_Wave_2	urn:ddi:uk.cls.nextsteps:ccd9a66e-7031-4c02-89bc-842377c2b58e:1	LIFEEVENTS1 f	qi_LIFEEVENTS1_f	Please read each item carefully and then indicate whether or not each event has happened to you in the 12 months prior to the Coronavirus outbreak - i.e.  between March 2019 and March 2020 or since the Coronavirus outbreak. Have you had any serious housing difficulties such as being evicted?		cs_qLIFEEVENTS	1|Yes - in the 12 months before Coronavirus outbreak. 2|Yes - since the Coronavirus outbreak. 3|No. -8|Don't Know. -9|Don't want to answer	ad9ac033-125d-4b95-9ca9-455e3962bc3d	uk.closer	11612.0	Life events (CV19)
urn:ddi:uk.cls.nextsteps:3032d053-47dd-471e-883e-346f09928d3f:1	Next_Steps_Age_30_COVID-19_Survey_-_Wave_2	urn:ddi:uk.cls.nextsteps:d04c1298-4d71-4a07-90d0-083912865dd1:1	LIFEEVENTS2 i	qi_LIFEEVENTS2_i	Please read each item carefully and then indicate whether or not each event has happened to you in the 12 months prior to the Coronavirus outbreak - i.e. between March 2019 and March 2020 or since the Coronavirus outbreak. Have you or your partner suffered from a miscarriage or had a stillbirth?	Please select all that apply.	cs_qLIFEEVENTS	1|Yes - in the 12 months before Coronavirus outbreak. 2|Yes - since the Coronavirus outbreak. 3|No. -8|Don't Know. -9|Don't want to answer	ad9ac033-125d-4b95-9ca9-455e3962bc3d	uk.closer	11612.0	Life events (CV19)
urn:ddi:uk.cls.nextsteps:82b7a6c9-47ea-4ee5-98fb-4cd5958c4076:1	Next_Steps_Age_30_COVID-19_Survey_-_Wave_3	urn:ddi:uk.cls.nextsteps:d9fbda09-3d9a-463e-bfdc-7365a97060df:1	LIFEEVENTS2 d	qi_LIFEEVENTS2_d	Please read each item carefully and then indicate whether or not each event has happened to you {IF FFCOVIDW2 = 2: “in the 12 months prior to the Coronavirus outbreak i.e. between March 2019 and March 2020 or since the Coronavirus outbreak in March 2020”} {IF FFCOVIDW2 = 1: “since the Coronavirus outbreak in March 2020”}. Have you, or an immediate family member been subject to any abuse, attack or threat because of race? 	IF FFCOVIDW2 = 2 Please select all that apply.	cs_qLIFEEVENTS1	1|{IF FFCOVIDW2 = 2} Yes in the 12 months before Coronavirus outbreak. 2|Yes since the Coronavirus outbreak. 3|No. -8|Don't Know. -9|Don't want to answer	e027e322-300e-4c18-b754-d6dbbbf689a1	uk.closer	11612.0	Life events (CV19)
urn:ddi:uk.cls.nextsteps:3032d053-47dd-471e-883e-346f09928d3f:1	Next_Steps_Age_30_COVID-19_Survey_-_Wave_2	urn:ddi:uk.cls.nextsteps:dbf5b824-cd3e-4291-8483-065cad8f23a8:1	LIFEEVENTS2 h	qi_LIFEEVENTS2_h	Please read each item carefully and then indicate whether or not each event has happened to you in the 12 months prior to the Coronavirus outbreak - i.e. between March 2019 and March 2020 or since the Coronavirus outbreak. Have you or an immediate member of your family been a victim of crime?	Please select all that apply.	cs_qLIFEEVENTS	1|Yes - in the 12 months before Coronavirus outbreak. 2|Yes - since the Coronavirus outbreak. 3|No. -8|Don't Know. -9|Don't want to answer	ad9ac033-125d-4b95-9ca9-455e3962bc3d	uk.closer	11612.0	Life events (CV19)
urn:ddi:uk.cls.nextsteps:82b7a6c9-47ea-4ee5-98fb-4cd5958c4076:1	Next_Steps_Age_30_COVID-19_Survey_-_Wave_3	urn:ddi:uk.cls.nextsteps:e14a6249-26f8-4682-b0da-a087a0569c2b:1	LIFEEVENTS2 f	qi_LIFEEVENTS2_f	Please read each item carefully and then indicate whether or not each event has happened to you {IF FFCOVIDW2 = 2: “in the 12 months prior to the Coronavirus outbreak i.e. between March 2019 and March 2020 or since the Coronavirus outbreak in March 2020”} {IF FFCOVIDW2 = 1: “since the Coronavirus outbreak in March 2020”}. Have you or your partner been unemployed or seeking work for more than one month?	IF FFCOVIDW2 = 2 Please select all that apply.	cs_qLIFEEVENTS1	1|{IF FFCOVIDW2 = 2} Yes in the 12 months before Coronavirus outbreak. 2|Yes since the Coronavirus outbreak. 3|No. -8|Don't Know. -9|Don't want to answer	e027e322-300e-4c18-b754-d6dbbbf689a1	uk.closer	11612.0	Life events (CV19)
urn:ddi:uk.cls.nextsteps:3032d053-47dd-471e-883e-346f09928d3f:1	Next_Steps_Age_30_COVID-19_Survey_-_Wave_2	urn:ddi:uk.cls.nextsteps:e419709d-1149-400a-9840-11bceb36821d:1	LIFEEVENTS1 d	qi_LIFEEVENTS1_d	Please read each item carefully and then indicate whether or not each event has happened to you in the 12 months prior to the Coronavirus outbreak - i.e. between March 2019 and March 2020 or since the Coronavirus outbreak. Have you or your partner been sacked from your job or made redundant?	Please select all that apply.	cs_qLIFEEVENTS	1|Yes - in the 12 months before Coronavirus outbreak. 2|Yes - since the Coronavirus outbreak. 3|No. -8|Don't Know. -9|Don't want to answer	ad9ac033-125d-4b95-9ca9-455e3962bc3d	uk.closer	11612.0	Life events (CV19)
urn:ddi:uk.cls.nextsteps:3032d053-47dd-471e-883e-346f09928d3f:1	Next_Steps_Age_30_COVID-19_Survey_-_Wave_2	urn:ddi:uk.cls.nextsteps:e6587f7c-d4ba-48a6-8a4a-bb0fcf37bbed:1	MAJIMPOTH	qi_MAJIMPOTH	Please describe what has happened to you.			Other	ad9ac033-125d-4b95-9ca9-455e3962bc3d	uk.closer	11612.0	Life events (CV19)
urn:ddi:uk.cls.nextsteps:3032d053-47dd-471e-883e-346f09928d3f:1	Next_Steps_Age_30_COVID-19_Survey_-_Wave_2	urn:ddi:uk.cls.nextsteps:e7bfd132-4aea-4375-8250-0306f580be65:1	LIFEEVENTS2 g	qi_LIFEEVENTS2_g	Please read each item carefully and then indicate whether or not each event has happened to you in the 12 months prior to the Coronavirus outbreak - i.e. between March 2019 and March 2020 or since the Coronavirus outbreak. Have you had any major financial difficulties (e.g. debts, difficulty paying bills)?	Please select all that apply.	cs_qLIFEEVENTS	1|Yes - in the 12 months before Coronavirus outbreak. 2|Yes - since the Coronavirus outbreak. 3|No. -8|Don't Know. -9|Don't want to answer	ad9ac033-125d-4b95-9ca9-455e3962bc3d	uk.closer	11612.0	Life events (CV19)
urn:ddi:uk.cls.nextsteps:3032d053-47dd-471e-883e-346f09928d3f:1	Next_Steps_Age_30_COVID-19_Survey_-_Wave_2	urn:ddi:uk.cls.nextsteps:ed0c6fe9-afeb-4855-b7f6-ae1441872263:1	LIFEEVENTS2 j	qi_LIFEEVENTS2_j	Please read each item carefully and then indicate whether or not each event has happened to you in the 12 months prior to the Coronavirus outbreak - i.e. between March 2019 and March 2020 or since the Coronavirus outbreak. Have you or your partner had a termination?	Please select all that apply.	cs_qLIFEEVENTS	1|Yes - in the 12 months before Coronavirus outbreak. 2|Yes - since the Coronavirus outbreak. 3|No. -8|Don't Know. -9|Don't want to answer	ad9ac033-125d-4b95-9ca9-455e3962bc3d	uk.closer	11612.0	Life events (CV19)
urn:ddi:uk.cls.nextsteps:82b7a6c9-47ea-4ee5-98fb-4cd5958c4076:1	Next_Steps_Age_30_COVID-19_Survey_-_Wave_3	urn:ddi:uk.cls.nextsteps:f0aa7384-c8b1-45d4-9331-faa7a217cce0:1	LIFEEVENTS2 h	qi_LIFEEVENTS2_h	Please read each item carefully and then indicate whether or not each event has happened to you {IF FFCOVIDW2 = 2: “in the 12 months prior to the Coronavirus outbreak i.e. between March 2019 and March 2020 or since the Coronavirus outbreak in March 2020”} {IF FFCOVIDW2 = 1: “since the Coronavirus outbreak in March 2020”}. Have you or an immediate member of your family been a victim of crime?	IF FFCOVIDW2 = 2 Please select all that apply.	cs_qLIFEEVENTS1	1|{IF FFCOVIDW2 = 2} Yes in the 12 months before Coronavirus outbreak. 2|Yes since the Coronavirus outbreak. 3|No. -8|Don't Know. -9|Don't want to answer	e027e322-300e-4c18-b754-d6dbbbf689a1	uk.closer	11612.0	Life events (CV19)
urn:ddi:uk.cls.nextsteps:3032d053-47dd-471e-883e-346f09928d3f:1	Next_Steps_Age_30_COVID-19_Survey_-_Wave_2	urn:ddi:uk.cls.nextsteps:f673adc9-7a8c-4517-9d1c-da314ea7d0e7:1	LIFEEVENTS1 a	qi_LIFEEVENTS1_a	Please read each item carefully and then indicate whether or not each event has happened to you in the 12 months prior to the Coronavirus outbreak - i.e. between March 2019 and March 2020 or since the Coronavirus outbreak. Have any of your immediate family died?	Please select all that apply.	cs_qLIFEEVENTS	1|Yes - in the 12 months before Coronavirus outbreak. 2|Yes - since the Coronavirus outbreak. 3|No. -8|Don't Know. -9|Don't want to answer	ad9ac033-125d-4b95-9ca9-455e3962bc3d	uk.closer	11612.0	Life events (CV19)
urn:ddi:uk.cls.nextsteps:83ab13bb-90e6-40fe-8741-16cf36400450:4	Next_Steps_Age_30_COVID-19_Survey_-_Wave_1	urn:ddi:uk.cls.nextsteps:a836e5a5-d1e3-43e6-ac4a-3b47c0612721:1	PREDUE	qi_PREDUE	How many weeks pregnant are you/is she?			How many	39f830a5-78d8-4e60-8f2b-de4ab4655aea	uk.closer	11614.0	Pregnancy (CV19)
urn:ddi:uk.cls.nextsteps:3032d053-47dd-471e-883e-346f09928d3f:1	Next_Steps_Age_30_COVID-19_Survey_-_Wave_2	urn:ddi:uk.cls.nextsteps:d0f3cd57-49da-4ecb-999d-1bc72281c86f:1	PREDUE	qi_PREDUE	How many weeks pregnant are you/is she?			How many I	e3f05f1a-96bf-49c7-b2b8-03bb9a2a0dae	uk.closer	11614.0	Pregnancy (CV19)
urn:ddi:uk.cls.nextsteps:83ab13bb-90e6-40fe-8741-16cf36400450:4	Next_Steps_Age_30_COVID-19_Survey_-_Wave_1	urn:ddi:uk.cls.nextsteps:ef2c0ff4-5859-49a2-9807-03b9bf7298b3:2	CURPREG	qi_CURPREG	Are you or your partner (if you have one) currently pregnant?		cs_CURPREG	1|Yes. 2|No	39f830a5-78d8-4e60-8f2b-de4ab4655aea	uk.closer	11614.0	Pregnancy (CV19)
urn:ddi:uk.cls.nextsteps:3032d053-47dd-471e-883e-346f09928d3f:1	Next_Steps_Age_30_COVID-19_Survey_-_Wave_2	urn:ddi:uk.cls.nextsteps:f1efb276-e10a-4330-965d-07a18c4c9a02:1	CURPREG	qi_CURPREG	Are you or your partner (if you have one) currently pregnant?		cs_qCOVID_HOSPAD	1|Yes. 2|No. -8|Don't Know. -9|Don't want to answer	e3f05f1a-96bf-49c7-b2b8-03bb9a2a0dae	uk.closer	11614.0	Pregnancy (CV19)
urn:ddi:uk.cls.nextsteps:82b7a6c9-47ea-4ee5-98fb-4cd5958c4076:1	Next_Steps_Age_30_COVID-19_Survey_-_Wave_3	urn:ddi:uk.cls.nextsteps:f546c64a-b4aa-418e-ba10-758e29533599:1	CURPREG	qi_CURPREG	Are you or your partner (if you have one) currently pregnant?		cs_Yes_No_DK_Dwta_UC	1|Yes. 2|No. -8|Don't Know. -9|Don't want to answer	dbcb22ba-6eca-4654-b9a5-f6da0c4220b0	uk.closer	11614.0	Pregnancy (CV19)
urn:ddi:uk.cls.nextsteps:3032d053-47dd-471e-883e-346f09928d3f:1	Next_Steps_Age_30_COVID-19_Survey_-_Wave_2	urn:ddi:uk.cls.nextsteps:1539c9a5-45c9-4fd5-8aee-90af1c76541f:1	EMOK	qi_EMOK	Thank you. We would like to make sure that we hold the best email address to use to contact you. The email address we currently hold for you is {#EMAIL}. Is this the best email address to use to contact you?		cs_qCOVID_HOSPAD	1|Yes. 2|No. -8|Don't Know. -9|Don't want to answer	e2750ee6-12d8-41d6-9683-01a855e50b4b	uk.closer	11615.0	Administration (CV19)
urn:ddi:uk.cls.nextsteps:83ab13bb-90e6-40fe-8741-16cf36400450:4	Next_Steps_Age_30_COVID-19_Survey_-_Wave_1	urn:ddi:uk.cls.nextsteps:2a12b2a9-77fe-4814-bd02-6daf152ebc0f:2	EMOK	qi_EMOK	The email address we currently hold for you is ${e://Field/RecipientEmail}. Is this the best email address to use to contact you?		cs_EMOK	1|Yes. 2|No	bbc18205-217b-44c3-92bf-cbeee4dde7ed	uk.closer	11615.0	Administration (CV19)
urn:ddi:uk.cls.nextsteps:3032d053-47dd-471e-883e-346f09928d3f:1	Next_Steps_Age_30_COVID-19_Survey_-_Wave_2	urn:ddi:uk.cls.nextsteps:49cdf5df-1f0a-41ab-9159-9b5b5c9757fc:1	EMUPDATSC	qi_EMUPDATSC	You have said {#EMUPDAT} is your email address. If this is correct, select 'Continue'. Otherwise please go back and amend your answer.		cs_Continue	1|Continue	e2750ee6-12d8-41d6-9683-01a855e50b4b	uk.closer	11615.0	Administration (CV19)
urn:ddi:uk.cls.nextsteps:83ab13bb-90e6-40fe-8741-16cf36400450:4	Next_Steps_Age_30_COVID-19_Survey_-_Wave_1	urn:ddi:uk.cls.nextsteps:4df24a60-4f4f-480d-8efe-e459fc8d3e12:1	EMUPDAT	qi_EMUPDAT	Please enter below the best email address to use to contact you in the future.			Generic text	bbc18205-217b-44c3-92bf-cbeee4dde7ed	uk.closer	11615.0	Administration (CV19)
urn:ddi:uk.cls.nextsteps:3032d053-47dd-471e-883e-346f09928d3f:1	Next_Steps_Age_30_COVID-19_Survey_-_Wave_2	urn:ddi:uk.cls.nextsteps:4fcbc97a-b4bf-48b2-b3a7-e67b4ee78941:1	NSAPP N	qi_NSAPP_N	{IF FFCOVIDW1=1: It is not too late to download the app so please do so if you are able.} {IF FFCOVIDW1=2: Finally – we'd like to ask you to download a COVID-19 Symptoms Tracker app onto your smarthphone.} Many people are recording symptoms of COVID-19 using specially designed symptom tracker apps. These are helping researchers to understand the spread of the virus, by recording which symptoms are most common, and identifying high risk areas in the UK. As a member of Next Steps you can play a special role. We have teamed up with the organisations running the COVID-19 symptom tracker, designed by Kings College London, to allow the results from the symptoms tracker app to be combined with the information held by Next Steps. All you need to do is to download the app on your mobile device, and record your symptoms every day. If you have already been recording your symptoms using this app, the symptoms you have already recorded can also be linked. If you are completing the survey on a mobile device please click HERE to download the app. You can also find the link to download the symptoms tracker app on our study WEBSITE. You can download the symptoms tracker and start recording your symptoms at any time. If you DO NOT wish your information held by Next Steps to be linked to information collected by the COVID-19 symptom tracker app please tick the first box below. Otherwise, select 'Continue' to receive your voucher for taking part. For further information about how your symptoms tracker data will be securely linked, and how it will be used for research, please see our FAQs, here. You can also opt out of linking your Next Steps information to the symptoms tracker at any time by calling us for free on 0800 977 4566 or email us at nextsteps@ucl.ac.uk.		cs_qNSAPP_N	1|I DO NOT wish my Next Steps information to be linked with information collected by the COVID-19 tracker app. 2|Continue	e2750ee6-12d8-41d6-9683-01a855e50b4b	uk.closer	11615.0	Administration (CV19)
urn:ddi:uk.cls.nextsteps:83ab13bb-90e6-40fe-8741-16cf36400450:4	Next_Steps_Age_30_COVID-19_Survey_-_Wave_1	urn:ddi:uk.cls.nextsteps:5d106f78-1817-485e-b62a-e13f00d46fee:2	NSAPP	qi_NSAPP	Finally – we'd like to ask you to download a COVID-19 Symptoms Tracker app. Many people are recording symptoms of COVID-19 using specially designed symptom tracker apps. These are helping to slow the outbreak, by recording which symptoms are most common, and identifying high risk areas in the UK. As a member of Next Steps you can play a special role. We have teamed up with the organisations running the COVID-19 symptom tracker, designed by Kings College London, to allow the results from the symptoms tracker app to be combined with the information held by Next Steps. All you need to do is to download the app on your mobile device, and record your symptoms every day. If you have already been recording your symptoms using this app, the symptoms you have already recorded can also be linked. Please click HERE (https://covid.joinzoe.com/) to download the app. You can download the symptoms tracker and start recording your symptoms at any time. You can also find the link to download the symptoms tracker app on our study website (https://nextstepsstudy.org.uk/faqs/#covid19tracker). If you DO NOT wish your information held by Next Steps to be linked to information collected by the COVID-19 symptom tracker app please tick the box below.		cs_NSAPP	5|I DO NOT wish my Next Steps information to be linked with information collected by the COVID-19 tracker app	bbc18205-217b-44c3-92bf-cbeee4dde7ed	uk.closer	11615.0	Administration (CV19)
urn:ddi:uk.cls.nextsteps:3032d053-47dd-471e-883e-346f09928d3f:1	Next_Steps_Age_30_COVID-19_Survey_-_Wave_2	urn:ddi:uk.cls.nextsteps:71822c4c-fcef-4bb2-90b5-9285059872e6:1	COVIDAPP	qi_COVIDAPP	Finally, in the last COVID-19 Survey we asked if you could download the COVID-19 Symptoms Tracker app on your mobile device and use it to record your symptoms. Have you downloaded and used the app?		cs_qCOVIDAPP	1|Yes. 2|No. 3|I do not have a suitable mobile device. -8|Don't Know. -9|Don't want to answer	e2750ee6-12d8-41d6-9683-01a855e50b4b	uk.closer	11615.0	Administration (CV19)
urn:ddi:uk.cls.nextsteps:83ab13bb-90e6-40fe-8741-16cf36400450:4	Next_Steps_Age_30_COVID-19_Survey_-_Wave_1	urn:ddi:uk.cls.nextsteps:7a059040-856e-42d2-b2f2-f30c35ba306d:2	NSIMP	qi_NSIMP	The next major survey is likely to be in the next year or two and may involve a home visit from an interviewer if social distancing rules are relaxed to allow this. We are interested to know whether the Coronavirus outbreak could affect your willingness to be visited at home by an interviewer. Which of the following statements applies to you?		cs_NSIMP	1|The Coronavirus outbreak is likely to make me less willing to be visited at home.. 2|The Coronavirus outbreak will have no impact on my willingness to be visited at home.. 3|The Coronavirus outbreak is likely to make me more willing to be visited at home.	bbc18205-217b-44c3-92bf-cbeee4dde7ed	uk.closer	11615.0	Administration (CV19)
urn:ddi:uk.cls.nextsteps:83ab13bb-90e6-40fe-8741-16cf36400450:4	Next_Steps_Age_30_COVID-19_Survey_-_Wave_1	urn:ddi:uk.cls.nextsteps:c9c39b09-b0fc-4f85-b424-f8c6b2c49f34:2	NSWIL	qi_NSWIL	We are considering whether to ask study members to take part in the next survey in other ways. How willing or unwilling would you be to take part by having a video call with an interviewer (e.g. using Skype, Zoom or similar)?		cs_NSWIL	1|Very willing. 2|Fairly willing. 3|Neither willing nor unwilling. 4|Fairly unwilling. 5|Very unwilling	bbc18205-217b-44c3-92bf-cbeee4dde7ed	uk.closer	11615.0	Administration (CV19)
urn:ddi:uk.cls.nextsteps:3032d053-47dd-471e-883e-346f09928d3f:1	Next_Steps_Age_30_COVID-19_Survey_-_Wave_2	urn:ddi:uk.cls.nextsteps:f3621b06-8711-416e-8201-1d639e75475c:1	EMUPDAT	qi_EMUPDAT	{IF NO EMAIL IN SAMPLE FILE: Thank you. We would like to make sure that we hold the best email address to use to contact you.} Please enter below the best email address to use to contact you in the future.			Generic text	e2750ee6-12d8-41d6-9683-01a855e50b4b	uk.closer	11615.0	Administration (CV19)
urn:ddi:uk.cls.nextsteps:82b7a6c9-47ea-4ee5-98fb-4cd5958c4076:1	Next_Steps_Age_30_COVID-19_Survey_-_Wave_3	urn:ddi:uk.cls.nextsteps:00166395-5573-4550-8656-04c626bc3830:1	SOCPROV a	qi_SOCPROV_a	In answering the following questions, think about your current relationships with friends, family members, community members, and so on. Please indicate to what extent each statement describes your current relationships with other people. I have family and friends who help me feel safe, secure and happy		cs_qSOCPROV	1|Very true. 2|Partly true. 3|Not true at all. -8|Don't Know. -9|Don't want to answer				
urn:ddi:uk.cls.nextsteps:82b7a6c9-47ea-4ee5-98fb-4cd5958c4076:1	Next_Steps_Age_30_COVID-19_Survey_-_Wave_3	urn:ddi:uk.cls.nextsteps:00251687-85ee-4a50-b4a1-8a1344f10ecc:1	PJTITLEB2	qi_PJTITLEB2	What was their job title at that time?			Generic text				
urn:ddi:uk.cls.nextsteps:82b7a6c9-47ea-4ee5-98fb-4cd5958c4076:1	Next_Steps_Age_30_COVID-19_Survey_-_Wave_3	urn:ddi:uk.cls.nextsteps:0110d272-f5d4-4bce-bc5c-39e4be3d488b:1	SCYEARNI	qi_SCYEARNI	What year are they in?		cs_qSCYEARNI	1|P1. 2|P2. 3|P3. 4|P4. 5|P5. 6|P6. 7|P7. 8|Year 8. 9|Year 9. 10|Year 10. 11|Year 11. 12|Year 12. 13|Year 13. 14|Year 14. -8|Don't Know. -9|Don't want to answer				
urn:ddi:uk.cls.nextsteps:82b7a6c9-47ea-4ee5-98fb-4cd5958c4076:1	Next_Steps_Age_30_COVID-19_Survey_-_Wave_3	urn:ddi:uk.cls.nextsteps:0111e903-1c31-4691-91cb-53cb018e4fd3:1	TRUST	qi_TRUST	On a scale from 0-10 where 0 means you are 'not at all trusting' of other people and 10 means you are 'extremely trusting' of other people, how trusting of other people would you say you are?		cs_qTRUST	1|0: Not at all trusting. 2|1. 3|2. 4|3. 5|4. 6|5. 7|6. 8|7. 9|8. 10|9. 11|10: Extremely trusting. -8|Don't Know. -9|Don't want to answer				
urn:ddi:uk.cls.nextsteps:82b7a6c9-47ea-4ee5-98fb-4cd5958c4076:1	Next_Steps_Age_30_COVID-19_Survey_-_Wave_3	urn:ddi:uk.cls.nextsteps:01c74a6f-0967-4c3d-8596-d95d088d2a0a:1	SEPABCHK	qi_SEPABCHK	You have said your income was more than £100,000. If this is correct, please select 'Continue'. Otherwise please go back and amend your answer.		cs_Continue	1|Continue				
urn:ddi:uk.cls.nextsteps:82b7a6c9-47ea-4ee5-98fb-4cd5958c4076:1	Next_Steps_Age_30_COVID-19_Survey_-_Wave_3	urn:ddi:uk.cls.nextsteps:0205bff2-6d8f-4a2b-b90d-c59db40ebd04:1	P EmailC	qi_P_EmailC	You have said {# P_Email} is your partner's email address. If this is correct, select 'Continue'. Otherwise please go back and amend your answer.		cs_Continue	1|Continue				
urn:ddi:uk.cls.nextsteps:82b7a6c9-47ea-4ee5-98fb-4cd5958c4076:1	Next_Steps_Age_30_COVID-19_Survey_-_Wave_3	urn:ddi:uk.cls.nextsteps:032de533-002b-47cf-aec2-ddddc85e367a:1	SKIN	qi_SKIN	Over the past two months, have you experienced strange, unpleasant sensations in your skin, such as pricking, tingling or burning?		cs_qCOVNEWILL	1|Yes. 2|No. -8|Don't know. -9|Don't want to answer				
urn:ddi:uk.cls.nextsteps:82b7a6c9-47ea-4ee5-98fb-4cd5958c4076:1	Next_Steps_Age_30_COVID-19_Survey_-_Wave_3	urn:ddi:uk.cls.nextsteps:04c8770c-a852-490f-84e2-9b3344f70b7d:1	SC1COUNTRY	qi_SC1COUNTRY	What is their full address? Please use capital letters and leave a space between the two parts of the postcode. For example WC1H 0AL. Country			Generic text				
urn:ddi:uk.cls.nextsteps:82b7a6c9-47ea-4ee5-98fb-4cd5958c4076:1	Next_Steps_Age_30_COVID-19_Survey_-_Wave_3	urn:ddi:uk.cls.nextsteps:04d9814a-94e7-40f3-89fd-5f705e78badd:1	NAMECHK NEW(d)	qi_NAMECHK_NEW_d	Please enter your full name - title, first name, middle name and surname. Surname			Generic text				
urn:ddi:uk.cls.nextsteps:82b7a6c9-47ea-4ee5-98fb-4cd5958c4076:1	Next_Steps_Age_30_COVID-19_Survey_-_Wave_3	urn:ddi:uk.cls.nextsteps:06c57f93-10f7-4f0c-955a-3719eada6d5b:1	SCON1	qi_SCON1	In the last seven days, on how many days did you meet up in person with any of your family or friends who do not live with you?		cs_qSCON1	1|Every day. 2|4-6 days. 3|2-3 days. 4|1 day. 5|Never. -8|Don't Know. -9|Don't want to answer				
urn:ddi:uk.cls.nextsteps:82b7a6c9-47ea-4ee5-98fb-4cd5958c4076:1	Next_Steps_Age_30_COVID-19_Survey_-_Wave_3	urn:ddi:uk.cls.nextsteps:071dcfab-59de-482c-8b32-b41b618211ba:1	PJMAKECUR	qi_PJMAKECUR	{IF PECONACTIVITYD = 1,2,3,4,5: “What does the firm or organisation your partner works for mainly make or do?” IF PECONACTIVTYD = 6,7: What does your partner's firm or organisation mainly make or do?			Generic text				
urn:ddi:uk.cls.nextsteps:82b7a6c9-47ea-4ee5-98fb-4cd5958c4076:1	Next_Steps_Age_30_COVID-19_Survey_-_Wave_3	urn:ddi:uk.cls.nextsteps:077e5603-377a-420a-a5bf-bae620c35fe5:1	NUMCIGSSP	qi_NUMCIGSSP	In the last four weeks, how many cigarettes a day have you typically smoked?			How many I				
urn:ddi:uk.cls.nextsteps:82b7a6c9-47ea-4ee5-98fb-4cd5958c4076:1	Next_Steps_Age_30_COVID-19_Survey_-_Wave_3	urn:ddi:uk.cls.nextsteps:0b120ea5-6bb7-452d-b15c-c493d2a59a87:1	NOTVAC	qi_NOTVAC	Why might you choose not to get vaccinated?	Please select all that apply.	cs_qNOTVAC	1|Covid-19 vaccine safety not proven yet. 2|Covid-19 vaccine effectiveness not proven yet. 3|I have had Coronavirus, so may be immune. 4|I am not worried about catching Coronavirus. 5|I distrust officials. 6|Vaccines are not safe in general. -8|Don't Know. -9|Don't want to answer				
urn:ddi:uk.cls.nextsteps:82b7a6c9-47ea-4ee5-98fb-4cd5958c4076:1	Next_Steps_Age_30_COVID-19_Survey_-_Wave_3	urn:ddi:uk.cls.nextsteps:0be570c1-4d06-45bf-bc92-dbaae6ddba36:1	JMAKECURCHK i	qi_JMAKECURCHK_i	The answer you've given is quite short. Before continuing, please go back and check your answer to make sure you have fully described the firm or organisation you work for.		cs_Continue	1|Continue				
urn:ddi:uk.cls.nextsteps:82b7a6c9-47ea-4ee5-98fb-4cd5958c4076:1	Next_Steps_Age_30_COVID-19_Survey_-_Wave_3	urn:ddi:uk.cls.nextsteps:0e4a02f5-afcc-4732-b26c-6e847294feba:1	INSTAGRM	qi_INSTAGRM	Are you willing to tell us the username of your personal Instagram account, so that we can use it to contact you in the future?		cs_qINSTAGRM	1|Yes. 2|No. 3|I do not have a personal Instagram account. -8|Don't Know. -9|Don't want to answer				
urn:ddi:uk.cls.nextsteps:82b7a6c9-47ea-4ee5-98fb-4cd5958c4076:1	Next_Steps_Age_30_COVID-19_Survey_-_Wave_3	urn:ddi:uk.cls.nextsteps:104bd271-aaa4-4c3a-945b-cd0603de6557:1	SOCPROV c	qi_SOCPROV_c	In answering the following questions, think about your current relationships with friends, family members, community members, and so on. Please indicate to what extent each statement describes your current relationships with other people. There is no one I feel close to		cs_qSOCPROV	1|Very true. 2|Partly true. 3|Not true at all. -8|Don't Know. -9|Don't want to answer				
urn:ddi:uk.cls.nextsteps:82b7a6c9-47ea-4ee5-98fb-4cd5958c4076:1	Next_Steps_Age_30_COVID-19_Survey_-_Wave_3	urn:ddi:uk.cls.nextsteps:112cbdb3-c395-4e00-b22d-0742ee7a5b60:1	TWTR SFT(CHK)	qi_TWTR_SFT_CHK	"You've put {#TWITRNM} as your Twitter username, is this correct? If this is correct, select 'Continue'. Otherwise please go back and amend your answer.
"		cs_Continue	1|Continue				
urn:ddi:uk.cls.nextsteps:82b7a6c9-47ea-4ee5-98fb-4cd5958c4076:1	Next_Steps_Age_30_COVID-19_Survey_-_Wave_3	urn:ddi:uk.cls.nextsteps:1237d1f6-d257-4cc4-883b-7c448567a752:1	ADDCONF	qi_ADDCONF	Please confirm these address details are now complete and correct. If not, please select 'No' to update address or add any missing information:  {#ADDCHKL1} {#ADDCHKL2} {#ADDCHKL3} {#ADDCHKTN} {#ADDCHKCNTY} {#ADDCHKPC}		cs_Yes_No	1|Yes. 2|No				
urn:ddi:uk.cls.nextsteps:82b7a6c9-47ea-4ee5-98fb-4cd5958c4076:1	Next_Steps_Age_30_COVID-19_Survey_-_Wave_3	urn:ddi:uk.cls.nextsteps:144d96fc-f8ea-4b0d-98ad-5e2d10f3ec49:1	ADDCHKTN	qi_ADDCHKTN	Please could you enter your full postal address. Please provide at least the first line of the address, the town and the postcode. Please use capital letters and leave a space between the two parts of the postcode. For example WC1H 0AL. Town *	* Indicates required fields		Generic text				
urn:ddi:uk.cls.nextsteps:82b7a6c9-47ea-4ee5-98fb-4cd5958c4076:1	Next_Steps_Age_30_COVID-19_Survey_-_Wave_3	urn:ddi:uk.cls.nextsteps:15975d5a-859e-4e7a-824c-8be6aceca326:1	SAMEJOB	qi_SAMEJOB	Were you {IF ECONACTIVITYD = 1,2,3: “doing the same job you are doing now” IF ECONACTIVITYD = 4 “doing this apprenticeship” IF ECONACTIVITYD = 5 “doing the same unpaid/voluntary work that you are doing now” IF ECONACTIVITYD = 6,7 “self-employed in the same kind of work that you are doing now” at the time of the Coronavirus outbreak in March 2020?		cs_Yes_No_DK_Dwta_UC	1|Yes. 2|No. -8|Don't Know. -9|Don't want to answer				
urn:ddi:uk.cls.nextsteps:82b7a6c9-47ea-4ee5-98fb-4cd5958c4076:1	Next_Steps_Age_30_COVID-19_Survey_-_Wave_3	urn:ddi:uk.cls.nextsteps:19a4e1ff-d098-4ea5-8e74-a1e4ae89b363:1	STUDYORGN	qi_STUDYORGN	Where are you studying?	If you are studying more than one course please think about the course you spend most time studying for.	cs_qSTUDYORGN	1|School (including school 6th Form). 2|College (including 6th Form College). 3|University. 4|Other. -8|Don't Know. -9|Don't want to answer				
urn:ddi:uk.cls.nextsteps:82b7a6c9-47ea-4ee5-98fb-4cd5958c4076:1	Next_Steps_Age_30_COVID-19_Survey_-_Wave_3	urn:ddi:uk.cls.nextsteps:1b78c472-6cb4-4b0e-93aa-d89f8d25e27e:1	SCTEL2NUKSC	qi_SCTEL2NUKSC	You have said {#SCTEL2NUK_N} is their telephone number. If this is correct, select 'Continue'. Otherwise please go back and amend your answer.		cs_Continue	1|Continue				
urn:ddi:uk.cls.nextsteps:82b7a6c9-47ea-4ee5-98fb-4cd5958c4076:1	Next_Steps_Age_30_COVID-19_Survey_-_Wave_3	urn:ddi:uk.cls.nextsteps:1b98038b-001e-4fa4-8028-740f5eb7f28b:1	P Tel(NUK)	qi_P_Tel_NUK	"Please enter their mobile phone number. For international numbers enter 00 at the start instead of ""+"". Their phone number should not have more than 15 digits."			Telephone International				
urn:ddi:uk.cls.nextsteps:82b7a6c9-47ea-4ee5-98fb-4cd5958c4076:1	Next_Steps_Age_30_COVID-19_Survey_-_Wave_3	urn:ddi:uk.cls.nextsteps:1de6fff9-9cd8-4a55-bc06-c08cd64a4104:1	MOBTELCHKUK	qi_MOBTELCHKUK	Please enter your mobile telephone number (if you have one). First select either UK or non-UK phone number below.		cs_qMOBTELCHKUK	1|UK mobile number. 2|Non-UK mobile number. 3|Have no mobile telephone. -8|Don't Know. -9|Don't want to answer				
urn:ddi:uk.cls.nextsteps:82b7a6c9-47ea-4ee5-98fb-4cd5958c4076:1	Next_Steps_Age_30_COVID-19_Survey_-_Wave_3	urn:ddi:uk.cls.nextsteps:1e13ea24-44a4-4f37-bc19-a191668c3dd8:1	SEPABANDB2	qi_SEPABANDB2	In the 12 months prior to the outbreak of the Coronavirus in March 2020, was the amount you personally took out of the business after all taxes and costs ...		cs_qSEPABANDB	1|Less than £4,000. 2|£4,000 or more, less than £10,000. 3|£10,000 or more, less than £17,000. 4|£17,000 or more, less than £27,000. 5|£27,000 or more, less than £39,000. 6|More than £39,000. -8|Don't Know. -9|Don't want to answer				
urn:ddi:uk.cls.nextsteps:82b7a6c9-47ea-4ee5-98fb-4cd5958c4076:1	Next_Steps_Age_30_COVID-19_Survey_-_Wave_3	urn:ddi:uk.cls.nextsteps:20916814-c6cd-4c09-8bda-3643b2953b6b:1	SC1A5	qi_SC1A5	What is their full address? Please use capital letters and leave a space between the two parts of the postcode. For example WC1H 0AL. County			Generic text				
urn:ddi:uk.cls.nextsteps:82b7a6c9-47ea-4ee5-98fb-4cd5958c4076:1	Next_Steps_Age_30_COVID-19_Survey_-_Wave_3	urn:ddi:uk.cls.nextsteps:21a68f50-2c40-4721-954c-caca8c1bea4e:1	WRKLOCATIOND	qi_WRKLOCATIOND	Which of the following best describes your work location?		cs_qWRKLOCATIOND	1|Work from your own home. 2|Work at employer's premises. 3|Work some days at home and some days at employer's premises. 4|Other. -8|Don't Know. -9|Don't want to answer				
urn:ddi:uk.cls.nextsteps:82b7a6c9-47ea-4ee5-98fb-4cd5958c4076:1	Next_Steps_Age_30_COVID-19_Survey_-_Wave_3	urn:ddi:uk.cls.nextsteps:226ae20d-96fc-467a-a671-e214b82e9ca1:1	ZEROHB	qi_ZEROHB	In this job, did you have a zero hours contract?		cs_Yes_No_DK_Dwta_UC	1|Yes. 2|No. -8|Don't Know. -9|Don't want to answer				
urn:ddi:uk.cls.nextsteps:82b7a6c9-47ea-4ee5-98fb-4cd5958c4076:1	Next_Steps_Age_30_COVID-19_Survey_-_Wave_3	urn:ddi:uk.cls.nextsteps:227a1737-a3b3-4938-b599-14b01b5584b9:1	OUTDOORS	qi_OUTDOORS	Do you have a garden, a patio or yard, a roof terrace or large balcony?	Please select all that apply.	cs_qOUTDOORS	1|A garden. 2|A patio or yard. 3|A roof terrace or large balcony. 4|None of the above. -8|Don't Know. -9|Don't want to answer				
urn:ddi:uk.cls.nextsteps:82b7a6c9-47ea-4ee5-98fb-4cd5958c4076:1	Next_Steps_Age_30_COVID-19_Survey_-_Wave_3	urn:ddi:uk.cls.nextsteps:234d735c-a65c-4644-aa61-aa133deb23f4:1	VAPE	qi_VAPE	Now thinking about electronic cigarettes or vaping devices, which of these statements applies to you?		cs_qVAPE	1|I've never used an electronic cigarette or vaping device. 2|I used to use an electronic cigarette or a vaping device but don't at all now. 3|I now use an electronic cigarette or a vaping device occasionally but not every day. 4|I use electronic cigarettes or vaping devices every day. -8|Don't Know. -9|Don't want to answer				
urn:ddi:uk.cls.nextsteps:82b7a6c9-47ea-4ee5-98fb-4cd5958c4076:1	Next_Steps_Age_30_COVID-19_Survey_-_Wave_3	urn:ddi:uk.cls.nextsteps:2407a2b1-ed16-45b2-a36e-a49f84a42442:1	TWITRNM	qi_TWITRNM	"What is your Twitter username (e.g. @childnc)? To find your Twitter username from a web browser, go to www.twitter.com, log in, and your username will be displayed in the side panel on the left hand side of the screen, starting with the ""@"" symbol. From the Twitter app, click on your profile icon and your username will be displayed in the side panel on the left hand side of the screen, starting with the ""@"" symbol."			Generic text				
urn:ddi:uk.cls.nextsteps:82b7a6c9-47ea-4ee5-98fb-4cd5958c4076:1	Next_Steps_Age_30_COVID-19_Survey_-_Wave_3	urn:ddi:uk.cls.nextsteps:25386330-100d-4494-afc3-cbfe604d91e2:1	HOMETELUKSC	qi_HOMETELUKSC	You have said {ANSWER AT HOMETELUK_N} is your home telephone number. If this is correct, select 'Continue'. Otherwise please go back and amend your answer.		cs_Continue	1|Continue				
urn:ddi:uk.cls.nextsteps:82b7a6c9-47ea-4ee5-98fb-4cd5958c4076:1	Next_Steps_Age_30_COVID-19_Survey_-_Wave_3	urn:ddi:uk.cls.nextsteps:265d2067-7e61-4c73-ae99-08b98ae335d8:1	SC1T	qi_SC1T	What is their full name - title, first name, middle name and surname? Title	.		Generic text				
urn:ddi:uk.cls.nextsteps:82b7a6c9-47ea-4ee5-98fb-4cd5958c4076:1	Next_Steps_Age_30_COVID-19_Survey_-_Wave_3	urn:ddi:uk.cls.nextsteps:27cfaf8b-47fd-4dcc-8f72-48473a431013:1	SEPAC	qi_SEPAC	Was your take home income in the last 12 months different to your take-home income in the 12 months prior to the Coronavirus outbreak in March 2020?		cs_Yes_No_DK_Dwta_UC	1|Yes. 2|No. -8|Don't Know. -9|Don't want to answer				
urn:ddi:uk.cls.nextsteps:82b7a6c9-47ea-4ee5-98fb-4cd5958c4076:1	Next_Steps_Age_30_COVID-19_Survey_-_Wave_3	urn:ddi:uk.cls.nextsteps:286b987f-9292-47ed-bea8-18c5766df5c3:1	TIREDGRID d	qi_TIREDGRID_d	In the past few weeks have you been troubled by... Prolonged tiredness after activity?		cs_qTIREDGRID	1|Rarely. 2|Some of the time. 3|A good part of the time. 4|Most of the time. -8|Don't know. -9|Don't want to answer				
urn:ddi:uk.cls.nextsteps:82b7a6c9-47ea-4ee5-98fb-4cd5958c4076:1	Next_Steps_Age_30_COVID-19_Survey_-_Wave_3	urn:ddi:uk.cls.nextsteps:29e627f5-b21b-4390-8ad0-dd8b1e171612:1	P Tel	qi_P_Tel	Please enter their mobile phone number (if they have one). First select either UK or non-UK phone number below.		cs_qMOBTELCHKUK	1|UK mobile number. 2|Non-UK mobile number. 3|Have no mobile telephone. -8|Don't Know. -9|Don't want to answer				
urn:ddi:uk.cls.nextsteps:82b7a6c9-47ea-4ee5-98fb-4cd5958c4076:1	Next_Steps_Age_30_COVID-19_Survey_-_Wave_3	urn:ddi:uk.cls.nextsteps:2a54532f-4406-4fd0-a2a3-dee74c96732e:1	SCTEL1NUK N	qi_SCTEL1NUK_N	Please enter their telephone number including area code. UK phone numbers start with 0 and are 10 or 11 digits.			Telephone				
urn:ddi:uk.cls.nextsteps:82b7a6c9-47ea-4ee5-98fb-4cd5958c4076:1	Next_Steps_Age_30_COVID-19_Survey_-_Wave_3	urn:ddi:uk.cls.nextsteps:2a5846af-bf35-4c89-bbf4-331db567c11c:1	PALP	qi_PALP	Over the past two months, how often have you experienced your heart racing (palpitations), when you are not exercising		cs_qSHORTB	1|Never. 2|Less than once a month. 3|Between once a week and once a month. 4|More than once a week. 5|Nearly every day. -8|Don't know. -9|Don't want to answer				
urn:ddi:uk.cls.nextsteps:82b7a6c9-47ea-4ee5-98fb-4cd5958c4076:1	Next_Steps_Age_30_COVID-19_Survey_-_Wave_3	urn:ddi:uk.cls.nextsteps:2b1c59a8-0549-49ce-af23-4a1aff405c5e:1	SMOKING	qi_SMOKING	Which of these statements applies to you?		cs_qSMOKING	1|I've never smoked cigarettes. 2|I used to smoke cigarettes but don't at all now. 3|I now smoke cigarettes occasionally but not every day. 4|I smoke cigarettes every day. -8|Don't Know. -9|Don't want to answer				
urn:ddi:uk.cls.nextsteps:82b7a6c9-47ea-4ee5-98fb-4cd5958c4076:1	Next_Steps_Age_30_COVID-19_Survey_-_Wave_3	urn:ddi:uk.cls.nextsteps:2b2c5af5-f314-406c-b5a1-ae3cb2041ed4:1	WGHTSTPCHK	qi_WGHTSTPCHK	You have said that you weigh {ANSWER AT WGHTSTP_} stones. If this weight is correct, please select 'Continue'. Otherwise please go back and amend your answer.		cs_Continue	1|Continue				
urn:ddi:uk.cls.nextsteps:82b7a6c9-47ea-4ee5-98fb-4cd5958c4076:1	Next_Steps_Age_30_COVID-19_Survey_-_Wave_3	urn:ddi:uk.cls.nextsteps:2b6f50e9-be08-4c87-82c2-c69c3fd76e40:1	WRKHOURSB2CHK	qi_WRKHOURSB2CHK	You have said that you worked for 100 or more hours a week. If this is correct, please select 'Continue'. Otherwise please go back and amend your answer.		cs_Continue	1|Continue				
urn:ddi:uk.cls.nextsteps:82b7a6c9-47ea-4ee5-98fb-4cd5958c4076:1	Next_Steps_Age_30_COVID-19_Survey_-_Wave_3	urn:ddi:uk.cls.nextsteps:2ba63644-8f90-4ae5-bfc0-d4fd4570fc6b:1	SHORTB	qi_SHORTB	Over the past two months, on average, how often has shortness of breath caused you to limit what you wanted to do?		cs_qSHORTB	1|Never. 2|Less than once a month. 3|Between once a week and once a month. 4|More than once a week. 5|Nearly every day. -8|Don't know. -9|Don't want to answer				
urn:ddi:uk.cls.nextsteps:82b7a6c9-47ea-4ee5-98fb-4cd5958c4076:1	Next_Steps_Age_30_COVID-19_Survey_-_Wave_3	urn:ddi:uk.cls.nextsteps:2c5d3360-c1a1-4f3e-b323-98044fd89cf5:1	MOBTELUKSC	qi_MOBTELUKSC	You have said {ANSWER AT MOBTELUK_N} is your mobile telephone number. If this is correct, select 'Continue'. Otherwise please go back and amend your answer.		cs_Continue	1|Continue				
urn:ddi:uk.cls.nextsteps:82b7a6c9-47ea-4ee5-98fb-4cd5958c4076:1	Next_Steps_Age_30_COVID-19_Survey_-_Wave_3	urn:ddi:uk.cls.nextsteps:2cd7de04-261d-439c-bab5-af67b6030cde:1	SEPAB2	qi_SEPAB2	We know that it is sometimes difficult for self-employed people to give an exact figure for their income, but could you please think about your take home income in the 12 months prior to the Coronavirus outbreak in March 2020. That is, the amount you personally took out of the business after all taxes and costs. About how much was this? If you don't know the precise amount it would be very helpful if you could provide your best estimate.			Range: 0-1000000				
urn:ddi:uk.cls.nextsteps:82b7a6c9-47ea-4ee5-98fb-4cd5958c4076:1	Next_Steps_Age_30_COVID-19_Survey_-_Wave_3	urn:ddi:uk.cls.nextsteps:2ff6d0b2-667f-4061-b2fa-c25440bea4e1:1	EMUPDATSC	qi_EMUPDATSC	You have said {EMUPDAT} is your email address. If this is correct, select 'Continue'. Otherwise please go back and amend your answer.		cs_Continue	1|Continue				
urn:ddi:uk.cls.nextsteps:82b7a6c9-47ea-4ee5-98fb-4cd5958c4076:1	Next_Steps_Age_30_COVID-19_Survey_-_Wave_3	urn:ddi:uk.cls.nextsteps:3060692d-28a1-4158-b673-e5b307fab274:1	SCTEL1NNUKSC	qi_SCTEL1NNUKSC	You have said {ANSWER AT SCTEL1NNUK_N} is their telephone number. If this is correct, select 'Continue'. Otherwise please go back and amend your answer.		cs_Continue	1|Continue				
urn:ddi:uk.cls.nextsteps:82b7a6c9-47ea-4ee5-98fb-4cd5958c4076:1	Next_Steps_Age_30_COVID-19_Survey_-_Wave_3	urn:ddi:uk.cls.nextsteps:30bcbe5c-a469-4338-b005-ecd7bf523437:1	SC1RELOTH	qi_SC1RELOTH	Please describe other relationship			Other				
urn:ddi:uk.cls.nextsteps:82b7a6c9-47ea-4ee5-98fb-4cd5958c4076:1	Next_Steps_Age_30_COVID-19_Survey_-_Wave_3	urn:ddi:uk.cls.nextsteps:31bc6c96-85fd-4f41-b6f8-82eaa93fe661:1	JMAKECURCHK ii	qi_JMAKECURCHK_ii	The answer you've given is quite short. Before continuing, please go back and check your answer to make sure you have fully described the firm or organisation your partner works for.		cs_Continue	1|Continue				
urn:ddi:uk.cls.nextsteps:82b7a6c9-47ea-4ee5-98fb-4cd5958c4076:1	Next_Steps_Age_30_COVID-19_Survey_-_Wave_3	urn:ddi:uk.cls.nextsteps:33f6e10a-00b4-44c8-bc07-db68860ed040:1	COVIDAPP	qi_COVIDAPP	Finally, in the last COVID-19 Survey we asked if you could download the COVID-19 Symptoms Tracker app on your mobile device and use it to record your symptoms. Have you downloaded and used the app?		cs_qCOVIDAPP	1|Yes. 2|No. 3|I do not have a suitable mobile device. -8|Don't Know. -9|Don't want to answer				
urn:ddi:uk.cls.nextsteps:82b7a6c9-47ea-4ee5-98fb-4cd5958c4076:1	Next_Steps_Age_30_COVID-19_Survey_-_Wave_3	urn:ddi:uk.cls.nextsteps:3aa7fb3b-a310-4722-a839-9ee15170198e:1	SC1ADDRCHK	qi_SC1ADDRCHK	The address that we hold for them is: {#FFSC1ADDRESSLINE1} {#FFSC1ADDRESSLINE2} {#FFSC1ADDRESSLINE3} {#FFSC1ADDRESSLINE4} {#FFSC1ADDRESSLINE5} {#FFSC1POSTCODE} Is that correct and complete? If not, please select 'No' to update address or add any missing information.		cs_Yes_No_DK_Dwta_UC	1|Yes. 2|No. -8|Don't Know. -9|Don't want to answer				
urn:ddi:uk.cls.nextsteps:82b7a6c9-47ea-4ee5-98fb-4cd5958c4076:1	Next_Steps_Age_30_COVID-19_Survey_-_Wave_3	urn:ddi:uk.cls.nextsteps:3c05b808-b44a-4d28-8231-9d87fdc8db2e:1	P Email	qi_P_Email	Please enter their e-mail address (if they have one).			Generic text				
urn:ddi:uk.cls.nextsteps:82b7a6c9-47ea-4ee5-98fb-4cd5958c4076:1	Next_Steps_Age_30_COVID-19_Survey_-_Wave_3	urn:ddi:uk.cls.nextsteps:3c1fddcf-b233-443b-80fb-4d3b5f0a127f:1	JMAKEBCHK2	qi_JMAKEBCHK2	The answer you've given is quite short. Before continuing, please go back and check your answer to make sure you have fully described the firm or organisation you worked for.		cs_Continue	1|Continue				
urn:ddi:uk.cls.nextsteps:82b7a6c9-47ea-4ee5-98fb-4cd5958c4076:1	Next_Steps_Age_30_COVID-19_Survey_-_Wave_3	urn:ddi:uk.cls.nextsteps:3c7e4039-08da-4a33-b1d5-2fb1951b1d37:1	WRKHOURSB	qi_WRKHOURSB	Just before the Coronavirus outbreak in March 2020, how many hours per week did you usually work, not including meal breaks but including overtime? Please round to the nearest hour.			Hours in week				
urn:ddi:uk.cls.nextsteps:82b7a6c9-47ea-4ee5-98fb-4cd5958c4076:1	Next_Steps_Age_30_COVID-19_Survey_-_Wave_3	urn:ddi:uk.cls.nextsteps:3cf6c232-c543-43a2-9a17-6d447935a02f:1	MOVE2	qi_MOVE2	Have you moved to a new address since the beginning of October?		cs_Yes_No_DK_Dwta_UC	1|Yes. 2|No. -8|Don't Know. -9|Don't want to answer				
urn:ddi:uk.cls.nextsteps:82b7a6c9-47ea-4ee5-98fb-4cd5958c4076:1	Next_Steps_Age_30_COVID-19_Survey_-_Wave_3	urn:ddi:uk.cls.nextsteps:3e0020db-28cd-44ef-9756-f6ae9570b309:1	WRKTELCHKUK	qi_WRKTELCHKUK	What is your work telephone number (if you have one)? We will only ever contact you about Next Steps. First select either UK or non-UK phone number below.		cs_qWRKTELCHKUK	1|UK work number. 2|Non-UK work number. 3|No work number. -8|Don't Know. -9|Don't want to answer				
urn:ddi:uk.cls.nextsteps:82b7a6c9-47ea-4ee5-98fb-4cd5958c4076:1	Next_Steps_Age_30_COVID-19_Survey_-_Wave_3	urn:ddi:uk.cls.nextsteps:3e4bb69e-a222-479a-bd08-1957999f4b36:1	TENURE	qi_TENURE	Do you (or your household) own or rent your home or have some other arrangement?		cs_qTENURE	1|Own – outright. 2|Own - buying with help of a mortgage / loan. 3|Pay part rent and part mortgage (shared / equity ownership). 4|Rent it. 5|Live here rent-free, including rent-free in relative's / friend's / employer's property; exclude squatting. 6|Squatting. 7|Other arrangement. -8|Don't Know. -9|Don't want to answer				
urn:ddi:uk.cls.nextsteps:82b7a6c9-47ea-4ee5-98fb-4cd5958c4076:1	Next_Steps_Age_30_COVID-19_Survey_-_Wave_3	urn:ddi:uk.cls.nextsteps:3e728445-55e6-4989-b5b7-d13f0e0b971d:1	JMAKECUR	qi_JMAKECUR	{IF ECONACTIVITYD = 1,2,3,4,5: “What does the firm or organisation you work for mainly make or do?” IF ECONACTIVTYD = 6,7: What does your firm or organisation mainly make or do?			Generic text				
urn:ddi:uk.cls.nextsteps:82b7a6c9-47ea-4ee5-98fb-4cd5958c4076:1	Next_Steps_Age_30_COVID-19_Survey_-_Wave_3	urn:ddi:uk.cls.nextsteps:3eba3170-4486-45e6-81f0-e00d33c3cce5:1	PECONACTIVITYD	qi_PECONACTIVITYD	"We would like to ask you about what your partner is currently doing. Which of these would you say best describes your partner's situation now?

"	If your partner is doing more than one activity, please choose the activity that they spend most time doing.	cs_qECONACTIVITYD	1|Employed and currently working (or on annual leave/holiday). 2|Employed but on paid leave (including furlough). 3|Employed and on unpaid leave. 4|Apprenticeship. 5|In unpaid/voluntary work. 6|Self-employed and currently working (or on holiday). 7|Self-employed but not currently working. 8|Unemployed. 9|Permanently sick or disabled. 10|Looking after home or family. 11|In education at school/college/university. 12|Retired. 13|Doing something else. -8|Don't Know. -9|Don't want to answer				
urn:ddi:uk.cls.nextsteps:82b7a6c9-47ea-4ee5-98fb-4cd5958c4076:1	Next_Steps_Age_30_COVID-19_Survey_-_Wave_3	urn:ddi:uk.cls.nextsteps:40165cf3-92f6-4e0a-8394-d1a934ec924a:1	RISK	qi_RISK	On a scale from 0-10, where 0 is 'never' and 10 is 'always', how willing to take risks would say you are?		cs_qRISK	1|0: Never. 2|1. 3|2. 4|3. 5|4. 6|5. 7|6. 8|7. 9|8. 10|9. 11|10: Always. -8|Don't Know. -9|Don't want to answer				
urn:ddi:uk.cls.nextsteps:82b7a6c9-47ea-4ee5-98fb-4cd5958c4076:1	Next_Steps_Age_30_COVID-19_Survey_-_Wave_3	urn:ddi:uk.cls.nextsteps:4051ae00-dcee-416a-b0d3-e267ef79296b:1	SC1CICHK	qi_SC1CICHK	Our records show that you provided us with the contact details of: {#FFSC1TITLE}{#FFSC1FIRSTNAME}{#FFSC1MIDDLENAME}{#FFSC1SURNAME} so that we could contact them if you were to move in order that we could find out where you are. Are you still happy for us to contact them if we cannot get in touch with you any other way?		cs_Yes_No_DK_Dwta_UC	1|Yes. 2|No. -8|Don't Know. -9|Don't want to answer				
urn:ddi:uk.cls.nextsteps:82b7a6c9-47ea-4ee5-98fb-4cd5958c4076:1	Next_Steps_Age_30_COVID-19_Survey_-_Wave_3	urn:ddi:uk.cls.nextsteps:411b1154-81a0-4a38-801a-3703689f43f9:1	TIREDGRID c	qi_TIREDGRID_c	In the past few weeks have you been troubled by... Needing to sleep longer?		cs_qTIREDGRID	1|Rarely. 2|Some of the time. 3|A good part of the time. 4|Most of the time. -8|Don't know. -9|Don't want to answer				
urn:ddi:uk.cls.nextsteps:82b7a6c9-47ea-4ee5-98fb-4cd5958c4076:1	Next_Steps_Age_30_COVID-19_Survey_-_Wave_3	urn:ddi:uk.cls.nextsteps:418b9554-686d-4adb-abaa-1be990c41fe6:1	MOVE	qi_MOVE	Have you moved to a new address since the beginning of June?		cs_Yes_No_DK_Dwta_UC	1|Yes. 2|No. -8|Don't Know. -9|Don't want to answer				
urn:ddi:uk.cls.nextsteps:82b7a6c9-47ea-4ee5-98fb-4cd5958c4076:1	Next_Steps_Age_30_COVID-19_Survey_-_Wave_3	urn:ddi:uk.cls.nextsteps:41b1a3fb-2c44-47ca-b7b8-5335d9cc4be5:1	STUSPA	qi_STUSPA	Which of the following did they have available to them to study or do schoolwork?	Please select all that apply.	cs_qSTUSPA	1|Exclusive use of a PC/Laptop/Tablet. 2|Shared PC/Laptop/Tablet. 3|Desk/table in bedroom. 4|Desk/table in communal area of home (e.g. dining room or kitchen). 6|Reliable internet connection. 5|None of these. -8|Don't Know. -9|Don't want to answer				
urn:ddi:uk.cls.nextsteps:82b7a6c9-47ea-4ee5-98fb-4cd5958c4076:1	Next_Steps_Age_30_COVID-19_Survey_-_Wave_3	urn:ddi:uk.cls.nextsteps:424c4122-8718-450e-81aa-ed6353de6475:1	WHYNOSCHL	qi_WHYNOSCHL	Why was this?	Please select all that apply	cs_qWHYNOSCHL	1|My child's school or college was completely closed for a period of time. 2|My child's class or year group were instructed not to attend school for a period of time. 3|My child had COVID-19 and needed to self-isolate. 4|My child had contact with someone who had COVID-19 and needed to self-isolate. 5|My child was ill (not with COVID-19). 6|Other. -8|Don't know. -9|Don't want to answer				
urn:ddi:uk.cls.nextsteps:82b7a6c9-47ea-4ee5-98fb-4cd5958c4076:1	Next_Steps_Age_30_COVID-19_Survey_-_Wave_3	urn:ddi:uk.cls.nextsteps:4343feab-1062-4e80-bb83-0659a416efc5:1	TIREDGRID f	qi_TIREDGRID_f	In the past few weeks have you been troubled by... Being excessively tired or exhausted?		cs_qTIREDGRID	1|Rarely. 2|Some of the time. 3|A good part of the time. 4|Most of the time. -8|Don't know. -9|Don't want to answer				
urn:ddi:uk.cls.nextsteps:82b7a6c9-47ea-4ee5-98fb-4cd5958c4076:1	Next_Steps_Age_30_COVID-19_Survey_-_Wave_3	urn:ddi:uk.cls.nextsteps:450589b5-24c9-4cf0-bf11-3145594e3b59:1	NAMECHK NEW(c)	qi_NAMECHK_NEW_c	Please enter your full name - title, first name, middle name and surname. Middle name			Generic text				
urn:ddi:uk.cls.nextsteps:82b7a6c9-47ea-4ee5-98fb-4cd5958c4076:1	Next_Steps_Age_30_COVID-19_Survey_-_Wave_3	urn:ddi:uk.cls.nextsteps:461efd71-4d72-4902-ac04-6a55b68ab484:1	WGHTKGCHK	qi_WGHTKGCHK	You have said that you weigh {ANSWER AT WGHTKG} kilograms. If this weight is correct, please select 'Continue'. Otherwise please go back and amend your answer.		cs_Continue	1|Continue				
urn:ddi:uk.cls.nextsteps:82b7a6c9-47ea-4ee5-98fb-4cd5958c4076:1	Next_Steps_Age_30_COVID-19_Survey_-_Wave_3	urn:ddi:uk.cls.nextsteps:4631b43c-fdef-4ac1-a13c-78de70e47a21:1	SICK	qi_SICK	If you were sick in bed how much could you count on the people around you to help out?		cs_qSICK	1|Not at all. 2|A little. 3|Somewhat. 4|A great deal. -8|Don't Know. -9|Don't want to answer				
urn:ddi:uk.cls.nextsteps:82b7a6c9-47ea-4ee5-98fb-4cd5958c4076:1	Next_Steps_Age_30_COVID-19_Survey_-_Wave_3	urn:ddi:uk.cls.nextsteps:47341be5-9096-4281-87e7-1a7e4956dfa8:1	SC1EMAILCHK	qi_SC1EMAILCHK	The e-mail address we hold for them is: {#FFSC1EMAIL} Is this correct?		cs_Yes_No_DK_Dwta_UC	1|Yes. 2|No. -8|Don't Know. -9|Don't want to answer				
urn:ddi:uk.cls.nextsteps:82b7a6c9-47ea-4ee5-98fb-4cd5958c4076:1	Next_Steps_Age_30_COVID-19_Survey_-_Wave_3	urn:ddi:uk.cls.nextsteps:4745261e-3780-45f1-be3a-6e03100913df:1	PJMAKEBCHK2	qi_PJMAKEBCHK2	The answer you've given is quite short. Before continuing, please go back and check your answer to make sure you have fully described the firm or organisation your partner worked for.		cs_Continue	1|Continue				
urn:ddi:uk.cls.nextsteps:82b7a6c9-47ea-4ee5-98fb-4cd5958c4076:1	Next_Steps_Age_30_COVID-19_Survey_-_Wave_3	urn:ddi:uk.cls.nextsteps:4885ef92-88c3-43a4-b25b-ca71fcaf09a4:1	SC1TELCHK2	qi_SC1TELCHK2	We also have the following number for them: {FFSC1T2PHONENUMBER}. Is that correct?		cs_qSC1TELCHK2	1|Yes. 2|No. 3|I've now given this telephone number as their first telephone number. -8|Don't Know. -9|Don't want to answer				
urn:ddi:uk.cls.nextsteps:82b7a6c9-47ea-4ee5-98fb-4cd5958c4076:1	Next_Steps_Age_30_COVID-19_Survey_-_Wave_3	urn:ddi:uk.cls.nextsteps:4a1fcd75-c713-4ed6-ba30-40371dfafb16:1	HOMETELNUKSC	qi_HOMETELNUKSC	You have said {ANSWER AT HOMETELNUK_N} is your home telephone number. If this is correct, select 'Continue'. Otherwise please go back and amend your answer.		cs_Continue	1|Continue				
urn:ddi:uk.cls.nextsteps:82b7a6c9-47ea-4ee5-98fb-4cd5958c4076:1	Next_Steps_Age_30_COVID-19_Survey_-_Wave_3	urn:ddi:uk.cls.nextsteps:4b44db02-61c2-421c-ae6a-44170d67d792:1	PHOURSCHAN	qi_PHOURSCHAN	Has the number of hours your partner usually works per week, changed since the outbreak of the Coronavirus in March 2020?		cs_Yes_No_Dk_Dwta_LC	1|Yes. 2|No. -8|Don't know. -9|Don't want to answer				
urn:ddi:uk.cls.nextsteps:82b7a6c9-47ea-4ee5-98fb-4cd5958c4076:1	Next_Steps_Age_30_COVID-19_Survey_-_Wave_3	urn:ddi:uk.cls.nextsteps:4c4666da-6a5d-4f30-9ca0-0debafb123bd:1	ADDCHKL3	qi_ADDCHKL3	Please could you enter your full postal address. Please provide at least the first line of the address, the town and the postcode. Please use capital letters and leave a space between the two parts of the postcode. For example WC1H 0AL. Address line 3			Generic text				
urn:ddi:uk.cls.nextsteps:82b7a6c9-47ea-4ee5-98fb-4cd5958c4076:1	Next_Steps_Age_30_COVID-19_Survey_-_Wave_3	urn:ddi:uk.cls.nextsteps:4ccb5c60-0f0b-411c-984d-e499aa96b290:1	NUMCIGSSPCHK	qi_NUMCIGSSPCHK	You have said that you smoke more than 60 cigarettes a day. If this is correct, please select 'Continue'. Otherwise, please go back and amend your answer.		cs_Continue	1|Continue				
urn:ddi:uk.cls.nextsteps:82b7a6c9-47ea-4ee5-98fb-4cd5958c4076:1	Next_Steps_Age_30_COVID-19_Survey_-_Wave_3	urn:ddi:uk.cls.nextsteps:4e20d733-68e4-4da7-886c-3432dd33524a:1	SCYEARSCO	qi_SCYEARSCO	What year are they in?		cs_qSCYEARSCO	1|P1. 2|P2. 3|P3. 4|P4. 5|P5. 6|P6. 7|P7. 8|S1. 9|S2. 10|S3. 11|S4. 12|S5. 13|S6. -8|Don't Know. -9|Don't want to answer				
urn:ddi:uk.cls.nextsteps:82b7a6c9-47ea-4ee5-98fb-4cd5958c4076:1	Next_Steps_Age_30_COVID-19_Survey_-_Wave_3	urn:ddi:uk.cls.nextsteps:50e07783-ca54-41d7-a5fc-17acb113d9f6:1	PMEDDIF	qi_PMEDDIF	Since the Coronavirus outbreak in March 2020, have you had any difficulty obtaining any of your prescribed medication?		cs_Yes_No_DK_Dwta_UC	1|Yes. 2|No. -8|Don't Know. -9|Don't want to answer				
urn:ddi:uk.cls.nextsteps:82b7a6c9-47ea-4ee5-98fb-4cd5958c4076:1	Next_Steps_Age_30_COVID-19_Survey_-_Wave_3	urn:ddi:uk.cls.nextsteps:523073eb-3a7f-4018-8d1b-8cd7de2e38bd:1	P EMAIL(CHK)	qi_P_EMAIL_CHK	The e-mail address we hold for them is: {FFPREMAIL} Is this correct?		cs_Yes_No_DK_Dwta_UC	1|Yes. 2|No. -8|Don't Know. -9|Don't want to answer				
urn:ddi:uk.cls.nextsteps:82b7a6c9-47ea-4ee5-98fb-4cd5958c4076:1	Next_Steps_Age_30_COVID-19_Survey_-_Wave_3	urn:ddi:uk.cls.nextsteps:533a3de0-c49d-42c9-89b2-bec68848e6f4:1	GROAWB	qi_GROAWB	At the time of the outbreak of the Coronavirus in March 2020 was your weekly gross pay from your main job – that is before any deductions for tax, National Insurance, pension, union dues and so on...		cs_qGROAW	1|Less than £300 per week. 2|£300 or more per week, less than £450 per week. 3|£450 or more per week, less than £600 per week. 4|£600 or more per week, less than £850 per week. 5|£850 or more per week, less than £1150 per week. 6|More than £1150 per week. -8|Don't Know. -9|Don't want to answer				
urn:ddi:uk.cls.nextsteps:82b7a6c9-47ea-4ee5-98fb-4cd5958c4076:1	Next_Steps_Age_30_COVID-19_Survey_-_Wave_3	urn:ddi:uk.cls.nextsteps:54152d4c-10d8-44d7-9cc1-d34f3f572020:1	ADDCHKL SC	qi_ADDCHKL_SC	You have said {ANSWER AT ADDCHKPC} is your postcode. If this is correct, select 'Continue'. Otherwise please go back and amend your answer.		cs_Continue	1|Continue				
urn:ddi:uk.cls.nextsteps:82b7a6c9-47ea-4ee5-98fb-4cd5958c4076:1	Next_Steps_Age_30_COVID-19_Survey_-_Wave_3	urn:ddi:uk.cls.nextsteps:545bc9f8-7678-4d64-ba2b-774a290eb7ea:1	TELUKPC	qi_TELUKPC	You have said {ANSWER AT P_Tel_UK} is your parner's mobile telephone number. If this is correct, select 'Continue'. Otherwise please go back and amend your answer.		cs_Continue	1|Continue				
urn:ddi:uk.cls.nextsteps:82b7a6c9-47ea-4ee5-98fb-4cd5958c4076:1	Next_Steps_Age_30_COVID-19_Survey_-_Wave_3	urn:ddi:uk.cls.nextsteps:5480cda1-48fe-4f47-8758-a7a576ed1b22:1	SCTEL2N	qi_SCTEL2N	Do they have a second telephone number which you could provide?		cs_qSCTEL2N	1|Yes – a UK telephone number. 2|Yes – a non-UK telephone number. 3|No – they have no second telephone number. -8|Don't Know. -9|Don't want to answer				
urn:ddi:uk.cls.nextsteps:82b7a6c9-47ea-4ee5-98fb-4cd5958c4076:1	Next_Steps_Age_30_COVID-19_Survey_-_Wave_3	urn:ddi:uk.cls.nextsteps:549084c8-bb12-4eac-90ae-9d6d77af56b4:1	OTHRELA	qi_OTHRELA	Are you in a relationship with someone at the moment?		cs_Yes_No_DK_Dwta_UC	1|Yes. 2|No. -8|Don't Know. -9|Don't want to answer				
urn:ddi:uk.cls.nextsteps:82b7a6c9-47ea-4ee5-98fb-4cd5958c4076:1	Next_Steps_Age_30_COVID-19_Survey_-_Wave_3	urn:ddi:uk.cls.nextsteps:55ccdc18-431f-4032-9be9-5970a79575b1:1	P TEL(CHK)	qi_P_TEL_CHK	The mobile phone number we hold for them is: {FFPRMOBILETEL} Is this correct?		cs_Yes_No_DK_Dwta_UC	1|Yes. 2|No. -8|Don't Know. -9|Don't want to answer				
urn:ddi:uk.cls.nextsteps:82b7a6c9-47ea-4ee5-98fb-4cd5958c4076:1	Next_Steps_Age_30_COVID-19_Survey_-_Wave_3	urn:ddi:uk.cls.nextsteps:591ec0da-ff23-4caf-9218-0530e9d59bdb:1	STUHELP	qi_STUHELP	On a typical day since the start of the current term in January (when they were not attending school in person), how many hours on average did your partner spend helping them with their school work or studies?	Please round to the nearest hour.		Hours in day				
urn:ddi:uk.cls.nextsteps:82b7a6c9-47ea-4ee5-98fb-4cd5958c4076:1	Next_Steps_Age_30_COVID-19_Survey_-_Wave_3	urn:ddi:uk.cls.nextsteps:5ca84b30-66ca-4907-9366-6f1863a3638f:1	SEPABANDB	qi_SEPABANDB	In the 12 months prior to the outbreak of the Coronavirus in March 2020, was the amount you personally took out of the business after all taxes and costs ...		cs_qSEPABANDB	1|Less than £4,000. 2|£4,000 or more, less than £10,000. 3|£10,000 or more, less than £17,000. 4|£17,000 or more, less than £27,000. 5|£27,000 or more, less than £39,000. 6|More than £39,000. -8|Don't Know. -9|Don't want to answer				
urn:ddi:uk.cls.nextsteps:82b7a6c9-47ea-4ee5-98fb-4cd5958c4076:1	Next_Steps_Age_30_COVID-19_Survey_-_Wave_3	urn:ddi:uk.cls.nextsteps:5cb5f44a-2034-4c38-8f53-af85f3b33c12:1	TELNUKPC	qi_TELNUKPC	You have said {ANSWER AT P_Tel_NUK} is your parner's mobile telephone number. If this is correct, select 'Continue'. Otherwise please go back and amend your answer.		cs_Continue	1|Continue				
urn:ddi:uk.cls.nextsteps:82b7a6c9-47ea-4ee5-98fb-4cd5958c4076:1	Next_Steps_Age_30_COVID-19_Survey_-_Wave_3	urn:ddi:uk.cls.nextsteps:5e8f08df-fad6-4b94-a968-f8d22907ecaf:1	STUDYORGNAMEN 1	qi_STUDYORGNAMEN_1	In the boxes below please write the full name of the school, college, university or other organisation at which you are studying, and the town in which it is in: Name	If you are studying more than one course please think about the course you spend most time studying for.		Generic text				
urn:ddi:uk.cls.nextsteps:82b7a6c9-47ea-4ee5-98fb-4cd5958c4076:1	Next_Steps_Age_30_COVID-19_Survey_-_Wave_3	urn:ddi:uk.cls.nextsteps:5ee3d155-b02b-489a-a28f-11bbea4c96d6:1	JDOBCHK2	qi_JDOBCHK2	The answer you've given is quite short. Before continuing, please go back and check your answer to make sure you have fully described what you did in this job.		cs_Continue	1|Continue				
urn:ddi:uk.cls.nextsteps:82b7a6c9-47ea-4ee5-98fb-4cd5958c4076:1	Next_Steps_Age_30_COVID-19_Survey_-_Wave_3	urn:ddi:uk.cls.nextsteps:5efc05ca-09a5-452f-9b16-be84e2f21ca6:1	VACDAT	qi_VACDAT	Please enter the date that you got vaccinated?			Generic date				
urn:ddi:uk.cls.nextsteps:82b7a6c9-47ea-4ee5-98fb-4cd5958c4076:1	Next_Steps_Age_30_COVID-19_Survey_-_Wave_3	urn:ddi:uk.cls.nextsteps:5f40579b-2fba-426a-8ad6-9f9459159a72:1	TENUREBC	qi_TENUREBC	At the start of the Coronavirus outbreak in March 2020, did you (or your household) own or rent your home or have some other arrangement?		cs_qTENUREBC	1|Own – outright. 2|Own - buying with help of a mortgage / loan. 3|Pay part rent and part mortgage (shared / equity ownership). 4|Rent it. 5|Live here rent-free, including rent-free in relative's / friend's / employer's property; exclude squatting. 6|Squatting. 7|Other arrangement. -8|Don't Know. -9|Don't want to answer				
urn:ddi:uk.cls.nextsteps:82b7a6c9-47ea-4ee5-98fb-4cd5958c4076:1	Next_Steps_Age_30_COVID-19_Survey_-_Wave_3	urn:ddi:uk.cls.nextsteps:6174074f-404b-4a0e-8974-c4c9cca3b4d4:1	SCON2	qi_SCON2	In the last seven days, on how many days did you talk to family or friends you do not live with via phone or video calls?		cs_qSCON1	1|Every day. 2|4-6 days. 3|2-3 days. 4|1 day. 5|Never. -8|Don't Know. -9|Don't want to answer				
urn:ddi:uk.cls.nextsteps:82b7a6c9-47ea-4ee5-98fb-4cd5958c4076:1	Next_Steps_Age_30_COVID-19_Survey_-_Wave_3	urn:ddi:uk.cls.nextsteps:627a96ed-25ed-4c50-9917-5b1434205de5:1	SCTYPE2	qi_SCTYPE2	What type of school or college are they enrolled in?		cs_qSCTYPE2	1|A state school, including local authority maintained, academy or free school. 2|An independent or private school (fee-paying). 3|Other. -8|Don't Know. -9|Don't want to answer				
urn:ddi:uk.cls.nextsteps:82b7a6c9-47ea-4ee5-98fb-4cd5958c4076:1	Next_Steps_Age_30_COVID-19_Survey_-_Wave_3	urn:ddi:uk.cls.nextsteps:62a288ea-1130-4d26-b2e9-f016ade41630:1	P FULLNAME(d)	qi_P_FULLNAME_d	Please enter their title, first name and surname. Surname			Generic text				
urn:ddi:uk.cls.nextsteps:82b7a6c9-47ea-4ee5-98fb-4cd5958c4076:1	Next_Steps_Age_30_COVID-19_Survey_-_Wave_3	urn:ddi:uk.cls.nextsteps:639aa5a7-7b90-443c-b819-7f5ade2220ca:1	STUONL	qi_STUONL	And on a typical day since the start of the current term in January (when they were not attending school in person), how many hours on average did they spend having live online lessons or meetings that the school provided for them?	Please round to the nearest hour.		Hours in day				
urn:ddi:uk.cls.nextsteps:82b7a6c9-47ea-4ee5-98fb-4cd5958c4076:1	Next_Steps_Age_30_COVID-19_Survey_-_Wave_3	urn:ddi:uk.cls.nextsteps:6573c298-0d48-48ec-ba5d-e062144d38ea:1	SEPAB	qi_SEPAB	What was your take home income in the 12 months prior to the Coronavirus outbreak in March 2020? That is, the amount you personally took out of the business after all taxes and costs. If you don't know the precise amount it would be very helpful if you could provide your best estimate. £			Range: 0-1000000				
urn:ddi:uk.cls.nextsteps:82b7a6c9-47ea-4ee5-98fb-4cd5958c4076:1	Next_Steps_Age_30_COVID-19_Survey_-_Wave_3	urn:ddi:uk.cls.nextsteps:65d16b47-4949-48a6-8f2f-c0132fbfa57f:1	SC1RELCHK	qi_SC1RELCHK	Are they your {#FFSC1RELATIONSHIPTOCM}?		cs_Yes_No_DK_Dwta_UC	1|Yes. 2|No. -8|Don't Know. -9|Don't want to answer				
urn:ddi:uk.cls.nextsteps:82b7a6c9-47ea-4ee5-98fb-4cd5958c4076:1	Next_Steps_Age_30_COVID-19_Survey_-_Wave_3	urn:ddi:uk.cls.nextsteps:6626918f-701e-4830-a77c-371b4279231e:1	EMOK	qi_EMOK	Thank you. We would like to make sure that we hold the best email address to use to contact you. The email address we currently hold for you is :{FFEMAIL}. Is this the best email address to use to contact you?		cs_Yes_No_DK_Dwta_UC	1|Yes. 2|No. -8|Don't Know. -9|Don't want to answer				
urn:ddi:uk.cls.nextsteps:82b7a6c9-47ea-4ee5-98fb-4cd5958c4076:1	Next_Steps_Age_30_COVID-19_Survey_-_Wave_3	urn:ddi:uk.cls.nextsteps:66f00bc0-5e35-4ab0-8393-a053625d4405:1	PSAMEJOB	qi_PSAMEJOB	Was your partner {IF PECONACTIVITYD = 1,2,3: “working for their current employer” IF PECONACTIVITYD = 4 “doing this apprenticeship” IF PECONACTIVITYD = 5 “doing the same unpaid/voluntary work that they are doing now” IF PECONACTIVITYD = 6,7 “self-employed in the same kind of work that they are doing now” at the time of the Coronavirus outbreak in March 2020?		cs_qPSAMEJOB	1|Yes. 2|No. 3|I was not living with my partner at the time of the Coronavirus outbreak in March 2020. -8|Don't know. -9|Don't want to answer				
urn:ddi:uk.cls.nextsteps:82b7a6c9-47ea-4ee5-98fb-4cd5958c4076:1	Next_Steps_Age_30_COVID-19_Survey_-_Wave_3	urn:ddi:uk.cls.nextsteps:684bbaf3-e186-4598-bcac-399c23ef130b:1	P CI(CHK)	qi_P_CI_CHK	You have previously given us contact details for {FFPRTITLE}{FFPRFIRSTNAME}{FFPRMIDDLENAME}{FFPRSURNAME} to help us find you if you change address. Are you still living with them?		cs_Yes_No_DK_Dwta_UC	1|Yes. 2|No. -8|Don't Know. -9|Don't want to answer				
urn:ddi:uk.cls.nextsteps:82b7a6c9-47ea-4ee5-98fb-4cd5958c4076:1	Next_Steps_Age_30_COVID-19_Survey_-_Wave_3	urn:ddi:uk.cls.nextsteps:68cab522-a647-444c-a149-f6287256922f:1	PJTITLECUR	qi_PJTITLECUR	What is your partner's job title?			Generic text				
urn:ddi:uk.cls.nextsteps:82b7a6c9-47ea-4ee5-98fb-4cd5958c4076:1	Next_Steps_Age_30_COVID-19_Survey_-_Wave_3	urn:ddi:uk.cls.nextsteps:68d0eee1-4e9d-4b20-b306-3b5df20d2c52:1	PJMAKEB2	qi_PJMAKEB2	{IF PECONACTIVITYB2 = 1,3,4: “What did the firm or organisation your partner worked for mainly make or do?” IF PECONACTIVTYB2 = 2: What did your partner's firm or organisation mainly make or do?			Generic text				
urn:ddi:uk.cls.nextsteps:82b7a6c9-47ea-4ee5-98fb-4cd5958c4076:1	Next_Steps_Age_30_COVID-19_Survey_-_Wave_3	urn:ddi:uk.cls.nextsteps:69797e62-e6ed-4328-a260-4cec60b30a24:1	ADDCHKL1	qi_ADDCHKL1	Please could you enter your full postal address. Please provide at least the first line of the address, the town and the postcode. Please use capital letters and leave a space between the two parts of the postcode. For example WC1H 0AL. Address line 1 *	* Indicates required fields		Generic text				
urn:ddi:uk.cls.nextsteps:82b7a6c9-47ea-4ee5-98fb-4cd5958c4076:1	Next_Steps_Age_30_COVID-19_Survey_-_Wave_3	urn:ddi:uk.cls.nextsteps:6a580d1a-f224-4a74-b38d-a58905217414:1	PECONACTIVITYB2	qi_PECONACTIVITYB2	"We would also like to ask you about what your partner was doing just before the Coronavirus outbreak in March 2020 so that we can see how things may have changed for them. Which of these best describes what your partner was doing just before the Coronavirus outbreak in March 2020?

"	If they were doing more than one activity, please choose the activity that they spent most time doing.	cs_qECONACTIVITYB2	1|Employed. 2|Self-employed. 3|In unpaid/ voluntary work. 4|Apprenticeship. 5|Unemployed. 6|Permanently sick or disabled. 7|Looking after home or family. 8|In education at school/college/university. 9|Retired. 10|Doing something else. -8|Don't Know. -9|Don't want to answer				
urn:ddi:uk.cls.nextsteps:82b7a6c9-47ea-4ee5-98fb-4cd5958c4076:1	Next_Steps_Age_30_COVID-19_Survey_-_Wave_3	urn:ddi:uk.cls.nextsteps:6be8ad34-882e-4036-9554-03b9ba2e4b9b:1	PWRKHOURSDCHK	qi_PWRKHOURSDCHK	You have said that your partner works for 100 or more hours a week. If this is correct, please select 'Continue'. Otherwise please go back and amend your answer.		cs_Continue	1|Continue				
urn:ddi:uk.cls.nextsteps:82b7a6c9-47ea-4ee5-98fb-4cd5958c4076:1	Next_Steps_Age_30_COVID-19_Survey_-_Wave_3	urn:ddi:uk.cls.nextsteps:6e59f311-25b2-4428-b21c-9884e3aa4d85:1	SCTEL2NNUKSC	qi_SCTEL2NNUKSC	You have said {ANSWER AT SCTEL2NNUK_N} is their telephone number. If this is correct, select 'Continue'. Otherwise please go back and amend your answer.		cs_Continue	1|Continue				
urn:ddi:uk.cls.nextsteps:82b7a6c9-47ea-4ee5-98fb-4cd5958c4076:1	Next_Steps_Age_30_COVID-19_Survey_-_Wave_3	urn:ddi:uk.cls.nextsteps:7084d425-972a-4bab-951a-6669d82c6057:1	MHNOW	qi_MHNOW	Thinking about now, in general would you say your mental health is ...		cs_qGHQ	1|Excellent. 2|Very good. 3|Good. 4|Fair. 5|Poor. -8|Don't Know. -9|Don't want to answer				
urn:ddi:uk.cls.nextsteps:82b7a6c9-47ea-4ee5-98fb-4cd5958c4076:1	Next_Steps_Age_30_COVID-19_Survey_-_Wave_3	urn:ddi:uk.cls.nextsteps:7259c518-fffc-4de0-a395-0da11fe0c405:1	HMTELCHKUK	qi_HMTELCHKUK	Please enter your home telephone number (if you have one). First select either UK or non-UK phone number below.		cs_qHMTELCHKUK	1|UK telephone number. 2|Non-UK telephone number. 3|Have no home telephone. -8|Don't Know. -9|Don't want to answer				
urn:ddi:uk.cls.nextsteps:82b7a6c9-47ea-4ee5-98fb-4cd5958c4076:1	Next_Steps_Age_30_COVID-19_Survey_-_Wave_3	urn:ddi:uk.cls.nextsteps:7274e934-7f5a-4804-a601-c981c52535ee:1	NSAPP N	qi_NSAPP_N	NEWRESP = 2: It is not too late to download the app so please do so if you are able.} NEWRESP = 1: Finally – we'd like to ask you to download a COVID-19 Symptoms Tracker app onto your smartphone.} Many people are recording symptoms of COVID-19 using specially designed symptom tracker apps. These are helping researchers to understand the spread of the virus, by recording which symptoms are most common, and identifying high risk areas in the UK. As a member of Next Steps you can play a special role. We have teamed up with the organisations running the COVID-19 symptom tracker, designed by Kings College London, to allow the results from the symptoms tracker app to be combined with the information held by Next Steps. All you need to do is to download the app on your mobile device, and record your symptoms every day. If you have already been recording your symptoms using this app, the symptoms you have already recorded can also be linked. If you are completing the survey on a mobile device please click HERE to download the app. You can also find the link to download the symptoms tracker app on our study WEBSITE. You can download the symptoms tracker and start recording your symptoms at any time. If you DO NOT wish your information held by Next Steps to b/e linked to information collected by the COVID-19 symptom tracker app [please tick the first box below/. Otherwise, select 'Continue' to receive your voucher for taking part. For further information about how your symptoms tracker data will be securely linked, and how it will be used for research, please see our FAQs, here. You can also opt out of linking your Next Steps information to the symptoms tracker at any time by calling us for free on 0800 977 4566 or email us at nextsteps@ucl.ac.uk.		cs_qNSAPP_N	1|I DO NOT wish my Next Steps information to be linked with information collected by the COVID-19 tracker app. 2|Continue				
urn:ddi:uk.cls.nextsteps:82b7a6c9-47ea-4ee5-98fb-4cd5958c4076:1	Next_Steps_Age_30_COVID-19_Survey_-_Wave_3	urn:ddi:uk.cls.nextsteps:73781b64-2493-49cc-a6ff-3d7de64d345b:1	SEPAB2CHK	qi_SEPAB2CHK	"You have said your income was more than £100,000. If this is correct, please select 'Continue'. Otherwise please go back and amend your answer.
"		cs_Continue	1|Continue				
urn:ddi:uk.cls.nextsteps:82b7a6c9-47ea-4ee5-98fb-4cd5958c4076:1	Next_Steps_Age_30_COVID-19_Survey_-_Wave_3	urn:ddi:uk.cls.nextsteps:75bda0a3-5792-435b-8d6c-aff4000b8bc2:1	P FULLNAME(CHK)	qi_P_FULLNAME_CHK	We'd now like to confirm their details so that we could get in touch with them if we are trying to contact you about Next Steps. We will only ever contact them if we cannot reach you. We will not use this information for any other purpose. Is {FFPRTITLE}{FFPRFIRSTNAME}{FFPRMIDDLENAME}{FFPRSURNAME} their full name?		cs_Yes_No_DK_Dwta_UC	1|Yes. 2|No. -8|Don't Know. -9|Don't want to answer				
urn:ddi:uk.cls.nextsteps:82b7a6c9-47ea-4ee5-98fb-4cd5958c4076:1	Next_Steps_Age_30_COVID-19_Survey_-_Wave_3	urn:ddi:uk.cls.nextsteps:75f344f5-0a61-4d4e-85d9-96b675a26796:1	SCENROL	qi_SCENROL	Are they enrolled in school or college ?		cs_Yes_No_DK_Dwta_UC	1|Yes. 2|No. -8|Don't Know. -9|Don't want to answer				
urn:ddi:uk.cls.nextsteps:82b7a6c9-47ea-4ee5-98fb-4cd5958c4076:1	Next_Steps_Age_30_COVID-19_Survey_-_Wave_3	urn:ddi:uk.cls.nextsteps:7631ac9f-8ad7-4200-92b9-ef1a61439ef3:1	PWRKHOURSD	qi_PWRKHOURSD	How many hours per week does your partner usually work now, not including meal breaks but including overtime? Please round to the nearest hour.			Hours in week				
urn:ddi:uk.cls.nextsteps:82b7a6c9-47ea-4ee5-98fb-4cd5958c4076:1	Next_Steps_Age_30_COVID-19_Survey_-_Wave_3	urn:ddi:uk.cls.nextsteps:764053e9-95ec-4d70-bcb6-44fdd77660e2:1	MOBTELCHK	qi_MOBTELCHK	The mobile telephone number we hold for you is: {FFMOBILETEL} Is that correct?		cs_Yes_No_DK_Dwta_UC	1|Yes. 2|No. -8|Don't Know. -9|Don't want to answer				
urn:ddi:uk.cls.nextsteps:82b7a6c9-47ea-4ee5-98fb-4cd5958c4076:1	Next_Steps_Age_30_COVID-19_Survey_-_Wave_3	urn:ddi:uk.cls.nextsteps:7717440e-de2c-4386-8387-1490320cf24a:1	SCTEL1N	qi_SCTEL1N	Please enter their telephone number (if they have one). First select either UK or non-UK phone number below.		cs_qSCTEL1N	1|UK telephone number. 2|Non-UK telephone number. -8|Don't Know. -9|Don't want to answer				
urn:ddi:uk.cls.nextsteps:82b7a6c9-47ea-4ee5-98fb-4cd5958c4076:1	Next_Steps_Age_30_COVID-19_Survey_-_Wave_3	urn:ddi:uk.cls.nextsteps:78edf735-ffc2-4438-a72f-0e9b899204ec:1	SC1TEMAN	qi_SC1TEMAN	What is their e-mail address (if they have one)? We will only ever contact them if we are trying to contact you. We will never pass on their e-mail address to anyone else.			Generic text				
urn:ddi:uk.cls.nextsteps:82b7a6c9-47ea-4ee5-98fb-4cd5958c4076:1	Next_Steps_Age_30_COVID-19_Survey_-_Wave_3	urn:ddi:uk.cls.nextsteps:798d87c3-bd95-46a6-b733-9553bb43ba81:1	SOCPROV b	qi_SOCPROV_b	In answering the following questions, think about your current relationships with friends, family members, community members, and so on. Please indicate to what extent each statement describes your current relationships with other people. There is someone I trust whom I would turn to for advice if I were having problems		cs_qSOCPROV	1|Very true. 2|Partly true. 3|Not true at all. -8|Don't Know. -9|Don't want to answer				
urn:ddi:uk.cls.nextsteps:82b7a6c9-47ea-4ee5-98fb-4cd5958c4076:1	Next_Steps_Age_30_COVID-19_Survey_-_Wave_3	urn:ddi:uk.cls.nextsteps:7b2ab038-dd0e-467b-94f0-fe1df2eff620:1	TIREDGRID b	qi_TIREDGRID_b	In the past few weeks have you been troubled by... Feeling tired after rest or relaxation?		cs_qTIREDGRID	1|Rarely. 2|Some of the time. 3|A good part of the time. 4|Most of the time. -8|Don't know. -9|Don't want to answer				
urn:ddi:uk.cls.nextsteps:82b7a6c9-47ea-4ee5-98fb-4cd5958c4076:1	Next_Steps_Age_30_COVID-19_Survey_-_Wave_3	urn:ddi:uk.cls.nextsteps:7c183b5f-67a1-4350-a642-148dc964ed59:1	GROAB2 i	qi_GROAB2_i	You have said that you receive £{GROAB2} {IF GROPB2 = 2: “per week”; IF GROPB2= 3 “every two weeks”:; IF GROPB2 = 4: “every month”; IF GROPB2 = 5: “per year”}. If this is correct, please select 'Continue'. Otherwise please go back and amend your answer.		cs_Continue	1|Continue				
urn:ddi:uk.cls.nextsteps:82b7a6c9-47ea-4ee5-98fb-4cd5958c4076:1	Next_Steps_Age_30_COVID-19_Survey_-_Wave_3	urn:ddi:uk.cls.nextsteps:7e724650-3dfc-4871-a2e6-aa8555d581fd:1	PWRKHOURSB2	qi_PWRKHOURSB2	Just before the Coronavirus outbreak in March 2020, how many hours per week did your partner usually work, not including meal breaks but including overtime? Please round to the nearest hour.			Hours in week				
urn:ddi:uk.cls.nextsteps:82b7a6c9-47ea-4ee5-98fb-4cd5958c4076:1	Next_Steps_Age_30_COVID-19_Survey_-_Wave_3	urn:ddi:uk.cls.nextsteps:7f2e8907-cb43-4e30-aa0b-f4921dec33c1:1	HOMETELNUK N	qi_HOMETELNUK_N	"Please enter your home telephone number including area code. For international numbers enter 00 at the start instead of ""+"". Your phone number should not have more than 15 digits."			Telephone International				
urn:ddi:uk.cls.nextsteps:82b7a6c9-47ea-4ee5-98fb-4cd5958c4076:1	Next_Steps_Age_30_COVID-19_Survey_-_Wave_3	urn:ddi:uk.cls.nextsteps:7ff8db45-9f43-4482-b6ff-263d93ddefc8:1	MAJIMPOTH	qi_MAJIMPOTH	Please describe what has happened to you.			Other				
urn:ddi:uk.cls.nextsteps:82b7a6c9-47ea-4ee5-98fb-4cd5958c4076:1	Next_Steps_Age_30_COVID-19_Survey_-_Wave_3	urn:ddi:uk.cls.nextsteps:81533640-c87f-4076-b2fd-447d40120214:1	PJDOB2	qi_PJDOB2	Please describe in your own words what your partner mainly did in this job.	Please describe in detail (for example job title and the type of work) and describe any special qualifications or training needed to do the job.		Generic text				
urn:ddi:uk.cls.nextsteps:82b7a6c9-47ea-4ee5-98fb-4cd5958c4076:1	Next_Steps_Age_30_COVID-19_Survey_-_Wave_3	urn:ddi:uk.cls.nextsteps:819bb75b-ce6d-4afc-9cc8-c2e73b0c59ef:1	FACEBKNM	qi_FACEBKNM	"What is your Facebook username (e.g. childnc)? To find your Facebook username from a web browser, go to www.facebook.com, log in, click on your profile icon at the top right hand side of the screen, then copy the text that appears after ""https://www.facebook.com/"" in the URL bar. From the Facebook app, go to your profile, click on the ""settings"" icon, which you can find by clicking on the 3 dots (...) , and your username will be displayed in the box titled ""Your profile link"".
"			Generic text				
urn:ddi:uk.cls.nextsteps:82b7a6c9-47ea-4ee5-98fb-4cd5958c4076:1	Next_Steps_Age_30_COVID-19_Survey_-_Wave_3	urn:ddi:uk.cls.nextsteps:82575123-ac31-4928-b921-9f153c19b90e:1	SC1A SC	qi_SC1A_SC	You have said {ANSWER AT SC1PC} is their postcode. If this is correct, select 'Continue'. Otherwise please go back and amend your answer.		cs_Continue	1|Continue				
urn:ddi:uk.cls.nextsteps:82b7a6c9-47ea-4ee5-98fb-4cd5958c4076:1	Next_Steps_Age_30_COVID-19_Survey_-_Wave_3	urn:ddi:uk.cls.nextsteps:82d2f140-b1a7-43e4-bce5-33799f291450:1	ADDCHKPC	qi_ADDCHKPC	Please could you enter your full postal address. Please provide at least the first line of the address, the town and the postcode. Please use capital letters and leave a space between the two parts of the postcode. For example WC1H 0AL. Postcode *	* Indicates required fields		Generic text				
urn:ddi:uk.cls.nextsteps:82b7a6c9-47ea-4ee5-98fb-4cd5958c4076:1	Next_Steps_Age_30_COVID-19_Survey_-_Wave_3	urn:ddi:uk.cls.nextsteps:834f44db-cd56-4874-ac39-08724093b2ad:1	ADDCHKCNTRY	qi_ADDCHKCNTRY	Please could you enter your full postal address. Please provide at least the first line of the address, the town and the postcode. Please use capital letters and leave a space between the two parts of the postcode. For example WC1H 0AL. Country			Generic text				
urn:ddi:uk.cls.nextsteps:82b7a6c9-47ea-4ee5-98fb-4cd5958c4076:1	Next_Steps_Age_30_COVID-19_Survey_-_Wave_3	urn:ddi:uk.cls.nextsteps:83fc2df2-ddb2-4513-90ad-ed0c9ca7e81a:1	WRKTELUKSC	qi_WRKTELUKSC	You have said {ANSWER AT WRKTELUK_N} is your work telephone number. If this is correct, select 'Continue'. Otherwise please go back and amend your answer.		cs_Continue	1|Continue				
urn:ddi:uk.cls.nextsteps:82b7a6c9-47ea-4ee5-98fb-4cd5958c4076:1	Next_Steps_Age_30_COVID-19_Survey_-_Wave_3	urn:ddi:uk.cls.nextsteps:85fd5b6c-ac15-4891-bce6-2fddb7842508:1	HOMETELCHK	qi_HOMETELCHK	The home telephone number we hold for you is: {#FFHOMETEL} Is that correct?		cs_Yes_No_DK_Dwta_UC	1|Yes. 2|No. -8|Don't Know. -9|Don't want to answer				
urn:ddi:uk.cls.nextsteps:82b7a6c9-47ea-4ee5-98fb-4cd5958c4076:1	Next_Steps_Age_30_COVID-19_Survey_-_Wave_3	urn:ddi:uk.cls.nextsteps:86135dc2-fd45-4465-a97e-65c29c785ea6:1	INSTAGRMNM SFT(CHK)	qi_INSTAGRMNM_SFT_CHK	"You've put {#INSTAGRMNM} as your Instagram username, is this correct? If this is correct, select 'Continue'. Otherwise please go back and amend your answer.
"		cs_Continue	1|Continue				
urn:ddi:uk.cls.nextsteps:82b7a6c9-47ea-4ee5-98fb-4cd5958c4076:1	Next_Steps_Age_30_COVID-19_Survey_-_Wave_3	urn:ddi:uk.cls.nextsteps:877bc2c5-acb1-471e-96e5-223ce305a8e1:1	TIREDGRID e	qi_TIREDGRID_e	In the past few weeks have you been troubled by... Poor sleep?		cs_qTIREDGRID	1|Rarely. 2|Some of the time. 3|A good part of the time. 4|Most of the time. -8|Don't know. -9|Don't want to answer				
urn:ddi:uk.cls.nextsteps:82b7a6c9-47ea-4ee5-98fb-4cd5958c4076:1	Next_Steps_Age_30_COVID-19_Survey_-_Wave_3	urn:ddi:uk.cls.nextsteps:8978687c-6433-4096-8db0-d323ac795cb7:1	CCST1N	qi_CCST1N	Is there someone else who we could contact if you were to move so that we could find out where you are? We will only ever contact them if we are trying to contact you about Next Steps. We will never pass on their contact details to anyone else.		cs_Yes_No_DK_Dwta_UC	1|Yes. 2|No. -8|Don't Know. -9|Don't want to answer				
urn:ddi:uk.cls.nextsteps:82b7a6c9-47ea-4ee5-98fb-4cd5958c4076:1	Next_Steps_Age_30_COVID-19_Survey_-_Wave_3	urn:ddi:uk.cls.nextsteps:89c15e1b-9441-4da2-b95a-3ec80fbd486e:1	OFFVAC	qi_OFFVAC	Have you been offered a vaccination for COVID-19?		cs_Yes_No_DK_Dwta_UC	1|Yes. 2|No. -8|Don't Know. -9|Don't want to answer				
urn:ddi:uk.cls.nextsteps:82b7a6c9-47ea-4ee5-98fb-4cd5958c4076:1	Next_Steps_Age_30_COVID-19_Survey_-_Wave_3	urn:ddi:uk.cls.nextsteps:8b11e4a7-5af7-412e-9373-e620a258113e:1	SCREENTIM B	qi_SCREENTIM_B	On a typical weekday in the last week, how much time have you spent in front of a screen? Please tell us separately about the time you have spent on a screen for work or study and the time you have spent on a screen whilst not working or studying. Please include time spent on all devices including computers, laptops, tablets, phones or TV. Not for work or study		cs_qSCREENTIM	1|No time. 2|Less than 1 hour. 3|More than 1 hour, less than 2 hours. 4|More than 2 hours, less than 4 hours. 5|More than 4 hours, less than 6 hours. 6|More than 6 hours, less than 8 hours. 7|More than 8 hours, less than 10 hours. 8|10 hours or more				
urn:ddi:uk.cls.nextsteps:82b7a6c9-47ea-4ee5-98fb-4cd5958c4076:1	Next_Steps_Age_30_COVID-19_Survey_-_Wave_3	urn:ddi:uk.cls.nextsteps:8cc8d384-3526-49a4-b655-500555d847bd:1	MOBTELNUK N	qi_MOBTELNUK_N	"Please enter your mobile number. For international numbers enter 00 at the start instead of ""+"". Your phone number should not have more than 15 digits."			Telephone International				
urn:ddi:uk.cls.nextsteps:82b7a6c9-47ea-4ee5-98fb-4cd5958c4076:1	Next_Steps_Age_30_COVID-19_Survey_-_Wave_3	urn:ddi:uk.cls.nextsteps:8d924f79-3420-4148-b186-1eb9a909f4ac:1	SC1RELOR	qi_SC1RELOR	Please describe other relative			Other				
urn:ddi:uk.cls.nextsteps:82b7a6c9-47ea-4ee5-98fb-4cd5958c4076:1	Next_Steps_Age_30_COVID-19_Survey_-_Wave_3	urn:ddi:uk.cls.nextsteps:8dedbe13-8910-491d-ae21-18f1c5fa12a0:1	GROAB ii	qi_GROAB_ii	You have said that you receive £{GROAB} per hour. ”}. If this is correct, please select 'Continue'. Otherwise please go back and amend your answer.		cs_Continue	1|Continue				
urn:ddi:uk.cls.nextsteps:82b7a6c9-47ea-4ee5-98fb-4cd5958c4076:1	Next_Steps_Age_30_COVID-19_Survey_-_Wave_3	urn:ddi:uk.cls.nextsteps:8def2f2e-a807-4569-a7dc-d70f9c68a623:1	TRUSTPOLP	qi_TRUSTPOLP	On a scale from 0-10 where 0 means you are 'not at all trusting' and 10 means you are 'extremely trusting', how trusting are you that British Governments, of any party, place the needs of the nation above the needs of their own political party?		cs_qTRUST	1|0: Not at all trusting. 2|1. 3|2. 4|3. 5|4. 6|5. 7|6. 8|7. 9|8. 10|9. 11|10: Extremely trusting. -8|Don't Know. -9|Don't want to answer				
urn:ddi:uk.cls.nextsteps:82b7a6c9-47ea-4ee5-98fb-4cd5958c4076:1	Next_Steps_Age_30_COVID-19_Survey_-_Wave_3	urn:ddi:uk.cls.nextsteps:8e08186c-1da7-42e5-8d19-781b18a8cc52:1	NUMCHIL	qi_NUMCHIL	How many of your children do you currently live with?	Please include adult children, step-children, adopted children, foster children or any other children you consider yourself parent to.		How many I				
urn:ddi:uk.cls.nextsteps:82b7a6c9-47ea-4ee5-98fb-4cd5958c4076:1	Next_Steps_Age_30_COVID-19_Survey_-_Wave_3	urn:ddi:uk.cls.nextsteps:91c4905d-09a0-4628-b87f-5fd56b2d9d5b:1	TWITR	qi_TWITR	We would like to collect some information from you about your social media accounts that may allow us to get in touch with you in the future, in case you move from the address we have on record for you. We will only use your social media accounts as a way to get in contact with you about the study. We will contact you privately (e.g. via direct messages), so nobody else will know you are in the study. Your social media account information will not be shared with anyone outside of the study team. Are you willing to tell us the username of your personal Twitter account, so that we can use it to contact you in the future?		cs_qTWITR	1|Yes. 2|No. 3|I do not have a personal Twitter account. -8|Don't Know. -9|Don't want to answer				
urn:ddi:uk.cls.nextsteps:82b7a6c9-47ea-4ee5-98fb-4cd5958c4076:1	Next_Steps_Age_30_COVID-19_Survey_-_Wave_3	urn:ddi:uk.cls.nextsteps:9387e67a-460e-4de4-bcb8-c6c3a6b2b2f6:1	FACEBKNM SFT(CHK)	qi_FACEBKNM_SFT_CHK	You've put {#FACEBKNM} as your Facebook username, is this correct? If this is correct, select 'Continue'. Otherwise please go back and amend your answer.		cs_Continue	1|Continue				
urn:ddi:uk.cls.nextsteps:82b7a6c9-47ea-4ee5-98fb-4cd5958c4076:1	Next_Steps_Age_30_COVID-19_Survey_-_Wave_3	urn:ddi:uk.cls.nextsteps:955ad929-f727-4c29-be53-67ec3a8f028c:1	WORKTELCHK	qi_WORKTELCHK	The work telephone number we hold for you is: {#FFWORKTEL} Is that correct?		cs_Yes_No_DK_Dwta_UC	1|Yes. 2|No. -8|Don't Know. -9|Don't want to answer				
urn:ddi:uk.cls.nextsteps:82b7a6c9-47ea-4ee5-98fb-4cd5958c4076:1	Next_Steps_Age_30_COVID-19_Survey_-_Wave_3	urn:ddi:uk.cls.nextsteps:9647ff81-b5b9-41cc-92eb-f227da185079:1	STUDYHRS	qi_STUDYHRS	Are you studying full or part time?	If you are studying more than one course please think about the course you spend most time studying for.	cs_qSTUDYHRS	1|Full-time. 2|Part time. -8|Don't Know. -9|Don't want to answer				
urn:ddi:uk.cls.nextsteps:82b7a6c9-47ea-4ee5-98fb-4cd5958c4076:1	Next_Steps_Age_30_COVID-19_Survey_-_Wave_3	urn:ddi:uk.cls.nextsteps:96f1b392-d5d2-418f-9904-bdec7e029e93:1	OPTMSM1 3(b)	qi_OPTMSM1_3_b	How much do you agree or disagree with each of the following statements? I'm always optimistic about my future		cs_qOPTMSM1_3	1|Strongly disagree. 2|Disagree. 3|Neutral. 4|Agree. 5|Strongly agree. -8|Don't Know. -9|Don't want to answer				
urn:ddi:uk.cls.nextsteps:82b7a6c9-47ea-4ee5-98fb-4cd5958c4076:1	Next_Steps_Age_30_COVID-19_Survey_-_Wave_3	urn:ddi:uk.cls.nextsteps:97da7610-a073-43b4-86b8-97a77bcce9ad:1	SEPABAND	qi_SEPABAND	In the last 12 months, is the amount you personally took out of the business after all taxes and costs...		cs_qSEPABANDB	1|Less than £4,000. 2|£4,000 or more, less than £10,000. 3|£10,000 or more, less than £17,000. 4|£17,000 or more, less than £27,000. 5|£27,000 or more, less than £39,000. 6|More than £39,000. -8|Don't Know. -9|Don't want to answer				
urn:ddi:uk.cls.nextsteps:82b7a6c9-47ea-4ee5-98fb-4cd5958c4076:1	Next_Steps_Age_30_COVID-19_Survey_-_Wave_3	urn:ddi:uk.cls.nextsteps:98bb32b4-8b30-4eea-9198-9d7bdf4a3af8:1	SC1MN	qi_SC1MN	What is their full name - title, first name, middle name and surname? Middle name			Generic text				
urn:ddi:uk.cls.nextsteps:82b7a6c9-47ea-4ee5-98fb-4cd5958c4076:1	Next_Steps_Age_30_COVID-19_Survey_-_Wave_3	urn:ddi:uk.cls.nextsteps:99269342-fc7f-4712-855d-5ffe29c07f5f:1	WRKHOURSD	qi_WRKHOURSD	How many hours per week do you usually work now, not including meal breaks but including overtime? Please round to the nearest hour.			Hours in week				
urn:ddi:uk.cls.nextsteps:82b7a6c9-47ea-4ee5-98fb-4cd5958c4076:1	Next_Steps_Age_30_COVID-19_Survey_-_Wave_3	urn:ddi:uk.cls.nextsteps:99356959-43cd-4957-b341-b762ac3a2d15:1	P CI	qi_P_CI	Giving us your partner's full name, mobile phone number and e-mail address (if they have one) could help us find you if you change address. We will only ever contact them if we cannot reach you. We will not use this information for any other purpose. Are you happy for us to contact your partner if we cannot get in touch with you?		cs_Yes_No_DK_Dwta_UC	1|Yes. 2|No. -8|Don't Know. -9|Don't want to answer				
urn:ddi:uk.cls.nextsteps:82b7a6c9-47ea-4ee5-98fb-4cd5958c4076:1	Next_Steps_Age_30_COVID-19_Survey_-_Wave_3	urn:ddi:uk.cls.nextsteps:9a5246b0-9c40-4d27-b0e9-8826da16db85:1	MAJIMP	qi_MAJIMP	Have you experienced any other events that have had a major impact on your life since the outbreak of the Coronavirus in March 2020?		cs_Yes_No_DK_Dwta_UC	1|Yes. 2|No. -8|Don't Know. -9|Don't want to answer				
urn:ddi:uk.cls.nextsteps:82b7a6c9-47ea-4ee5-98fb-4cd5958c4076:1	Next_Steps_Age_30_COVID-19_Survey_-_Wave_3	urn:ddi:uk.cls.nextsteps:9b673715-5e45-4918-9338-730848b7cbc8:1	NOVAC	qi_NOVAC	Why have you chosen not to get vaccinated?	Please select all that apply.	cs_qNOVAC	1|Covid-19 vaccine safety not proven yet. 2|Covid-19 vaccine effectiveness not proven yet. 3|I  have had Coronavirus, so may be immune. 4|I am not worried about catching Coronavirus. 5|I distrust officials. 6|Vaccines are not safe in general. -8|Don't Know. -9|Don't want to answer				
urn:ddi:uk.cls.nextsteps:82b7a6c9-47ea-4ee5-98fb-4cd5958c4076:1	Next_Steps_Age_30_COVID-19_Survey_-_Wave_3	urn:ddi:uk.cls.nextsteps:9bed851e-dd08-4bc6-8051-8e896e7ef977:1	SC1A4	qi_SC1A4	What is their full address? Please use capital letters and leave a space between the two parts of the postcode. For example WC1H 0AL. Town *	* Indicates required fields		Generic text				
urn:ddi:uk.cls.nextsteps:82b7a6c9-47ea-4ee5-98fb-4cd5958c4076:1	Next_Steps_Age_30_COVID-19_Survey_-_Wave_3	urn:ddi:uk.cls.nextsteps:9bfaf6fc-ce59-472c-aadc-ee75538b7760:1	SATN	qi_SATN	Overall, how satisfied are you with your life nowadays, where 0 means 'not at all' and 10 means 'completely'?		cs_qSATN	1|0: Not at all satisfied. 2|1. 3|2. 4|3. 5|4. 6|5. 7|6. 8|7. 9|8. 10|9. 11|10: Completely satisfied. -8|Don't Know. -9|Don't want to answer				
urn:ddi:uk.cls.nextsteps:82b7a6c9-47ea-4ee5-98fb-4cd5958c4076:1	Next_Steps_Age_30_COVID-19_Survey_-_Wave_3	urn:ddi:uk.cls.nextsteps:9e3dd48c-4b79-40b1-8976-d753352b390b:1	SCON5	qi_SCON5	In the last seven days, on how many days did you give help to people outside of your household affected by Coronavirus or the current restrictions?		cs_qSCON1	1|Every day. 2|4-6 days. 3|2-3 days. 4|1 day. 5|Never. -8|Don't Know. -9|Don't want to answer				
urn:ddi:uk.cls.nextsteps:82b7a6c9-47ea-4ee5-98fb-4cd5958c4076:1	Next_Steps_Age_30_COVID-19_Survey_-_Wave_3	urn:ddi:uk.cls.nextsteps:9eb0449f-8bc1-4c89-b084-9ccd8be95869:1	SCON4	qi_SCON4	In the last seven days, on how many days did you take part in an online community activity, e.g. an online community group, online chat group, street or neighbourhood social media group?		cs_qSCON1	1|Every day. 2|4-6 days. 3|2-3 days. 4|1 day. 5|Never. -8|Don't Know. -9|Don't want to answer				
urn:ddi:uk.cls.nextsteps:82b7a6c9-47ea-4ee5-98fb-4cd5958c4076:1	Next_Steps_Age_30_COVID-19_Survey_-_Wave_3	urn:ddi:uk.cls.nextsteps:9ecf1281-e832-4162-b51f-a1a7819c0aff:1	STUDYYEARN	qi_STUDYYEARN	Which year of the course are you in?	If you are studying more than one course please think about the course you spend most time studying for.	cs_qSTUDYYEARN	1|First year. 2|Second year. 3|Third year. 4|Fourth year. 5|Other (please specify). -8|Don't Know. -9|Don't want to answer				
urn:ddi:uk.cls.nextsteps:82b7a6c9-47ea-4ee5-98fb-4cd5958c4076:1	Next_Steps_Age_30_COVID-19_Survey_-_Wave_3	urn:ddi:uk.cls.nextsteps:a1919a1f-78a2-447e-88cc-24817c7af46b:1	PJDOBCHK	qi_PJDOBCHK	The answer you've given is quite short. Before continuing, please go back and check your answer to make sure you have fully described what your partner does in their job.		cs_Continue	1|Continue				
urn:ddi:uk.cls.nextsteps:82b7a6c9-47ea-4ee5-98fb-4cd5958c4076:1	Next_Steps_Age_30_COVID-19_Survey_-_Wave_3	urn:ddi:uk.cls.nextsteps:a286c405-16b3-4499-a383-d3976ff9c869:1	STUHRS	qi_STUHRS	On a typical day since the start of the current term in January (when they were not attending school or college in person), how many hours on average did they spend doing schoolwork/studying?	Please round to the nearest hour.		Hours in day				
urn:ddi:uk.cls.nextsteps:82b7a6c9-47ea-4ee5-98fb-4cd5958c4076:1	Next_Steps_Age_30_COVID-19_Survey_-_Wave_3	urn:ddi:uk.cls.nextsteps:a372f101-8c24-4a7b-a1ea-b64c1ce1dafe:1	COURSEDUR 5(TEXT)	qi_COURSEDUR_5_TEXT	What is the duration of your course?			Other				
urn:ddi:uk.cls.nextsteps:82b7a6c9-47ea-4ee5-98fb-4cd5958c4076:1	Next_Steps_Age_30_COVID-19_Survey_-_Wave_3	urn:ddi:uk.cls.nextsteps:a4dcdd7f-d213-4ccb-a268-954a1cc3eaec:1	SHIELD	qi_SHIELD	Did you at any time receive a letter or text message from the NHS or Chief Medical Officer saying that you have been identified as someone at risk of severe illness if you catch Coronavirus, because you have an underlying disease or health condition?		cs_Yes_No_DK_Dwta_UC	1|Yes. 2|No. -8|Don't Know. -9|Don't want to answer				
urn:ddi:uk.cls.nextsteps:82b7a6c9-47ea-4ee5-98fb-4cd5958c4076:1	Next_Steps_Age_30_COVID-19_Survey_-_Wave_3	urn:ddi:uk.cls.nextsteps:a624164d-75d6-4fb7-899a-6b1200cb880c:1	NAMECHK NEW(a)	qi_NAMECHK_NEW_a	Please enter your full name - title, first name, middle name and surname. Title			Generic text				
urn:ddi:uk.cls.nextsteps:82b7a6c9-47ea-4ee5-98fb-4cd5958c4076:1	Next_Steps_Age_30_COVID-19_Survey_-_Wave_3	urn:ddi:uk.cls.nextsteps:a68daf9a-023f-4503-a6f1-42af808c600f:1	OPTMSM1 3(c)	qi_OPTMSM1_3_c	How much do you agree or disagree with each of the following statements? Overall, I expect more good things to happen to me than bad		cs_qOPTMSM1_3	1|Strongly disagree. 2|Disagree. 3|Neutral. 4|Agree. 5|Strongly agree. -8|Don't Know. -9|Don't want to answer				
urn:ddi:uk.cls.nextsteps:82b7a6c9-47ea-4ee5-98fb-4cd5958c4076:1	Next_Steps_Age_30_COVID-19_Survey_-_Wave_3	urn:ddi:uk.cls.nextsteps:a6fd57f4-adbe-428d-9f9e-5119e65c932f:1	JTITLEB2	qi_JTITLEB2	What was your job title at that time?			Generic text				
urn:ddi:uk.cls.nextsteps:82b7a6c9-47ea-4ee5-98fb-4cd5958c4076:1	Next_Steps_Age_30_COVID-19_Survey_-_Wave_3	urn:ddi:uk.cls.nextsteps:a7cbd548-9dbd-438d-81e3-b719bbc49a49:1	WGHTKG	qi_WGHTKG	What is your weight in kilograms?			Kilograms				
urn:ddi:uk.cls.nextsteps:82b7a6c9-47ea-4ee5-98fb-4cd5958c4076:1	Next_Steps_Age_30_COVID-19_Survey_-_Wave_3	urn:ddi:uk.cls.nextsteps:aaced957-3466-4841-97cc-52c55cb0a04c:1	SC1RELOR SFT(CHCK)	qi_SC1RELOR_SFT_CHCK_1	This is a short answer, if you would like to add more information you can go back, otherwise please click 'Continue		cs_Continue	1|Continue				
urn:ddi:uk.cls.nextsteps:82b7a6c9-47ea-4ee5-98fb-4cd5958c4076:1	Next_Steps_Age_30_COVID-19_Survey_-_Wave_3	urn:ddi:uk.cls.nextsteps:acbe4359-3bb0-4bb7-9ba1-64c8ba1ad0c1:1	STUHEL	qi_STUHEL	On a typical day in the since the start of the current term in January (when they were not attending school in person), how many hours on average did you spend helping them with their school work or studies?	Please round to the nearest hour.		Hours in day				
urn:ddi:uk.cls.nextsteps:82b7a6c9-47ea-4ee5-98fb-4cd5958c4076:1	Next_Steps_Age_30_COVID-19_Survey_-_Wave_3	urn:ddi:uk.cls.nextsteps:acf48dd6-f372-4eec-a576-84224b898ced:1	SC1RELA	qi_SC1RELA	How is this person related to you?		cs_qSC1RELA	5|Parent. 1|Sibling. 2|Other relative (please describe). 3|Friend. 4|Other (please describe). -8|Don't Know. -9|Don't want to answer				
urn:ddi:uk.cls.nextsteps:82b7a6c9-47ea-4ee5-98fb-4cd5958c4076:1	Next_Steps_Age_30_COVID-19_Survey_-_Wave_3	urn:ddi:uk.cls.nextsteps:adc607d0-7e0c-4692-8a58-1e5d0ef30a3a:1	WGHTSTP 2	qi_WGHTSTP_2	Please enter your weight in stones and pounds. Please enter pounds.			Pounds in stone				
urn:ddi:uk.cls.nextsteps:82b7a6c9-47ea-4ee5-98fb-4cd5958c4076:1	Next_Steps_Age_30_COVID-19_Survey_-_Wave_3	urn:ddi:uk.cls.nextsteps:ae5d5343-824a-41ec-b781-6c813b6052f0:1	PMEDDIFW	qi_PMEDDIFW	Why did you have difficulty obtaining your prescribed medication?	Please select all that apply.	cs_qPMEDDIFW	1|My medication was not available because of a shortage of supply. 2|My medication was available but neither I, nor anyone I know, was able to collect it. 3|Other reason. -8|Don't know. -9|Don't want to answer				
urn:ddi:uk.cls.nextsteps:82b7a6c9-47ea-4ee5-98fb-4cd5958c4076:1	Next_Steps_Age_30_COVID-19_Survey_-_Wave_3	urn:ddi:uk.cls.nextsteps:ae6407a9-0973-4068-a02a-da6b313bbcfb:1	SCYEAREW	qi_SCYEAREW	What year are they in?		cs_qSCYEAREW	1|Reception. 2|Year 1. 3|Year 2. 4|Year 3. 5|Year 4. 6|Year 5. 7|Year 6. 8|Year 7. 9|Year 8. 10|Year 9. 11|Year 10. 12|Year 11. 13|Year 12. 14|Year 13. -8|Don't Know. -9|Don't want to answer				
urn:ddi:uk.cls.nextsteps:82b7a6c9-47ea-4ee5-98fb-4cd5958c4076:1	Next_Steps_Age_30_COVID-19_Survey_-_Wave_3	urn:ddi:uk.cls.nextsteps:b06ec199-e97b-487c-8d4b-0575d6f0c530:1	WRKHOURSBCHK	qi_WRKHOURSBCHK	You have said that you worked for 100 or more hours a week. If this is correct, please select 'Continue'. Otherwise please go back and amend your answer.		cs_Continue	1|Continue				
urn:ddi:uk.cls.nextsteps:82b7a6c9-47ea-4ee5-98fb-4cd5958c4076:1	Next_Steps_Age_30_COVID-19_Survey_-_Wave_3	urn:ddi:uk.cls.nextsteps:b0d9d3d6-57c1-403f-a2a5-ea91f3439991:1	SCTEL1NUKSC	qi_SCTEL1NUKSC	You have said {ANSWER AT SCTEL1NUK_N} is their telephone number. If this is correct, select 'Continue'. Otherwise please go back and amend your answer.		cs_Continue	1|Continue				
urn:ddi:uk.cls.nextsteps:82b7a6c9-47ea-4ee5-98fb-4cd5958c4076:1	Next_Steps_Age_30_COVID-19_Survey_-_Wave_3	urn:ddi:uk.cls.nextsteps:b0eda9be-b707-42c0-80a4-0ea55a8b2fae:1	WRKHOURSB2	qi_WRKHOURSB2	Just before the Coronavirus outbreak in March 2020, how many hours per week did you usually work, not including meal breaks but including overtime? Please round to the nearest hour.			Hours in week				
urn:ddi:uk.cls.nextsteps:82b7a6c9-47ea-4ee5-98fb-4cd5958c4076:1	Next_Steps_Age_30_COVID-19_Survey_-_Wave_3	urn:ddi:uk.cls.nextsteps:b2088a6d-791d-4cde-bd9c-ad02bba6470d:1	SC1A2	qi_SC1A2	What is their full address? Please use capital letters and leave a space between the two parts of the postcode. For example WC1H 0AL. Address line 2			Generic text				
urn:ddi:uk.cls.nextsteps:82b7a6c9-47ea-4ee5-98fb-4cd5958c4076:1	Next_Steps_Age_30_COVID-19_Survey_-_Wave_3	urn:ddi:uk.cls.nextsteps:b337eaf1-32f9-4994-8215-b3c17bd0b245:1	SC1RELOR SFT(CHCK)	qi_SC1RELOR_SFT_CHCK_2	This is a short answer, if you would like to add more information you can go back, otherwise please click 'Continue		cs_Continue	1|Continue				
urn:ddi:uk.cls.nextsteps:82b7a6c9-47ea-4ee5-98fb-4cd5958c4076:1	Next_Steps_Age_30_COVID-19_Survey_-_Wave_3	urn:ddi:uk.cls.nextsteps:b362d82f-76ee-479a-a459-74ddc8b21901:1	MHBEF	qi_MHBEF	In the 3 months before the Coronavirus outbreak in March 2020, in general would you say your mental health was...		cs_qGHQ	1|Excellent. 2|Very good. 3|Good. 4|Fair. 5|Poor. -8|Don't Know. -9|Don't want to answer				
urn:ddi:uk.cls.nextsteps:82b7a6c9-47ea-4ee5-98fb-4cd5958c4076:1	Next_Steps_Age_30_COVID-19_Survey_-_Wave_3	urn:ddi:uk.cls.nextsteps:b37288b9-549c-4354-9bb8-ef867bb7be2b:1	NUMROOMSSC	qi_NUMROOMSSC	You have said the number of rooms in your home is more than 20. If this is correct, press 'Continue'. Otherwise, please go back and amend your answer.		cs_Continue	1|Continue				
urn:ddi:uk.cls.nextsteps:82b7a6c9-47ea-4ee5-98fb-4cd5958c4076:1	Next_Steps_Age_30_COVID-19_Survey_-_Wave_3	urn:ddi:uk.cls.nextsteps:b4d24e12-5ffe-4bed-9c0e-87f5bdd7cbce:1	NUMROOMS	qi_NUMROOMS	How many rooms are there in the home where you are currently living, not counting kitchens, bathrooms, toilets, halls and garages?			How many I				
urn:ddi:uk.cls.nextsteps:82b7a6c9-47ea-4ee5-98fb-4cd5958c4076:1	Next_Steps_Age_30_COVID-19_Survey_-_Wave_3	urn:ddi:uk.cls.nextsteps:b4f276db-c166-498e-96e2-a528c4eda824:1	CHILNAME N	qi_CHILNAME_N	Please enter the names of the children you live with below. If you prefer, you can just give their first initial(s) or a nickname. We only need this information to help ask questions later in the survey.			Generic text				
urn:ddi:uk.cls.nextsteps:82b7a6c9-47ea-4ee5-98fb-4cd5958c4076:1	Next_Steps_Age_30_COVID-19_Survey_-_Wave_3	urn:ddi:uk.cls.nextsteps:b544b1c7-7c52-41d4-968b-c66cfdf5ac07:1	JDOB2	qi_JDOB2	Please describe in your own words what you mainly did in this job.	Please describe in detail (for example job title and the type of work) and describe any special qualifications or training needed to do the job.		Generic text				
urn:ddi:uk.cls.nextsteps:82b7a6c9-47ea-4ee5-98fb-4cd5958c4076:1	Next_Steps_Age_30_COVID-19_Survey_-_Wave_3	urn:ddi:uk.cls.nextsteps:b5748ee3-0034-4fef-b5b7-09c8801acfcd:1	PJDOCUR	qi_PJDOCUR	Please describe in your own words what your partner mainly does in their job.	Please describe in detail (for example job title and the type of work) and describe any special qualifications or training needed to do the job.		Generic text				
urn:ddi:uk.cls.nextsteps:82b7a6c9-47ea-4ee5-98fb-4cd5958c4076:1	Next_Steps_Age_30_COVID-19_Survey_-_Wave_3	urn:ddi:uk.cls.nextsteps:b6058018-6871-4d4f-a19a-2639739ceb83:1	PATIENCE	qi_PATIENCE	On a scale from 0-10, where 0 is 'never' and 10 is 'always', how patient would you say you are?		cs_qRISK	1|0: Never. 2|1. 3|2. 4|3. 5|4. 6|5. 7|6. 8|7. 9|8. 10|9. 11|10: Always. -8|Don't Know. -9|Don't want to answer				
urn:ddi:uk.cls.nextsteps:82b7a6c9-47ea-4ee5-98fb-4cd5958c4076:1	Next_Steps_Age_30_COVID-19_Survey_-_Wave_3	urn:ddi:uk.cls.nextsteps:b6284fcc-5a78-4495-848b-62c1720f7834:1	GROAB2 ii	qi_GROAB2_ii	You have said that you receive £{GROAB2} per hour. ”}. If this is correct, please select 'Continue'. Otherwise please go back and amend your answer.		cs_Continue	1|Continue				
urn:ddi:uk.cls.nextsteps:82b7a6c9-47ea-4ee5-98fb-4cd5958c4076:1	Next_Steps_Age_30_COVID-19_Survey_-_Wave_3	urn:ddi:uk.cls.nextsteps:b78b9a02-c6d1-4225-8866-7aac9dccb7fe:1	WRKTELNUK N	qi_WRKTELNUK_N	"Please enter your work telephone number including area code.  For international numbers enter 00 at the start instead of ""+"". Your phone number should not have more than 15 digits."			Telephone International				
urn:ddi:uk.cls.nextsteps:82b7a6c9-47ea-4ee5-98fb-4cd5958c4076:1	Next_Steps_Age_30_COVID-19_Survey_-_Wave_3	urn:ddi:uk.cls.nextsteps:b983da35-1154-4ffb-9315-b3ba36ce152c:1	SC1A1	qi_SC1A1	What is their full address? Please use capital letters and leave a space between the two parts of the postcode. For example WC1H 0AL. Address line 1 *	* Indicates required fields		Generic text				
urn:ddi:uk.cls.nextsteps:82b7a6c9-47ea-4ee5-98fb-4cd5958c4076:1	Next_Steps_Age_30_COVID-19_Survey_-_Wave_3	urn:ddi:uk.cls.nextsteps:bbef96c4-0462-4cc0-8115-22277d167fc9:1	PKEYWORKERD	qi_PKEYWORKERD	Is your partner a Key worker, or has their work been classified as critical to the Covid-19 response?		cs_Yes_No_DK_Dwta_UC	1|Yes. 2|No. -8|Don't Know. -9|Don't want to answer				
urn:ddi:uk.cls.nextsteps:82b7a6c9-47ea-4ee5-98fb-4cd5958c4076:1	Next_Steps_Age_30_COVID-19_Survey_-_Wave_3	urn:ddi:uk.cls.nextsteps:bf6cb8a2-7d67-4406-850b-d805e4c85ede:1	JDOBCHK	qi_JDOBCHK	The answer you've given is quite short. Before continuing, please go back and check your answer to make sure you have fully described what you do in your job.		cs_Continue	1|Continue				
urn:ddi:uk.cls.nextsteps:82b7a6c9-47ea-4ee5-98fb-4cd5958c4076:1	Next_Steps_Age_30_COVID-19_Survey_-_Wave_3	urn:ddi:uk.cls.nextsteps:bfa62f8f-d2ab-47ba-bb59-fa585fcaaec8:1	RELSAT	qi_RELSAT	On a scale from 1 to 7, where '1' means that you are 'very unhappy' and '7' means that you are 'very happy', how happy is your relationship with your partner at the moment, all things considered?		cs_qRELSAT	1|1: Very unhappy. 2|2. 3|3. 4|4. 5|5. 6|6. 7|7: Very happy. -8|Don't Know. -9|Don't want to answer				
urn:ddi:uk.cls.nextsteps:82b7a6c9-47ea-4ee5-98fb-4cd5958c4076:1	Next_Steps_Age_30_COVID-19_Survey_-_Wave_3	urn:ddi:uk.cls.nextsteps:c1b68131-a3f5-4c0e-bbf1-daa731bb26c4:1	SC1A PERMIT	qi_SC1A_PERMIT	Would you be willing to provide their address?		cs_Yes_No_DK_Dwta_UC	1|Yes. 2|No. -8|Don't Know. -9|Don't want to answer				
urn:ddi:uk.cls.nextsteps:82b7a6c9-47ea-4ee5-98fb-4cd5958c4076:1	Next_Steps_Age_30_COVID-19_Survey_-_Wave_3	urn:ddi:uk.cls.nextsteps:c2827f93-f752-4e6c-a70e-d00ce4e1be29:1	GROA ii	qi_GROA_ii	You have said that you receive £{GROA} per hour. ”}. Are you sure this is correct? If you need to change your answer please go back and do so.		cs_Continue	1|Continue				
urn:ddi:uk.cls.nextsteps:82b7a6c9-47ea-4ee5-98fb-4cd5958c4076:1	Next_Steps_Age_30_COVID-19_Survey_-_Wave_3	urn:ddi:uk.cls.nextsteps:c357a45b-ee9b-4368-88f6-17bbd9be3b6c:1	SC1A3	qi_SC1A3	What is their full address? Please use capital letters and leave a space between the two parts of the postcode. For example WC1H 0AL. Address line 3			Generic text				
urn:ddi:uk.cls.nextsteps:82b7a6c9-47ea-4ee5-98fb-4cd5958c4076:1	Next_Steps_Age_30_COVID-19_Survey_-_Wave_3	urn:ddi:uk.cls.nextsteps:c493dd22-fd9f-4353-bee5-d05bdb2609d7:1	P FULLNAME(b)	qi_P_FULLNAME_b	Please enter their title, first name and surname. First name			Generic text				
urn:ddi:uk.cls.nextsteps:82b7a6c9-47ea-4ee5-98fb-4cd5958c4076:1	Next_Steps_Age_30_COVID-19_Survey_-_Wave_3	urn:ddi:uk.cls.nextsteps:c49bf21c-fdec-4049-90a1-7182bbb53cf3:1	TENCHANGE	qi_TENCHANGE	You said you IF TENURE =1 [own your home outright], TENURE =2 [own your home with a mortgage/loan], TENURE =3 [pay part rent and part mortgage], TENURE =4 [rent], TENURE =5 [live rent-free], TENURE =6 [are squatting] TENURE =7 [have some other arrangement], has this changed since the start of the Coronavirus outbreak in March 2020?		cs_Yes_No_DK_Dwta_UC	1|Yes. 2|No. -8|Don't Know. -9|Don't want to answer				
urn:ddi:uk.cls.nextsteps:82b7a6c9-47ea-4ee5-98fb-4cd5958c4076:1	Next_Steps_Age_30_COVID-19_Survey_-_Wave_3	urn:ddi:uk.cls.nextsteps:c5ad564a-798b-4072-9fca-d831a5e7f4f5:1	EMUPDAT	qi_EMUPDAT	"{IF NO EMAIL IN SAMPLE FILE: Thank you. We would like to make sure that we hold the best email address to use to contact you.} Please enter below the best email address to use to contact you in the future.
"			Generic text				
urn:ddi:uk.cls.nextsteps:82b7a6c9-47ea-4ee5-98fb-4cd5958c4076:1	Next_Steps_Age_30_COVID-19_Survey_-_Wave_3	urn:ddi:uk.cls.nextsteps:c611cc73-bb28-46b1-a8fc-87091fcdddf1:1	P Tel(UK)	qi_P_Tel_UK	Please enter their mobile phone number. UK phone numbers start with 0 and are 10 or 11 digits	UK phone numbers start with 0 and are 10 or 11 digits		Telephone				
urn:ddi:uk.cls.nextsteps:82b7a6c9-47ea-4ee5-98fb-4cd5958c4076:1	Next_Steps_Age_30_COVID-19_Survey_-_Wave_3	urn:ddi:uk.cls.nextsteps:c61c1ef6-5654-4a4f-b2de-44f5a7b19e28:1	OPTMSM1 3(a)	qi_OPTMSM1_3_a	How much do you agree or disagree with each of the following statements? In uncertain times, I usually expect the best		cs_qOPTMSM1_3	1|Strongly disagree. 2|Disagree. 3|Neutral. 4|Agree. 5|Strongly agree. -8|Don't Know. -9|Don't want to answer				
urn:ddi:uk.cls.nextsteps:82b7a6c9-47ea-4ee5-98fb-4cd5958c4076:1	Next_Steps_Age_30_COVID-19_Survey_-_Wave_3	urn:ddi:uk.cls.nextsteps:c626ac0e-4d45-4918-9569-724428bd665c:1	SCREENTIM A	qi_SCREENTIM_A	On a typical weekday in the last week, how much time have you spent in front of a screen? Please tell us separately about the time you have spent on a screen for work or study and the time you have spent on a screen whilst not working or studying. Please include time spent on all devices including computers, laptops, tablets, phones or TV. For work or study		cs_qSCREENTIM	1|No time. 2|Less than 1 hour. 3|More than 1 hour, less than 2 hours. 4|More than 2 hours, less than 4 hours. 5|More than 4 hours, less than 6 hours. 6|More than 6 hours, less than 8 hours. 7|More than 8 hours, less than 10 hours. 8|10 hours or more				
urn:ddi:uk.cls.nextsteps:82b7a6c9-47ea-4ee5-98fb-4cd5958c4076:1	Next_Steps_Age_30_COVID-19_Survey_-_Wave_3	urn:ddi:uk.cls.nextsteps:c792c7d6-2ce9-4513-9c65-d0f8d5fe8d9d:1	NAMECHK	qi_NAMECHK	Is {FFTITLE} {FFFIRSTNAME } {FFMIDDLENAME } {FFSURNAME} your full name?		cs_Yes_No_DK_Dwta_UC	1|Yes. 2|No. -8|Don't Know. -9|Don't want to answer				
urn:ddi:uk.cls.nextsteps:82b7a6c9-47ea-4ee5-98fb-4cd5958c4076:1	Next_Steps_Age_30_COVID-19_Survey_-_Wave_3	urn:ddi:uk.cls.nextsteps:c9ea1f38-206d-458a-bd4a-37c929ddecb7:1	JMAKEB2	qi_JMAKEB2	{IF ECONACTIVITYB2 = 1,3,4: “What did the firm or organisation you work for mainly make or do?” IF ECONACTIVTYB2 = 2: What did your firm or organisation mainly make or do?			Generic text				
urn:ddi:uk.cls.nextsteps:82b7a6c9-47ea-4ee5-98fb-4cd5958c4076:1	Next_Steps_Age_30_COVID-19_Survey_-_Wave_3	urn:ddi:uk.cls.nextsteps:cacfa725-c77f-40da-8a50-4c75232d8c32:1	SCON3	qi_SCON3	In the last seven days, on how many days did you keep in contact with family or friends you do not live with by email or text or other electronic messaging?		cs_qSCON1	1|Every day. 2|4-6 days. 3|2-3 days. 4|1 day. 5|Never. -8|Don't Know. -9|Don't want to answer				
urn:ddi:uk.cls.nextsteps:82b7a6c9-47ea-4ee5-98fb-4cd5958c4076:1	Next_Steps_Age_30_COVID-19_Survey_-_Wave_3	urn:ddi:uk.cls.nextsteps:cbcd35bd-59fc-4014-ad8f-de22722e7bee:1	WRKTELNUKSC	qi_WRKTELNUKSC	You have said {ANSWER AT WRKTELNUK_N} is your telephone number. If this is correct, select 'Continue'. Otherwise please go back and amend your answer.		cs_Continue	1|Continue				
urn:ddi:uk.cls.nextsteps:82b7a6c9-47ea-4ee5-98fb-4cd5958c4076:1	Next_Steps_Age_30_COVID-19_Survey_-_Wave_3	urn:ddi:uk.cls.nextsteps:cc3c136b-019b-4920-bb26-e82ba2698fb1:1	FACEBK	qi_FACEBK	Are you willing to tell us the username of your personal Facebook account, so that we can use it to contact you in the future?		cs_qFACEBK	1|Yes. 2|No. 3|I do not have a personal Facebook account. -8|Don't Know. -9|Don't want to answer				
urn:ddi:uk.cls.nextsteps:82b7a6c9-47ea-4ee5-98fb-4cd5958c4076:1	Next_Steps_Age_30_COVID-19_Survey_-_Wave_3	urn:ddi:uk.cls.nextsteps:cd645eda-828c-4407-bf6a-de40a325ad10:1	SC1TEMANSC	qi_SC1TEMANSC	You have said {ANSWER AT SC1TEMAN} is their e-mail address. If this is correct, select 'Continue'. Otherwise please go back and amend your answer.		cs_Continue	1|Continue				
urn:ddi:uk.cls.nextsteps:82b7a6c9-47ea-4ee5-98fb-4cd5958c4076:1	Next_Steps_Age_30_COVID-19_Survey_-_Wave_3	urn:ddi:uk.cls.nextsteps:cd76f59b-1cd6-4671-b9ae-f551023d3333:1	JTITLECUR	qi_JTITLECUR	What is your job title?			Generic text				
urn:ddi:uk.cls.nextsteps:82b7a6c9-47ea-4ee5-98fb-4cd5958c4076:1	Next_Steps_Age_30_COVID-19_Survey_-_Wave_3	urn:ddi:uk.cls.nextsteps:ce545439-8e6f-4443-9693-ee726484a773:1	SC1FN	qi_SC1FN	What is their full name - title, first name, middle name and surname? First name			Generic text				
urn:ddi:uk.cls.nextsteps:82b7a6c9-47ea-4ee5-98fb-4cd5958c4076:1	Next_Steps_Age_30_COVID-19_Survey_-_Wave_3	urn:ddi:uk.cls.nextsteps:cec1420d-ea47-42e1-abfb-252e6a20cb69:1	WRKHOURSDCHK	qi_WRKHOURSDCHK	You have said that you work for 100 or more hours a week. If this is correct, please select 'Continue'. Otherwise please go back and amend your answer.		cs_Continue	1|Continue				
urn:ddi:uk.cls.nextsteps:82b7a6c9-47ea-4ee5-98fb-4cd5958c4076:1	Next_Steps_Age_30_COVID-19_Survey_-_Wave_3	urn:ddi:uk.cls.nextsteps:cfccde45-48e9-4d06-a27f-c955100b0b23:1	OPEN	qi_OPEN	Please use the space below to express in your own words the main ways the Coronavirus outbreak has affected your life and/or your loved ones so far, and what you think the effects might be in the future. You can write as much or little as you like, and cover any topic you choose.			Long text				
urn:ddi:uk.cls.nextsteps:82b7a6c9-47ea-4ee5-98fb-4cd5958c4076:1	Next_Steps_Age_30_COVID-19_Survey_-_Wave_3	urn:ddi:uk.cls.nextsteps:cff01457-8c2a-47ed-9223-28e015bd18d7:1	SEPACHK	qi_SEPACHK	You have said your income is more than £100,000. If this is correct, please select 'Continue'. Otherwise please go back and amend your answer.		cs_Continue	1|Continue				
urn:ddi:uk.cls.nextsteps:82b7a6c9-47ea-4ee5-98fb-4cd5958c4076:1	Next_Steps_Age_30_COVID-19_Survey_-_Wave_3	urn:ddi:uk.cls.nextsteps:d008b3a2-2bda-4662-aa0b-a3d8bcf5d74c:1	WEIGHT	qi_WEIGHT	The next question is about your weight. Would you prefer to report your weight in kilograms or stones and pounds?		cs_qWEIGHT	1|Kilograms. 2|Stones and Pounds. 3|I do not wish to report my weight				
urn:ddi:uk.cls.nextsteps:82b7a6c9-47ea-4ee5-98fb-4cd5958c4076:1	Next_Steps_Age_30_COVID-19_Survey_-_Wave_3	urn:ddi:uk.cls.nextsteps:d0263479-9e64-43f9-98b5-6a09550aa334:1	WGHTSTP 1	qi_WGHTSTP_1	Please enter your weight in stones and pounds. Please enter stones.			Stones				
urn:ddi:uk.cls.nextsteps:82b7a6c9-47ea-4ee5-98fb-4cd5958c4076:1	Next_Steps_Age_30_COVID-19_Survey_-_Wave_3	urn:ddi:uk.cls.nextsteps:d1091b41-4aa1-4db0-be03-4583a6ab4e6c:1	NHSTRACE	qi_NHSTRACE	Have you downloaded the NHS COVID 19 Test and Trace App?		cs_qNHSTRACE	1|Yes. 2|No. 3|Unable as do not have suitable device. -8|Don't know. -9|Don't want to answer				
urn:ddi:uk.cls.nextsteps:82b7a6c9-47ea-4ee5-98fb-4cd5958c4076:1	Next_Steps_Age_30_COVID-19_Survey_-_Wave_3	urn:ddi:uk.cls.nextsteps:d2b49db5-b0d5-490b-ac1b-0674a36c54ba:1	SC1SN	qi_SC1SN	What is their full name - title, first name, middle name and surname? Surname			Generic text				
urn:ddi:uk.cls.nextsteps:82b7a6c9-47ea-4ee5-98fb-4cd5958c4076:1	Next_Steps_Age_30_COVID-19_Survey_-_Wave_3	urn:ddi:uk.cls.nextsteps:d510c414-33cb-4da9-b6d6-c75a8433e115:1	MOBTELNUKSC	qi_MOBTELNUKSC	You have said {ANSWER AT MOBTELNUK_N} is your telephone number. If this is correct, select 'Continue'. Otherwise please go back and amend your answer.		cs_Continue	1|Continue				
urn:ddi:uk.cls.nextsteps:82b7a6c9-47ea-4ee5-98fb-4cd5958c4076:1	Next_Steps_Age_30_COVID-19_Survey_-_Wave_3	urn:ddi:uk.cls.nextsteps:d70f8da5-3940-4987-8007-d8863da31f7f:1	SCTEL1NNUK N	qi_SCTEL1NNUK_N	"Please enter their telephone number including area code. For international numbers enter 00 at the start instead of ""+"". Their phone number should not have more than 15 digits."			Telephone International				
urn:ddi:uk.cls.nextsteps:82b7a6c9-47ea-4ee5-98fb-4cd5958c4076:1	Next_Steps_Age_30_COVID-19_Survey_-_Wave_3	urn:ddi:uk.cls.nextsteps:d836b889-2e8f-44f4-803c-1fb2755f59eb:1	NAMECHK NEW(b)	qi_NAMECHK_NEW_b	Please enter your full name - title, first name, middle name and surname. First name			Generic text				
urn:ddi:uk.cls.nextsteps:82b7a6c9-47ea-4ee5-98fb-4cd5958c4076:1	Next_Steps_Age_30_COVID-19_Survey_-_Wave_3	urn:ddi:uk.cls.nextsteps:d879e340-3a62-4ba7-a489-07f57351a090:1	PMED	qi_PMED	At the time of the Coronavirus outbreak in March 2020, were you taking any prescribed medication or have you been prescribed any medication since then?		cs_Yes_No_DK_Dwta_UC	1|Yes. 2|No. -8|Don't Know. -9|Don't want to answer				
urn:ddi:uk.cls.nextsteps:82b7a6c9-47ea-4ee5-98fb-4cd5958c4076:1	Next_Steps_Age_30_COVID-19_Survey_-_Wave_3	urn:ddi:uk.cls.nextsteps:e1fd44c1-745f-42ea-a35f-381397aa9179:1	ADDCHK	qi_ADDCHK	The address we have on record for you is: {FFADDRESSLINE1} {FFADDRESSLINE2} {FFADDRESSLINE3} {FFTOWN} {FFCOUNTY} {FFPOSTCODE} Is that correct and complete? If not, please select 'No' to update address or add any missing information.		cs_Yes_No_DK_Dwta_UC	1|Yes. 2|No. -8|Don't Know. -9|Don't want to answer				
urn:ddi:uk.cls.nextsteps:82b7a6c9-47ea-4ee5-98fb-4cd5958c4076:1	Next_Steps_Age_30_COVID-19_Survey_-_Wave_3	urn:ddi:uk.cls.nextsteps:e2c8ffb3-c222-4b49-ba8f-18e15e8b3cb6:1	HHINCA i	qi_HHINCA_i	You have said that you receive £{HHINCA} {IF HHINCP = 1: “per week”; IF HHINCP = 2 “every two weeks”:; IF HHINCP =3: “every month”; IF HHINCP = 4: “per year”}. If this is correct, please select 'Continue'. Otherwise please go back and amend your answer.		cs_Continue	1|Continue				
urn:ddi:uk.cls.nextsteps:82b7a6c9-47ea-4ee5-98fb-4cd5958c4076:1	Next_Steps_Age_30_COVID-19_Survey_-_Wave_3	urn:ddi:uk.cls.nextsteps:e4108a42-66b0-45e8-ba47-25b618c27536:1	JDOCUR	qi_JDOCUR	Please describe in your own words what you mainly do in your job.	Please describe in detail (for example job title and the type of work) and describe any special qualifications or training needed to do the job.		Generic text				
urn:ddi:uk.cls.nextsteps:82b7a6c9-47ea-4ee5-98fb-4cd5958c4076:1	Next_Steps_Age_30_COVID-19_Survey_-_Wave_3	urn:ddi:uk.cls.nextsteps:e4380e64-8827-4b17-91cf-d9e6ae6b1db1:1	PJDOBCHK2	qi_PJDOBCHK2	The answer you've given is quite short. Before continuing, please go back and check your answer to make sure you have fully described what your partner mainly did in this job.		cs_Continue	1|Continue				
urn:ddi:uk.cls.nextsteps:82b7a6c9-47ea-4ee5-98fb-4cd5958c4076:1	Next_Steps_Age_30_COVID-19_Survey_-_Wave_3	urn:ddi:uk.cls.nextsteps:e52b65b3-8f58-4fc5-be2a-2c8d6c640e54:1	MEMORY	qi_MEMORY	How is your memory?		cs_qMEMORY	1|Better than usual. 2|No worse than usual. 3|Worse than usual. 4|Much worse than usual. -8|Don't know. -9|Don't want to answer				
urn:ddi:uk.cls.nextsteps:82b7a6c9-47ea-4ee5-98fb-4cd5958c4076:1	Next_Steps_Age_30_COVID-19_Survey_-_Wave_3	urn:ddi:uk.cls.nextsteps:e5ead98f-5b79-4d28-aff4-809bdf8e8849:1	SC1TELCHK1	qi_SC1TELCHK1	The {IF FFSC1T2PHONENUMBER = RESPONSE: first} telephone number we hold for them is {FFSC1T1PHONENUMBER}? Is that correct?		cs_Yes_No_DK_Dwta_UC	1|Yes. 2|No. -8|Don't Know. -9|Don't want to answer				
urn:ddi:uk.cls.nextsteps:82b7a6c9-47ea-4ee5-98fb-4cd5958c4076:1	Next_Steps_Age_30_COVID-19_Survey_-_Wave_3	urn:ddi:uk.cls.nextsteps:e8492b7e-83dc-4401-b3a2-c3c0a2038de7:1	SC1NAMECHK	qi_SC1NAMECHK	We'd now like to check their details so that we could get in touch with them if we are trying to contact you about Next Steps. We will never pass on their contact details to anyone outside of the study team. Is {#FFSC1TITLE}{#FFSC1FIRSTNAME}{#FFSC1MIDDLENAME}{#FFSC1SURNAME} their full name?		cs_Yes_No_DK_Dwta_UC	1|Yes. 2|No. -8|Don't Know. -9|Don't want to answer				
urn:ddi:uk.cls.nextsteps:82b7a6c9-47ea-4ee5-98fb-4cd5958c4076:1	Next_Steps_Age_30_COVID-19_Survey_-_Wave_3	urn:ddi:uk.cls.nextsteps:e87693f6-18ee-4e02-acf6-fd04e90268dd:1	P FULLNAME(a)	qi_P_FULLNAME_a	Please enter their title, first name and surname. Title			Generic text				
urn:ddi:uk.cls.nextsteps:82b7a6c9-47ea-4ee5-98fb-4cd5958c4076:1	Next_Steps_Age_30_COVID-19_Survey_-_Wave_3	urn:ddi:uk.cls.nextsteps:e8778394-cae0-4df5-b03a-aede458f1d6d:1	GROAB i	qi_GROAB_i	You have said that you received £{GROAB} {IF GROPB = 2: “per week”; IF GROPB= 3 “every two weeks”:; IF GROPB = 4: “every month”; IF GROPB = 5: “per year”}. If this is correct, please select 'Continue'. Otherwise please go back and amend your answer.		cs_Continue	1|Continue				
urn:ddi:uk.cls.nextsteps:82b7a6c9-47ea-4ee5-98fb-4cd5958c4076:1	Next_Steps_Age_30_COVID-19_Survey_-_Wave_3	urn:ddi:uk.cls.nextsteps:e8a1b656-d8d2-4fe5-b36a-0299bb0db902:1	VAPESP	qi_VAPESP	In the last four weeks, has the amount you have been using an electronic cigarette or vaping device changed?		cs_qVAPESP	1|Yes - I have used an electronic cigarette or vaping device more often. 2|Yes - I have used an electronic cigarette or vaping device less often. 3|No. -8|Don't Know. -9|Don't want to answer				
urn:ddi:uk.cls.nextsteps:82b7a6c9-47ea-4ee5-98fb-4cd5958c4076:1	Next_Steps_Age_30_COVID-19_Survey_-_Wave_3	urn:ddi:uk.cls.nextsteps:e8c1e6da-c36f-4850-a88a-6e416e4b9321:1	RELCONFL1	qi_RELCONFL1	In the time since the Coronavirus outbreak in March 2020, has the amount you have argued with your partner changed, compared to before the Coronavirus outbreak?		cs_qRELCONFL1	1|My partner and I have argued more often March 2020, compared to before the Coronavirus outbreak. 2|No change - same as before the Coronavirus outbreak. 3|My partner and I have argued less often since March 2020, compared to before the Coronavirus outbreak. 4|My partner and I were not together at the time of the Coronavirus outbreak. -8|Don't Know. -9|Don't want to answer				
urn:ddi:uk.cls.nextsteps:82b7a6c9-47ea-4ee5-98fb-4cd5958c4076:1	Next_Steps_Age_30_COVID-19_Survey_-_Wave_3	urn:ddi:uk.cls.nextsteps:e907e0f3-dd9e-4b6f-ad49-c4b3dc543c5f:1	WRKTELUK N	qi_WRKTELUK_N	Please enter your work number including area code. UK phone numbers start with 0 and are 10 or 11 digits			Telephone				
urn:ddi:uk.cls.nextsteps:82b7a6c9-47ea-4ee5-98fb-4cd5958c4076:1	Next_Steps_Age_30_COVID-19_Survey_-_Wave_3	urn:ddi:uk.cls.nextsteps:e9be0524-f612-4f8c-9078-a31f35c9d392:1	MOBTELUK N	qi_MOBTELUK_N	Please enter your mobile number. UK phone numbers start with 0 and are 10 or 11 digits			Telephone				
urn:ddi:uk.cls.nextsteps:82b7a6c9-47ea-4ee5-98fb-4cd5958c4076:1	Next_Steps_Age_30_COVID-19_Survey_-_Wave_3	urn:ddi:uk.cls.nextsteps:ea07b253-ad51-4247-87e1-b9c9de00b85a:1	SCTEL2NNUK N	qi_SCTEL2NNUK_N	"Please enter their telephone number including area code. For international numbers enter 00 at the start instead of ""+"". Their phone number should not have more than 15 digits."			Telephone International				
urn:ddi:uk.cls.nextsteps:82b7a6c9-47ea-4ee5-98fb-4cd5958c4076:1	Next_Steps_Age_30_COVID-19_Survey_-_Wave_3	urn:ddi:uk.cls.nextsteps:ea39103d-1867-48e3-8974-dbe32db16111:1	PREDUE	qi_PREDUE	How many weeks pregnant are you/is she?			How many I				
urn:ddi:uk.cls.nextsteps:82b7a6c9-47ea-4ee5-98fb-4cd5958c4076:1	Next_Steps_Age_30_COVID-19_Survey_-_Wave_3	urn:ddi:uk.cls.nextsteps:ebb19e3a-4976-4edc-8835-88ca0a098483:1	ADDCHKCNTY	qi_ADDCHKCNTY	Please could you enter your full postal address. Please provide at least the first line of the address, the town and the postcode. Please use capital letters and leave a space between the two parts of the postcode. For example WC1H 0AL. County			Generic text				
urn:ddi:uk.cls.nextsteps:82b7a6c9-47ea-4ee5-98fb-4cd5958c4076:1	Next_Steps_Age_30_COVID-19_Survey_-_Wave_3	urn:ddi:uk.cls.nextsteps:ecd767de-ff48-4fdb-a2cb-a0b269646a55:1	SCTYPE	qi_SCTYPE	What type of school or college are they enrolled in?		cs_qSCTYPE	1|A state school, including local authority maintained school or 6th form college, academy or free school. 2|A state grammar school. 3|An independent or private school or 6th form college (fee-paying). 4|Other. -8|Don't Know. -9|Don't want to answer				
urn:ddi:uk.cls.nextsteps:82b7a6c9-47ea-4ee5-98fb-4cd5958c4076:1	Next_Steps_Age_30_COVID-19_Survey_-_Wave_3	urn:ddi:uk.cls.nextsteps:edd09951-3d52-4a88-88d4-1388beb1ff1d:1	SC1PC	qi_SC1PC	What is their full address? Please use capital letters and leave a space between the two parts of the postcode. For example WC1H 0AL. Postcode			Generic text				
urn:ddi:uk.cls.nextsteps:82b7a6c9-47ea-4ee5-98fb-4cd5958c4076:1	Next_Steps_Age_30_COVID-19_Survey_-_Wave_3	urn:ddi:uk.cls.nextsteps:ef4a8644-0ad9-4e7b-8089-159c07579acb:1	SUBJECT	qi_SUBJECT	What subject are you currently studying?	If you are studying more than one course please think about the course you spend most time studying for.		Generic text				
urn:ddi:uk.cls.nextsteps:82b7a6c9-47ea-4ee5-98fb-4cd5958c4076:1	Next_Steps_Age_30_COVID-19_Survey_-_Wave_3	urn:ddi:uk.cls.nextsteps:f1910fd5-86ed-4e7b-ba82-f93016ca6434:1	TIREDGRID a	qi_TIREDGRID_a	In the past few weeks have you been troubled by... Waking up tired?		cs_qTIREDGRID	1|Rarely. 2|Some of the time. 3|A good part of the time. 4|Most of the time. -8|Don't know. -9|Don't want to answer				
urn:ddi:uk.cls.nextsteps:82b7a6c9-47ea-4ee5-98fb-4cd5958c4076:1	Next_Steps_Age_30_COVID-19_Survey_-_Wave_3	urn:ddi:uk.cls.nextsteps:f1f182f3-632e-4c10-b589-7248272ceb5f:1	GROA i	qi_GROA_i	You have said that you receive £{GROA} {IF GROP = 2: “per week”; IF GROP= 3 “every two weeks”:; IF GROP = 4: “every month”; IF GROP = 5: “per year”}. Are you sure this is correct? If you need to change your answer please go back and do so.		cs_Continue	1|Continue				
urn:ddi:uk.cls.nextsteps:82b7a6c9-47ea-4ee5-98fb-4cd5958c4076:1	Next_Steps_Age_30_COVID-19_Survey_-_Wave_3	urn:ddi:uk.cls.nextsteps:f25c16a1-362c-403a-9efe-5401b40e3337:1	HHINCAB i	qi_HHINCAB_i	You have said that you receive £{HHINCAB} {IF HHINCBP = 1: “per week”; IF HHINCBP = 2 “every two weeks”:; IF HHINCBP =3: “every month”; IF HHINCBP = 4: “per year”}. If this is correct, please select 'Continue'. Otherwise please go back and amend your answer.		cs_Continue	1|Continue				
urn:ddi:uk.cls.nextsteps:82b7a6c9-47ea-4ee5-98fb-4cd5958c4076:1	Next_Steps_Age_30_COVID-19_Survey_-_Wave_3	urn:ddi:uk.cls.nextsteps:f482b5b8-83f0-4338-b4fb-f6f4db0db719:1	NOSCHL	qi_NOSCHL	During the autumn term, that is between the end of the summer holiday and the start of the Christmas holiday 2020, was there any time when your child was unable to attend school or college in person?		cs_qCOVNEWILL	1|Yes. 2|No. -8|Don't know. -9|Don't want to answer				
urn:ddi:uk.cls.nextsteps:82b7a6c9-47ea-4ee5-98fb-4cd5958c4076:1	Next_Steps_Age_30_COVID-19_Survey_-_Wave_3	urn:ddi:uk.cls.nextsteps:f6045875-7216-4df8-a137-ee9798d0171a:1	SEPA	qi_SEPA	We know that it is sometimes difficult for self-employed people to give an exact figure for their income, but could you please think about your take home income in the last 12 months. That is, the amount you personally took out of the business after all taxes and costs. About how much is this? If you don't know the precise amount it would be very helpful if you could provide your best estimate. £			Range: 0-1000000				
urn:ddi:uk.cls.nextsteps:82b7a6c9-47ea-4ee5-98fb-4cd5958c4076:1	Next_Steps_Age_30_COVID-19_Survey_-_Wave_3	urn:ddi:uk.cls.nextsteps:f63dc10a-daea-4ee7-960a-de43c34482c3:1	INSTAGRMNM	qi_INSTAGRMNM	What is your Instagram username (e.g. nextstepsstudy)? To find your Instagram username in the app, click on your profile icon at the bottom right hand side of the screen, and your username will then be displayed at the top middle of the screen.			Generic text				
urn:ddi:uk.cls.nextsteps:82b7a6c9-47ea-4ee5-98fb-4cd5958c4076:1	Next_Steps_Age_30_COVID-19_Survey_-_Wave_3	urn:ddi:uk.cls.nextsteps:f6a8f602-e19c-42fa-a97a-24906abc09e2:1	STUDYYEAR TEXT	qi_STUDYYEAR_TEXT	What year of study are you in?			Other				
urn:ddi:uk.cls.nextsteps:82b7a6c9-47ea-4ee5-98fb-4cd5958c4076:1	Next_Steps_Age_30_COVID-19_Survey_-_Wave_3	urn:ddi:uk.cls.nextsteps:f6ac07ff-bf53-41c3-af0f-c45b42939b7d:1	PWRKHOURSB2CHK	qi_PWRKHOURSB2CHK	You have said that your partner worked for 100 or more hours a week. If this is correct, please select 'Continue'. Otherwise please go back and amend your answer.		cs_Continue	1|Continue				
urn:ddi:uk.cls.nextsteps:82b7a6c9-47ea-4ee5-98fb-4cd5958c4076:1	Next_Steps_Age_30_COVID-19_Survey_-_Wave_3	urn:ddi:uk.cls.nextsteps:f75da0b8-af57-42c0-b756-6a508eb4ea4e:1	ADDCHKL2	qi_ADDCHKL2	Please could you enter your full postal address. Please provide at least the first line of the address, the town and the postcode. Please use capital letters and leave a space between the two parts of the postcode. For example WC1H 0AL. Address line 2			Generic text				
urn:ddi:uk.cls.nextsteps:82b7a6c9-47ea-4ee5-98fb-4cd5958c4076:1	Next_Steps_Age_30_COVID-19_Survey_-_Wave_3	urn:ddi:uk.cls.nextsteps:f9152304-1c2a-469c-809c-1fccc6158390:1	COVIDSYMPTO	qi_COVIDSYMPTO	What were the other symptoms you experienced?			Other				
urn:ddi:uk.cls.nextsteps:82b7a6c9-47ea-4ee5-98fb-4cd5958c4076:1	Next_Steps_Age_30_COVID-19_Survey_-_Wave_3	urn:ddi:uk.cls.nextsteps:f94224d8-2a2b-414e-8b7a-be5351c3109f:1	SCTEL2NUK N	qi_SCTEL2NUK_N	Please enter their telephone number including area code. UK phone numbers start with 0 and are 10 or 11 digits.			Telephone				
urn:ddi:uk.cls.nextsteps:82b7a6c9-47ea-4ee5-98fb-4cd5958c4076:1	Next_Steps_Age_30_COVID-19_Survey_-_Wave_3	urn:ddi:uk.cls.nextsteps:fcd094ad-b32f-47a8-9bb6-2d6fcc0720cc:1	HOMETELUK N	qi_HOMETELUK_N	Please enter your home telephone number including area code. UK phone numbers start with 0 and are 10 or 11 digits			Telephone				
urn:ddi:uk.cls.nextsteps:82b7a6c9-47ea-4ee5-98fb-4cd5958c4076:1	Next_Steps_Age_30_COVID-19_Survey_-_Wave_3	urn:ddi:uk.cls.nextsteps:fd3a2b4e-ee95-4c01-9450-dcac20b3f36b:1	STUDYORGNAMEN 2	qi_STUDYORGNAMEN_2	In the boxes below please write the full name of the school, college, university or other organisation at which you are studying, and the town in which it is in: Town	If you are studying more than one course please think about the course you spend most time studying for.		Generic text				
urn:ddi:uk.cls.nextsteps:82b7a6c9-47ea-4ee5-98fb-4cd5958c4076:1	Next_Steps_Age_30_COVID-19_Survey_-_Wave_3	urn:ddi:uk.cls.nextsteps:fede0c86-ff8f-48fb-bafd-e508f083458e:1	PZEROHB	qi_PZEROHB	In this job, did your partner have a zero hours contract?		cs_Yes_No_DK_Dwta_UC	1|Yes. 2|No. -8|Don't Know. -9|Don't want to answer				
